step,time_s,escaped_count,escaped_fraction,test_case,changed_var,changed_value,model,run
0,0.0,0,0.0,TC1,n_agents,50,baseline,1
1,0.5,0,0.0,TC1,n_agents,50,baseline,1
2,1.0,0,0.0,TC1,n_agents,50,baseline,1
3,1.5,0,0.0,TC1,n_agents,50,baseline,1
4,2.0,0,0.0,TC1,n_agents,50,baseline,1
5,2.5,0,0.0,TC1,n_agents,50,baseline,1
6,3.0,0,0.0,TC1,n_agents,50,baseline,1
7,3.5,0,0.0,TC1,n_agents,50,baseline,1
8,4.0,0,0.0,TC1,n_agents,50,baseline,1
9,4.5,0,0.0,TC1,n_agents,50,baseline,1
10,5.0,0,0.0,TC1,n_agents,50,baseline,1
11,5.5,0,0.0,TC1,n_agents,50,baseline,1
12,6.0,0,0.0,TC1,n_agents,50,baseline,1
13,6.5,0,0.0,TC1,n_agents,50,baseline,1
14,7.0,0,0.0,TC1,n_agents,50,baseline,1
15,7.5,0,0.0,TC1,n_agents,50,baseline,1
16,8.0,0,0.0,TC1,n_agents,50,baseline,1
17,8.5,0,0.0,TC1,n_agents,50,baseline,1
18,9.0,0,0.0,TC1,n_agents,50,baseline,1
19,9.5,0,0.0,TC1,n_agents,50,baseline,1
20,10.0,0,0.0,TC1,n_agents,50,baseline,1
21,10.5,0,0.0,TC1,n_agents,50,baseline,1
22,11.0,0,0.0,TC1,n_agents,50,baseline,1
23,11.5,0,0.0,TC1,n_agents,50,baseline,1
24,12.0,0,0.0,TC1,n_agents,50,baseline,1
25,12.5,0,0.0,TC1,n_agents,50,baseline,1
26,13.0,0,0.0,TC1,n_agents,50,baseline,1
27,13.5,0,0.0,TC1,n_agents,50,baseline,1
28,14.0,0,0.0,TC1,n_agents,50,baseline,1
29,14.5,0,0.0,TC1,n_agents,50,baseline,1
30,15.0,0,0.0,TC1,n_agents,50,baseline,1
31,15.5,0,0.0,TC1,n_agents,50,baseline,1
32,16.0,0,0.0,TC1,n_agents,50,baseline,1
33,16.5,0,0.0,TC1,n_agents,50,baseline,1
34,17.0,0,0.0,TC1,n_agents,50,baseline,1
35,17.5,0,0.0,TC1,n_agents,50,baseline,1
36,18.0,0,0.0,TC1,n_agents,50,baseline,1
37,18.5,0,0.0,TC1,n_agents,50,baseline,1
38,19.0,0,0.0,TC1,n_agents,50,baseline,1
39,19.5,0,0.0,TC1,n_agents,50,baseline,1
40,20.0,0,0.0,TC1,n_agents,50,baseline,1
41,20.5,0,0.0,TC1,n_agents,50,baseline,1
42,21.0,0,0.0,TC1,n_agents,50,baseline,1
43,21.5,0,0.0,TC1,n_agents,50,baseline,1
44,22.0,0,0.0,TC1,n_agents,50,baseline,1
45,22.5,0,0.0,TC1,n_agents,50,baseline,1
46,23.0,0,0.0,TC1,n_agents,50,baseline,1
47,23.5,0,0.0,TC1,n_agents,50,baseline,1
48,24.0,0,0.0,TC1,n_agents,50,baseline,1
49,24.5,0,0.0,TC1,n_agents,50,baseline,1
50,25.0,0,0.0,TC1,n_agents,50,baseline,1
51,25.5,0,0.0,TC1,n_agents,50,baseline,1
52,26.0,0,0.0,TC1,n_agents,50,baseline,1
53,26.5,0,0.0,TC1,n_agents,50,baseline,1
54,27.0,0,0.0,TC1,n_agents,50,baseline,1
55,27.5,0,0.0,TC1,n_agents,50,baseline,1
56,28.0,0,0.0,TC1,n_agents,50,baseline,1
57,28.5,0,0.0,TC1,n_agents,50,baseline,1
58,29.0,0,0.0,TC1,n_agents,50,baseline,1
59,29.5,0,0.0,TC1,n_agents,50,baseline,1
60,30.0,0,0.0,TC1,n_agents,50,baseline,1
61,30.5,0,0.0,TC1,n_agents,50,baseline,1
62,31.0,0,0.0,TC1,n_agents,50,baseline,1
63,31.5,0,0.0,TC1,n_agents,50,baseline,1
64,32.0,0,0.0,TC1,n_agents,50,baseline,1
65,32.5,0,0.0,TC1,n_agents,50,baseline,1
66,33.0,0,0.0,TC1,n_agents,50,baseline,1
67,33.5,0,0.0,TC1,n_agents,50,baseline,1
68,34.0,0,0.0,TC1,n_agents,50,baseline,1
69,34.5,0,0.0,TC1,n_agents,50,baseline,1
70,35.0,0,0.0,TC1,n_agents,50,baseline,1
71,35.5,0,0.0,TC1,n_agents,50,baseline,1
72,36.0,0,0.0,TC1,n_agents,50,baseline,1
73,36.5,0,0.0,TC1,n_agents,50,baseline,1
74,37.0,0,0.0,TC1,n_agents,50,baseline,1
75,37.5,0,0.0,TC1,n_agents,50,baseline,1
76,38.0,0,0.0,TC1,n_agents,50,baseline,1
77,38.5,0,0.0,TC1,n_agents,50,baseline,1
78,39.0,0,0.0,TC1,n_agents,50,baseline,1
79,39.5,0,0.0,TC1,n_agents,50,baseline,1
80,40.0,0,0.0,TC1,n_agents,50,baseline,1
81,40.5,0,0.0,TC1,n_agents,50,baseline,1
82,41.0,0,0.0,TC1,n_agents,50,baseline,1
83,41.5,0,0.0,TC1,n_agents,50,baseline,1
84,42.0,0,0.0,TC1,n_agents,50,baseline,1
85,42.5,0,0.0,TC1,n_agents,50,baseline,1
86,43.0,0,0.0,TC1,n_agents,50,baseline,1
87,43.5,0,0.0,TC1,n_agents,50,baseline,1
88,44.0,0,0.0,TC1,n_agents,50,baseline,1
89,44.5,0,0.0,TC1,n_agents,50,baseline,1
90,45.0,0,0.0,TC1,n_agents,50,baseline,1
91,45.5,0,0.0,TC1,n_agents,50,baseline,1
92,46.0,0,0.0,TC1,n_agents,50,baseline,1
93,46.5,0,0.0,TC1,n_agents,50,baseline,1
94,47.0,0,0.0,TC1,n_agents,50,baseline,1
95,47.5,0,0.0,TC1,n_agents,50,baseline,1
96,48.0,0,0.0,TC1,n_agents,50,baseline,1
97,48.5,0,0.0,TC1,n_agents,50,baseline,1
98,49.0,0,0.0,TC1,n_agents,50,baseline,1
99,49.5,0,0.0,TC1,n_agents,50,baseline,1
100,50.0,0,0.0,TC1,n_agents,50,baseline,1
101,50.5,0,0.0,TC1,n_agents,50,baseline,1
102,51.0,0,0.0,TC1,n_agents,50,baseline,1
103,51.5,0,0.0,TC1,n_agents,50,baseline,1
104,52.0,0,0.0,TC1,n_agents,50,baseline,1
105,52.5,0,0.0,TC1,n_agents,50,baseline,1
106,53.0,0,0.0,TC1,n_agents,50,baseline,1
107,53.5,0,0.0,TC1,n_agents,50,baseline,1
108,54.0,0,0.0,TC1,n_agents,50,baseline,1
109,54.5,0,0.0,TC1,n_agents,50,baseline,1
110,55.0,0,0.0,TC1,n_agents,50,baseline,1
111,55.5,0,0.0,TC1,n_agents,50,baseline,1
112,56.0,0,0.0,TC1,n_agents,50,baseline,1
113,56.5,0,0.0,TC1,n_agents,50,baseline,1
114,57.0,0,0.0,TC1,n_agents,50,baseline,1
115,57.5,0,0.0,TC1,n_agents,50,baseline,1
116,58.0,0,0.0,TC1,n_agents,50,baseline,1
117,58.5,0,0.0,TC1,n_agents,50,baseline,1
118,59.0,0,0.0,TC1,n_agents,50,baseline,1
119,59.5,0,0.0,TC1,n_agents,50,baseline,1
120,60.0,0,0.0,TC1,n_agents,50,baseline,1
121,60.5,0,0.0,TC1,n_agents,50,baseline,1
122,61.0,0,0.0,TC1,n_agents,50,baseline,1
123,61.5,0,0.0,TC1,n_agents,50,baseline,1
124,62.0,0,0.0,TC1,n_agents,50,baseline,1
125,62.5,0,0.0,TC1,n_agents,50,baseline,1
126,63.0,0,0.0,TC1,n_agents,50,baseline,1
127,63.5,0,0.0,TC1,n_agents,50,baseline,1
128,64.0,0,0.0,TC1,n_agents,50,baseline,1
129,64.5,0,0.0,TC1,n_agents,50,baseline,1
130,65.0,0,0.0,TC1,n_agents,50,baseline,1
131,65.5,0,0.0,TC1,n_agents,50,baseline,1
132,66.0,0,0.0,TC1,n_agents,50,baseline,1
133,66.5,0,0.0,TC1,n_agents,50,baseline,1
134,67.0,0,0.0,TC1,n_agents,50,baseline,1
135,67.5,0,0.0,TC1,n_agents,50,baseline,1
136,68.0,0,0.0,TC1,n_agents,50,baseline,1
137,68.5,0,0.0,TC1,n_agents,50,baseline,1
138,69.0,0,0.0,TC1,n_agents,50,baseline,1
139,69.5,0,0.0,TC1,n_agents,50,baseline,1
140,70.0,0,0.0,TC1,n_agents,50,baseline,1
141,70.5,0,0.0,TC1,n_agents,50,baseline,1
142,71.0,0,0.0,TC1,n_agents,50,baseline,1
143,71.5,0,0.0,TC1,n_agents,50,baseline,1
144,72.0,0,0.0,TC1,n_agents,50,baseline,1
145,72.5,0,0.0,TC1,n_agents,50,baseline,1
146,73.0,0,0.0,TC1,n_agents,50,baseline,1
147,73.5,0,0.0,TC1,n_agents,50,baseline,1
148,74.0,0,0.0,TC1,n_agents,50,baseline,1
149,74.5,0,0.0,TC1,n_agents,50,baseline,1
150,75.0,0,0.0,TC1,n_agents,50,baseline,1
151,75.5,0,0.0,TC1,n_agents,50,baseline,1
152,76.0,0,0.0,TC1,n_agents,50,baseline,1
153,76.5,0,0.0,TC1,n_agents,50,baseline,1
154,77.0,0,0.0,TC1,n_agents,50,baseline,1
155,77.5,0,0.0,TC1,n_agents,50,baseline,1
156,78.0,0,0.0,TC1,n_agents,50,baseline,1
157,78.5,0,0.0,TC1,n_agents,50,baseline,1
158,79.0,0,0.0,TC1,n_agents,50,baseline,1
159,79.5,0,0.0,TC1,n_agents,50,baseline,1
160,80.0,0,0.0,TC1,n_agents,50,baseline,1
161,80.5,0,0.0,TC1,n_agents,50,baseline,1
162,81.0,0,0.0,TC1,n_agents,50,baseline,1
163,81.5,0,0.0,TC1,n_agents,50,baseline,1
164,82.0,0,0.0,TC1,n_agents,50,baseline,1
165,82.5,0,0.0,TC1,n_agents,50,baseline,1
166,83.0,0,0.0,TC1,n_agents,50,baseline,1
167,83.5,0,0.0,TC1,n_agents,50,baseline,1
168,84.0,0,0.0,TC1,n_agents,50,baseline,1
169,84.5,0,0.0,TC1,n_agents,50,baseline,1
170,85.0,0,0.0,TC1,n_agents,50,baseline,1
171,85.5,0,0.0,TC1,n_agents,50,baseline,1
172,86.0,0,0.0,TC1,n_agents,50,baseline,1
173,86.5,0,0.0,TC1,n_agents,50,baseline,1
174,87.0,0,0.0,TC1,n_agents,50,baseline,1
175,87.5,0,0.0,TC1,n_agents,50,baseline,1
176,88.0,0,0.0,TC1,n_agents,50,baseline,1
177,88.5,0,0.0,TC1,n_agents,50,baseline,1
178,89.0,0,0.0,TC1,n_agents,50,baseline,1
179,89.5,0,0.0,TC1,n_agents,50,baseline,1
180,90.0,0,0.0,TC1,n_agents,50,baseline,1
181,90.5,0,0.0,TC1,n_agents,50,baseline,1
182,91.0,0,0.0,TC1,n_agents,50,baseline,1
183,91.5,0,0.0,TC1,n_agents,50,baseline,1
184,92.0,0,0.0,TC1,n_agents,50,baseline,1
185,92.5,0,0.0,TC1,n_agents,50,baseline,1
186,93.0,0,0.0,TC1,n_agents,50,baseline,1
187,93.5,0,0.0,TC1,n_agents,50,baseline,1
188,94.0,0,0.0,TC1,n_agents,50,baseline,1
189,94.5,0,0.0,TC1,n_agents,50,baseline,1
190,95.0,0,0.0,TC1,n_agents,50,baseline,1
191,95.5,0,0.0,TC1,n_agents,50,baseline,1
192,96.0,0,0.0,TC1,n_agents,50,baseline,1
193,96.5,0,0.0,TC1,n_agents,50,baseline,1
194,97.0,0,0.0,TC1,n_agents,50,baseline,1
195,97.5,0,0.0,TC1,n_agents,50,baseline,1
196,98.0,0,0.0,TC1,n_agents,50,baseline,1
197,98.5,0,0.0,TC1,n_agents,50,baseline,1
198,99.0,0,0.0,TC1,n_agents,50,baseline,1
199,99.5,0,0.0,TC1,n_agents,50,baseline,1
200,100.0,0,0.0,TC1,n_agents,50,baseline,1
201,100.5,0,0.0,TC1,n_agents,50,baseline,1
202,101.0,0,0.0,TC1,n_agents,50,baseline,1
203,101.5,0,0.0,TC1,n_agents,50,baseline,1
204,102.0,0,0.0,TC1,n_agents,50,baseline,1
205,102.5,0,0.0,TC1,n_agents,50,baseline,1
206,103.0,0,0.0,TC1,n_agents,50,baseline,1
207,103.5,0,0.0,TC1,n_agents,50,baseline,1
208,104.0,0,0.0,TC1,n_agents,50,baseline,1
209,104.5,0,0.0,TC1,n_agents,50,baseline,1
210,105.0,0,0.0,TC1,n_agents,50,baseline,1
211,105.5,0,0.0,TC1,n_agents,50,baseline,1
212,106.0,0,0.0,TC1,n_agents,50,baseline,1
213,106.5,0,0.0,TC1,n_agents,50,baseline,1
214,107.0,0,0.0,TC1,n_agents,50,baseline,1
215,107.5,0,0.0,TC1,n_agents,50,baseline,1
216,108.0,0,0.0,TC1,n_agents,50,baseline,1
217,108.5,0,0.0,TC1,n_agents,50,baseline,1
218,109.0,0,0.0,TC1,n_agents,50,baseline,1
219,109.5,0,0.0,TC1,n_agents,50,baseline,1
220,110.0,0,0.0,TC1,n_agents,50,baseline,1
221,110.5,0,0.0,TC1,n_agents,50,baseline,1
222,111.0,0,0.0,TC1,n_agents,50,baseline,1
223,111.5,0,0.0,TC1,n_agents,50,baseline,1
224,112.0,0,0.0,TC1,n_agents,50,baseline,1
225,112.5,0,0.0,TC1,n_agents,50,baseline,1
226,113.0,0,0.0,TC1,n_agents,50,baseline,1
227,113.5,0,0.0,TC1,n_agents,50,baseline,1
228,114.0,0,0.0,TC1,n_agents,50,baseline,1
229,114.5,0,0.0,TC1,n_agents,50,baseline,1
230,115.0,0,0.0,TC1,n_agents,50,baseline,1
231,115.5,0,0.0,TC1,n_agents,50,baseline,1
232,116.0,0,0.0,TC1,n_agents,50,baseline,1
233,116.5,0,0.0,TC1,n_agents,50,baseline,1
234,117.0,0,0.0,TC1,n_agents,50,baseline,1
235,117.5,0,0.0,TC1,n_agents,50,baseline,1
236,118.0,0,0.0,TC1,n_agents,50,baseline,1
237,118.5,0,0.0,TC1,n_agents,50,baseline,1
238,119.0,0,0.0,TC1,n_agents,50,baseline,1
239,119.5,0,0.0,TC1,n_agents,50,baseline,1
240,120.0,0,0.0,TC1,n_agents,50,baseline,1
241,120.5,0,0.0,TC1,n_agents,50,baseline,1
242,121.0,0,0.0,TC1,n_agents,50,baseline,1
243,121.5,0,0.0,TC1,n_agents,50,baseline,1
244,122.0,0,0.0,TC1,n_agents,50,baseline,1
245,122.5,0,0.0,TC1,n_agents,50,baseline,1
246,123.0,0,0.0,TC1,n_agents,50,baseline,1
247,123.5,0,0.0,TC1,n_agents,50,baseline,1
248,124.0,0,0.0,TC1,n_agents,50,baseline,1
249,124.5,0,0.0,TC1,n_agents,50,baseline,1
250,125.0,0,0.0,TC1,n_agents,50,baseline,1
251,125.5,0,0.0,TC1,n_agents,50,baseline,1
252,126.0,0,0.0,TC1,n_agents,50,baseline,1
253,126.5,0,0.0,TC1,n_agents,50,baseline,1
254,127.0,0,0.0,TC1,n_agents,50,baseline,1
255,127.5,0,0.0,TC1,n_agents,50,baseline,1
256,128.0,0,0.0,TC1,n_agents,50,baseline,1
257,128.5,0,0.0,TC1,n_agents,50,baseline,1
258,129.0,0,0.0,TC1,n_agents,50,baseline,1
259,129.5,0,0.0,TC1,n_agents,50,baseline,1
260,130.0,0,0.0,TC1,n_agents,50,baseline,1
261,130.5,0,0.0,TC1,n_agents,50,baseline,1
262,131.0,0,0.0,TC1,n_agents,50,baseline,1
263,131.5,0,0.0,TC1,n_agents,50,baseline,1
264,132.0,0,0.0,TC1,n_agents,50,baseline,1
265,132.5,0,0.0,TC1,n_agents,50,baseline,1
266,133.0,0,0.0,TC1,n_agents,50,baseline,1
267,133.5,0,0.0,TC1,n_agents,50,baseline,1
268,134.0,0,0.0,TC1,n_agents,50,baseline,1
269,134.5,0,0.0,TC1,n_agents,50,baseline,1
270,135.0,0,0.0,TC1,n_agents,50,baseline,1
271,135.5,0,0.0,TC1,n_agents,50,baseline,1
272,136.0,0,0.0,TC1,n_agents,50,baseline,1
273,136.5,0,0.0,TC1,n_agents,50,baseline,1
274,137.0,0,0.0,TC1,n_agents,50,baseline,1
275,137.5,0,0.0,TC1,n_agents,50,baseline,1
276,138.0,0,0.0,TC1,n_agents,50,baseline,1
277,138.5,0,0.0,TC1,n_agents,50,baseline,1
278,139.0,0,0.0,TC1,n_agents,50,baseline,1
279,139.5,0,0.0,TC1,n_agents,50,baseline,1
280,140.0,0,0.0,TC1,n_agents,50,baseline,1
281,140.5,0,0.0,TC1,n_agents,50,baseline,1
282,141.0,0,0.0,TC1,n_agents,50,baseline,1
283,141.5,0,0.0,TC1,n_agents,50,baseline,1
284,142.0,0,0.0,TC1,n_agents,50,baseline,1
285,142.5,0,0.0,TC1,n_agents,50,baseline,1
286,143.0,0,0.0,TC1,n_agents,50,baseline,1
287,143.5,0,0.0,TC1,n_agents,50,baseline,1
288,144.0,0,0.0,TC1,n_agents,50,baseline,1
289,144.5,0,0.0,TC1,n_agents,50,baseline,1
290,145.0,0,0.0,TC1,n_agents,50,baseline,1
291,145.5,0,0.0,TC1,n_agents,50,baseline,1
292,146.0,0,0.0,TC1,n_agents,50,baseline,1
293,146.5,0,0.0,TC1,n_agents,50,baseline,1
294,147.0,0,0.0,TC1,n_agents,50,baseline,1
295,147.5,0,0.0,TC1,n_agents,50,baseline,1
296,148.0,0,0.0,TC1,n_agents,50,baseline,1
297,148.5,0,0.0,TC1,n_agents,50,baseline,1
298,149.0,0,0.0,TC1,n_agents,50,baseline,1
299,149.5,0,0.0,TC1,n_agents,50,baseline,1
300,150.0,0,0.0,TC1,n_agents,50,baseline,1
301,150.5,0,0.0,TC1,n_agents,50,baseline,1
302,151.0,0,0.0,TC1,n_agents,50,baseline,1
303,151.5,0,0.0,TC1,n_agents,50,baseline,1
304,152.0,0,0.0,TC1,n_agents,50,baseline,1
305,152.5,0,0.0,TC1,n_agents,50,baseline,1
306,153.0,0,0.0,TC1,n_agents,50,baseline,1
307,153.5,0,0.0,TC1,n_agents,50,baseline,1
308,154.0,0,0.0,TC1,n_agents,50,baseline,1
309,154.5,0,0.0,TC1,n_agents,50,baseline,1
310,155.0,0,0.0,TC1,n_agents,50,baseline,1
311,155.5,0,0.0,TC1,n_agents,50,baseline,1
312,156.0,0,0.0,TC1,n_agents,50,baseline,1
313,156.5,0,0.0,TC1,n_agents,50,baseline,1
314,157.0,0,0.0,TC1,n_agents,50,baseline,1
315,157.5,0,0.0,TC1,n_agents,50,baseline,1
316,158.0,0,0.0,TC1,n_agents,50,baseline,1
317,158.5,0,0.0,TC1,n_agents,50,baseline,1
318,159.0,0,0.0,TC1,n_agents,50,baseline,1
319,159.5,0,0.0,TC1,n_agents,50,baseline,1
320,160.0,0,0.0,TC1,n_agents,50,baseline,1
321,160.5,0,0.0,TC1,n_agents,50,baseline,1
322,161.0,0,0.0,TC1,n_agents,50,baseline,1
323,161.5,0,0.0,TC1,n_agents,50,baseline,1
324,162.0,0,0.0,TC1,n_agents,50,baseline,1
325,162.5,0,0.0,TC1,n_agents,50,baseline,1
326,163.0,0,0.0,TC1,n_agents,50,baseline,1
327,163.5,0,0.0,TC1,n_agents,50,baseline,1
328,164.0,0,0.0,TC1,n_agents,50,baseline,1
329,164.5,0,0.0,TC1,n_agents,50,baseline,1
330,165.0,0,0.0,TC1,n_agents,50,baseline,1
331,165.5,0,0.0,TC1,n_agents,50,baseline,1
332,166.0,0,0.0,TC1,n_agents,50,baseline,1
333,166.5,0,0.0,TC1,n_agents,50,baseline,1
334,167.0,0,0.0,TC1,n_agents,50,baseline,1
335,167.5,0,0.0,TC1,n_agents,50,baseline,1
336,168.0,0,0.0,TC1,n_agents,50,baseline,1
337,168.5,0,0.0,TC1,n_agents,50,baseline,1
338,169.0,0,0.0,TC1,n_agents,50,baseline,1
339,169.5,0,0.0,TC1,n_agents,50,baseline,1
340,170.0,0,0.0,TC1,n_agents,50,baseline,1
341,170.5,0,0.0,TC1,n_agents,50,baseline,1
342,171.0,0,0.0,TC1,n_agents,50,baseline,1
343,171.5,0,0.0,TC1,n_agents,50,baseline,1
344,172.0,0,0.0,TC1,n_agents,50,baseline,1
345,172.5,0,0.0,TC1,n_agents,50,baseline,1
346,173.0,0,0.0,TC1,n_agents,50,baseline,1
347,173.5,0,0.0,TC1,n_agents,50,baseline,1
348,174.0,0,0.0,TC1,n_agents,50,baseline,1
349,174.5,0,0.0,TC1,n_agents,50,baseline,1
350,175.0,0,0.0,TC1,n_agents,50,baseline,1
351,175.5,0,0.0,TC1,n_agents,50,baseline,1
352,176.0,0,0.0,TC1,n_agents,50,baseline,1
353,176.5,0,0.0,TC1,n_agents,50,baseline,1
354,177.0,0,0.0,TC1,n_agents,50,baseline,1
355,177.5,0,0.0,TC1,n_agents,50,baseline,1
356,178.0,0,0.0,TC1,n_agents,50,baseline,1
357,178.5,0,0.0,TC1,n_agents,50,baseline,1
358,179.0,0,0.0,TC1,n_agents,50,baseline,1
359,179.5,0,0.0,TC1,n_agents,50,baseline,1
360,180.0,0,0.0,TC1,n_agents,50,baseline,1
361,180.5,0,0.0,TC1,n_agents,50,baseline,1
362,181.0,0,0.0,TC1,n_agents,50,baseline,1
363,181.5,0,0.0,TC1,n_agents,50,baseline,1
364,182.0,0,0.0,TC1,n_agents,50,baseline,1
365,182.5,0,0.0,TC1,n_agents,50,baseline,1
366,183.0,0,0.0,TC1,n_agents,50,baseline,1
367,183.5,0,0.0,TC1,n_agents,50,baseline,1
368,184.0,0,0.0,TC1,n_agents,50,baseline,1
369,184.5,0,0.0,TC1,n_agents,50,baseline,1
370,185.0,0,0.0,TC1,n_agents,50,baseline,1
371,185.5,0,0.0,TC1,n_agents,50,baseline,1
372,186.0,0,0.0,TC1,n_agents,50,baseline,1
373,186.5,0,0.0,TC1,n_agents,50,baseline,1
374,187.0,0,0.0,TC1,n_agents,50,baseline,1
375,187.5,0,0.0,TC1,n_agents,50,baseline,1
376,188.0,0,0.0,TC1,n_agents,50,baseline,1
377,188.5,0,0.0,TC1,n_agents,50,baseline,1
378,189.0,0,0.0,TC1,n_agents,50,baseline,1
379,189.5,0,0.0,TC1,n_agents,50,baseline,1
380,190.0,0,0.0,TC1,n_agents,50,baseline,1
381,190.5,0,0.0,TC1,n_agents,50,baseline,1
382,191.0,0,0.0,TC1,n_agents,50,baseline,1
383,191.5,0,0.0,TC1,n_agents,50,baseline,1
384,192.0,0,0.0,TC1,n_agents,50,baseline,1
385,192.5,0,0.0,TC1,n_agents,50,baseline,1
386,193.0,0,0.0,TC1,n_agents,50,baseline,1
387,193.5,0,0.0,TC1,n_agents,50,baseline,1
388,194.0,0,0.0,TC1,n_agents,50,baseline,1
389,194.5,0,0.0,TC1,n_agents,50,baseline,1
390,195.0,0,0.0,TC1,n_agents,50,baseline,1
391,195.5,0,0.0,TC1,n_agents,50,baseline,1
392,196.0,0,0.0,TC1,n_agents,50,baseline,1
393,196.5,0,0.0,TC1,n_agents,50,baseline,1
394,197.0,0,0.0,TC1,n_agents,50,baseline,1
395,197.5,0,0.0,TC1,n_agents,50,baseline,1
396,198.0,0,0.0,TC1,n_agents,50,baseline,1
397,198.5,0,0.0,TC1,n_agents,50,baseline,1
398,199.0,0,0.0,TC1,n_agents,50,baseline,1
399,199.5,0,0.0,TC1,n_agents,50,baseline,1
400,200.0,0,0.0,TC1,n_agents,50,baseline,1
401,200.5,0,0.0,TC1,n_agents,50,baseline,1
402,201.0,0,0.0,TC1,n_agents,50,baseline,1
403,201.5,0,0.0,TC1,n_agents,50,baseline,1
404,202.0,0,0.0,TC1,n_agents,50,baseline,1
405,202.5,0,0.0,TC1,n_agents,50,baseline,1
406,203.0,0,0.0,TC1,n_agents,50,baseline,1
407,203.5,0,0.0,TC1,n_agents,50,baseline,1
408,204.0,0,0.0,TC1,n_agents,50,baseline,1
409,204.5,0,0.0,TC1,n_agents,50,baseline,1
410,205.0,0,0.0,TC1,n_agents,50,baseline,1
411,205.5,0,0.0,TC1,n_agents,50,baseline,1
412,206.0,0,0.0,TC1,n_agents,50,baseline,1
413,206.5,0,0.0,TC1,n_agents,50,baseline,1
414,207.0,0,0.0,TC1,n_agents,50,baseline,1
415,207.5,0,0.0,TC1,n_agents,50,baseline,1
416,208.0,0,0.0,TC1,n_agents,50,baseline,1
417,208.5,0,0.0,TC1,n_agents,50,baseline,1
418,209.0,0,0.0,TC1,n_agents,50,baseline,1
419,209.5,0,0.0,TC1,n_agents,50,baseline,1
420,210.0,0,0.0,TC1,n_agents,50,baseline,1
421,210.5,0,0.0,TC1,n_agents,50,baseline,1
422,211.0,0,0.0,TC1,n_agents,50,baseline,1
423,211.5,0,0.0,TC1,n_agents,50,baseline,1
424,212.0,0,0.0,TC1,n_agents,50,baseline,1
425,212.5,0,0.0,TC1,n_agents,50,baseline,1
426,213.0,0,0.0,TC1,n_agents,50,baseline,1
427,213.5,0,0.0,TC1,n_agents,50,baseline,1
428,214.0,0,0.0,TC1,n_agents,50,baseline,1
429,214.5,0,0.0,TC1,n_agents,50,baseline,1
430,215.0,0,0.0,TC1,n_agents,50,baseline,1
431,215.5,0,0.0,TC1,n_agents,50,baseline,1
432,216.0,0,0.0,TC1,n_agents,50,baseline,1
433,216.5,0,0.0,TC1,n_agents,50,baseline,1
434,217.0,0,0.0,TC1,n_agents,50,baseline,1
435,217.5,0,0.0,TC1,n_agents,50,baseline,1
436,218.0,0,0.0,TC1,n_agents,50,baseline,1
437,218.5,0,0.0,TC1,n_agents,50,baseline,1
438,219.0,0,0.0,TC1,n_agents,50,baseline,1
439,219.5,0,0.0,TC1,n_agents,50,baseline,1
440,220.0,0,0.0,TC1,n_agents,50,baseline,1
441,220.5,0,0.0,TC1,n_agents,50,baseline,1
442,221.0,0,0.0,TC1,n_agents,50,baseline,1
443,221.5,0,0.0,TC1,n_agents,50,baseline,1
444,222.0,0,0.0,TC1,n_agents,50,baseline,1
445,222.5,0,0.0,TC1,n_agents,50,baseline,1
446,223.0,0,0.0,TC1,n_agents,50,baseline,1
447,223.5,0,0.0,TC1,n_agents,50,baseline,1
448,224.0,0,0.0,TC1,n_agents,50,baseline,1
449,224.5,0,0.0,TC1,n_agents,50,baseline,1
450,225.0,0,0.0,TC1,n_agents,50,baseline,1
451,225.5,0,0.0,TC1,n_agents,50,baseline,1
452,226.0,0,0.0,TC1,n_agents,50,baseline,1
453,226.5,0,0.0,TC1,n_agents,50,baseline,1
454,227.0,0,0.0,TC1,n_agents,50,baseline,1
455,227.5,0,0.0,TC1,n_agents,50,baseline,1
456,228.0,0,0.0,TC1,n_agents,50,baseline,1
457,228.5,0,0.0,TC1,n_agents,50,baseline,1
458,229.0,0,0.0,TC1,n_agents,50,baseline,1
459,229.5,0,0.0,TC1,n_agents,50,baseline,1
460,230.0,0,0.0,TC1,n_agents,50,baseline,1
461,230.5,0,0.0,TC1,n_agents,50,baseline,1
462,231.0,0,0.0,TC1,n_agents,50,baseline,1
463,231.5,0,0.0,TC1,n_agents,50,baseline,1
464,232.0,0,0.0,TC1,n_agents,50,baseline,1
465,232.5,0,0.0,TC1,n_agents,50,baseline,1
466,233.0,0,0.0,TC1,n_agents,50,baseline,1
467,233.5,0,0.0,TC1,n_agents,50,baseline,1
468,234.0,0,0.0,TC1,n_agents,50,baseline,1
469,234.5,0,0.0,TC1,n_agents,50,baseline,1
470,235.0,0,0.0,TC1,n_agents,50,baseline,1
471,235.5,0,0.0,TC1,n_agents,50,baseline,1
472,236.0,0,0.0,TC1,n_agents,50,baseline,1
473,236.5,0,0.0,TC1,n_agents,50,baseline,1
474,237.0,0,0.0,TC1,n_agents,50,baseline,1
475,237.5,0,0.0,TC1,n_agents,50,baseline,1
476,238.0,0,0.0,TC1,n_agents,50,baseline,1
477,238.5,0,0.0,TC1,n_agents,50,baseline,1
478,239.0,0,0.0,TC1,n_agents,50,baseline,1
479,239.5,0,0.0,TC1,n_agents,50,baseline,1
480,240.0,0,0.0,TC1,n_agents,50,baseline,1
481,240.5,0,0.0,TC1,n_agents,50,baseline,1
482,241.0,0,0.0,TC1,n_agents,50,baseline,1
483,241.5,0,0.0,TC1,n_agents,50,baseline,1
484,242.0,0,0.0,TC1,n_agents,50,baseline,1
485,242.5,0,0.0,TC1,n_agents,50,baseline,1
486,243.0,0,0.0,TC1,n_agents,50,baseline,1
487,243.5,0,0.0,TC1,n_agents,50,baseline,1
488,244.0,0,0.0,TC1,n_agents,50,baseline,1
489,244.5,0,0.0,TC1,n_agents,50,baseline,1
490,245.0,0,0.0,TC1,n_agents,50,baseline,1
491,245.5,0,0.0,TC1,n_agents,50,baseline,1
492,246.0,0,0.0,TC1,n_agents,50,baseline,1
493,246.5,0,0.0,TC1,n_agents,50,baseline,1
494,247.0,0,0.0,TC1,n_agents,50,baseline,1
495,247.5,0,0.0,TC1,n_agents,50,baseline,1
496,248.0,0,0.0,TC1,n_agents,50,baseline,1
497,248.5,0,0.0,TC1,n_agents,50,baseline,1
498,249.0,0,0.0,TC1,n_agents,50,baseline,1
499,249.5,0,0.0,TC1,n_agents,50,baseline,1
500,250.0,0,0.0,TC1,n_agents,50,baseline,1
501,250.5,0,0.0,TC1,n_agents,50,baseline,1
502,251.0,0,0.0,TC1,n_agents,50,baseline,1
503,251.5,0,0.0,TC1,n_agents,50,baseline,1
504,252.0,0,0.0,TC1,n_agents,50,baseline,1
505,252.5,0,0.0,TC1,n_agents,50,baseline,1
506,253.0,0,0.0,TC1,n_agents,50,baseline,1
507,253.5,0,0.0,TC1,n_agents,50,baseline,1
508,254.0,0,0.0,TC1,n_agents,50,baseline,1
509,254.5,0,0.0,TC1,n_agents,50,baseline,1
510,255.0,0,0.0,TC1,n_agents,50,baseline,1
511,255.5,0,0.0,TC1,n_agents,50,baseline,1
512,256.0,0,0.0,TC1,n_agents,50,baseline,1
513,256.5,0,0.0,TC1,n_agents,50,baseline,1
514,257.0,0,0.0,TC1,n_agents,50,baseline,1
515,257.5,0,0.0,TC1,n_agents,50,baseline,1
516,258.0,0,0.0,TC1,n_agents,50,baseline,1
517,258.5,0,0.0,TC1,n_agents,50,baseline,1
518,259.0,0,0.0,TC1,n_agents,50,baseline,1
519,259.5,0,0.0,TC1,n_agents,50,baseline,1
520,260.0,0,0.0,TC1,n_agents,50,baseline,1
521,260.5,0,0.0,TC1,n_agents,50,baseline,1
522,261.0,0,0.0,TC1,n_agents,50,baseline,1
523,261.5,0,0.0,TC1,n_agents,50,baseline,1
524,262.0,0,0.0,TC1,n_agents,50,baseline,1
525,262.5,0,0.0,TC1,n_agents,50,baseline,1
526,263.0,0,0.0,TC1,n_agents,50,baseline,1
527,263.5,0,0.0,TC1,n_agents,50,baseline,1
528,264.0,0,0.0,TC1,n_agents,50,baseline,1
529,264.5,0,0.0,TC1,n_agents,50,baseline,1
530,265.0,0,0.0,TC1,n_agents,50,baseline,1
531,265.5,0,0.0,TC1,n_agents,50,baseline,1
532,266.0,0,0.0,TC1,n_agents,50,baseline,1
533,266.5,0,0.0,TC1,n_agents,50,baseline,1
534,267.0,0,0.0,TC1,n_agents,50,baseline,1
535,267.5,0,0.0,TC1,n_agents,50,baseline,1
536,268.0,0,0.0,TC1,n_agents,50,baseline,1
537,268.5,0,0.0,TC1,n_agents,50,baseline,1
538,269.0,0,0.0,TC1,n_agents,50,baseline,1
539,269.5,0,0.0,TC1,n_agents,50,baseline,1
540,270.0,0,0.0,TC1,n_agents,50,baseline,1
541,270.5,0,0.0,TC1,n_agents,50,baseline,1
542,271.0,0,0.0,TC1,n_agents,50,baseline,1
543,271.5,0,0.0,TC1,n_agents,50,baseline,1
544,272.0,0,0.0,TC1,n_agents,50,baseline,1
545,272.5,0,0.0,TC1,n_agents,50,baseline,1
546,273.0,0,0.0,TC1,n_agents,50,baseline,1
547,273.5,0,0.0,TC1,n_agents,50,baseline,1
548,274.0,0,0.0,TC1,n_agents,50,baseline,1
549,274.5,0,0.0,TC1,n_agents,50,baseline,1
550,275.0,0,0.0,TC1,n_agents,50,baseline,1
551,275.5,0,0.0,TC1,n_agents,50,baseline,1
552,276.0,0,0.0,TC1,n_agents,50,baseline,1
553,276.5,0,0.0,TC1,n_agents,50,baseline,1
554,277.0,0,0.0,TC1,n_agents,50,baseline,1
555,277.5,0,0.0,TC1,n_agents,50,baseline,1
556,278.0,0,0.0,TC1,n_agents,50,baseline,1
557,278.5,0,0.0,TC1,n_agents,50,baseline,1
558,279.0,0,0.0,TC1,n_agents,50,baseline,1
559,279.5,0,0.0,TC1,n_agents,50,baseline,1
560,280.0,0,0.0,TC1,n_agents,50,baseline,1
561,280.5,0,0.0,TC1,n_agents,50,baseline,1
562,281.0,0,0.0,TC1,n_agents,50,baseline,1
563,281.5,0,0.0,TC1,n_agents,50,baseline,1
564,282.0,0,0.0,TC1,n_agents,50,baseline,1
565,282.5,0,0.0,TC1,n_agents,50,baseline,1
566,283.0,0,0.0,TC1,n_agents,50,baseline,1
567,283.5,0,0.0,TC1,n_agents,50,baseline,1
568,284.0,0,0.0,TC1,n_agents,50,baseline,1
569,284.5,0,0.0,TC1,n_agents,50,baseline,1
570,285.0,0,0.0,TC1,n_agents,50,baseline,1
571,285.5,0,0.0,TC1,n_agents,50,baseline,1
572,286.0,0,0.0,TC1,n_agents,50,baseline,1
573,286.5,0,0.0,TC1,n_agents,50,baseline,1
574,287.0,0,0.0,TC1,n_agents,50,baseline,1
575,287.5,0,0.0,TC1,n_agents,50,baseline,1
576,288.0,0,0.0,TC1,n_agents,50,baseline,1
577,288.5,0,0.0,TC1,n_agents,50,baseline,1
578,289.0,0,0.0,TC1,n_agents,50,baseline,1
579,289.5,0,0.0,TC1,n_agents,50,baseline,1
580,290.0,0,0.0,TC1,n_agents,50,baseline,1
581,290.5,0,0.0,TC1,n_agents,50,baseline,1
582,291.0,0,0.0,TC1,n_agents,50,baseline,1
583,291.5,0,0.0,TC1,n_agents,50,baseline,1
584,292.0,0,0.0,TC1,n_agents,50,baseline,1
585,292.5,0,0.0,TC1,n_agents,50,baseline,1
586,293.0,0,0.0,TC1,n_agents,50,baseline,1
587,293.5,0,0.0,TC1,n_agents,50,baseline,1
588,294.0,0,0.0,TC1,n_agents,50,baseline,1
589,294.5,0,0.0,TC1,n_agents,50,baseline,1
590,295.0,0,0.0,TC1,n_agents,50,baseline,1
591,295.5,0,0.0,TC1,n_agents,50,baseline,1
592,296.0,0,0.0,TC1,n_agents,50,baseline,1
593,296.5,0,0.0,TC1,n_agents,50,baseline,1
594,297.0,0,0.0,TC1,n_agents,50,baseline,1
595,297.5,0,0.0,TC1,n_agents,50,baseline,1
596,298.0,0,0.0,TC1,n_agents,50,baseline,1
597,298.5,0,0.0,TC1,n_agents,50,baseline,1
598,299.0,0,0.0,TC1,n_agents,50,baseline,1
599,299.5,0,0.0,TC1,n_agents,50,baseline,1
600,300.0,0,0.0,TC1,n_agents,50,baseline,1
601,300.5,0,0.0,TC1,n_agents,50,baseline,1
602,301.0,0,0.0,TC1,n_agents,50,baseline,1
603,301.5,0,0.0,TC1,n_agents,50,baseline,1
604,302.0,0,0.0,TC1,n_agents,50,baseline,1
605,302.5,0,0.0,TC1,n_agents,50,baseline,1
606,303.0,0,0.0,TC1,n_agents,50,baseline,1
607,303.5,0,0.0,TC1,n_agents,50,baseline,1
608,304.0,0,0.0,TC1,n_agents,50,baseline,1
609,304.5,0,0.0,TC1,n_agents,50,baseline,1
610,305.0,0,0.0,TC1,n_agents,50,baseline,1
611,305.5,0,0.0,TC1,n_agents,50,baseline,1
612,306.0,0,0.0,TC1,n_agents,50,baseline,1
613,306.5,0,0.0,TC1,n_agents,50,baseline,1
614,307.0,0,0.0,TC1,n_agents,50,baseline,1
615,307.5,0,0.0,TC1,n_agents,50,baseline,1
616,308.0,0,0.0,TC1,n_agents,50,baseline,1
617,308.5,0,0.0,TC1,n_agents,50,baseline,1
618,309.0,0,0.0,TC1,n_agents,50,baseline,1
619,309.5,0,0.0,TC1,n_agents,50,baseline,1
620,310.0,0,0.0,TC1,n_agents,50,baseline,1
621,310.5,0,0.0,TC1,n_agents,50,baseline,1
622,311.0,0,0.0,TC1,n_agents,50,baseline,1
623,311.5,0,0.0,TC1,n_agents,50,baseline,1
624,312.0,0,0.0,TC1,n_agents,50,baseline,1
625,312.5,0,0.0,TC1,n_agents,50,baseline,1
626,313.0,0,0.0,TC1,n_agents,50,baseline,1
627,313.5,0,0.0,TC1,n_agents,50,baseline,1
628,314.0,0,0.0,TC1,n_agents,50,baseline,1
629,314.5,0,0.0,TC1,n_agents,50,baseline,1
630,315.0,0,0.0,TC1,n_agents,50,baseline,1
631,315.5,0,0.0,TC1,n_agents,50,baseline,1
632,316.0,0,0.0,TC1,n_agents,50,baseline,1
633,316.5,0,0.0,TC1,n_agents,50,baseline,1
634,317.0,0,0.0,TC1,n_agents,50,baseline,1
635,317.5,0,0.0,TC1,n_agents,50,baseline,1
636,318.0,0,0.0,TC1,n_agents,50,baseline,1
637,318.5,0,0.0,TC1,n_agents,50,baseline,1
638,319.0,0,0.0,TC1,n_agents,50,baseline,1
639,319.5,0,0.0,TC1,n_agents,50,baseline,1
640,320.0,0,0.0,TC1,n_agents,50,baseline,1
641,320.5,0,0.0,TC1,n_agents,50,baseline,1
642,321.0,0,0.0,TC1,n_agents,50,baseline,1
643,321.5,0,0.0,TC1,n_agents,50,baseline,1
644,322.0,0,0.0,TC1,n_agents,50,baseline,1
645,322.5,0,0.0,TC1,n_agents,50,baseline,1
646,323.0,0,0.0,TC1,n_agents,50,baseline,1
647,323.5,0,0.0,TC1,n_agents,50,baseline,1
648,324.0,0,0.0,TC1,n_agents,50,baseline,1
649,324.5,0,0.0,TC1,n_agents,50,baseline,1
650,325.0,0,0.0,TC1,n_agents,50,baseline,1
651,325.5,0,0.0,TC1,n_agents,50,baseline,1
652,326.0,0,0.0,TC1,n_agents,50,baseline,1
653,326.5,0,0.0,TC1,n_agents,50,baseline,1
654,327.0,0,0.0,TC1,n_agents,50,baseline,1
655,327.5,0,0.0,TC1,n_agents,50,baseline,1
656,328.0,0,0.0,TC1,n_agents,50,baseline,1
657,328.5,0,0.0,TC1,n_agents,50,baseline,1
658,329.0,0,0.0,TC1,n_agents,50,baseline,1
659,329.5,0,0.0,TC1,n_agents,50,baseline,1
660,330.0,0,0.0,TC1,n_agents,50,baseline,1
661,330.5,0,0.0,TC1,n_agents,50,baseline,1
662,331.0,0,0.0,TC1,n_agents,50,baseline,1
663,331.5,0,0.0,TC1,n_agents,50,baseline,1
664,332.0,0,0.0,TC1,n_agents,50,baseline,1
665,332.5,0,0.0,TC1,n_agents,50,baseline,1
666,333.0,0,0.0,TC1,n_agents,50,baseline,1
667,333.5,0,0.0,TC1,n_agents,50,baseline,1
668,334.0,0,0.0,TC1,n_agents,50,baseline,1
669,334.5,0,0.0,TC1,n_agents,50,baseline,1
670,335.0,0,0.0,TC1,n_agents,50,baseline,1
671,335.5,0,0.0,TC1,n_agents,50,baseline,1
672,336.0,0,0.0,TC1,n_agents,50,baseline,1
673,336.5,0,0.0,TC1,n_agents,50,baseline,1
674,337.0,0,0.0,TC1,n_agents,50,baseline,1
675,337.5,0,0.0,TC1,n_agents,50,baseline,1
676,338.0,0,0.0,TC1,n_agents,50,baseline,1
677,338.5,0,0.0,TC1,n_agents,50,baseline,1
678,339.0,0,0.0,TC1,n_agents,50,baseline,1
679,339.5,0,0.0,TC1,n_agents,50,baseline,1
680,340.0,0,0.0,TC1,n_agents,50,baseline,1
681,340.5,0,0.0,TC1,n_agents,50,baseline,1
682,341.0,0,0.0,TC1,n_agents,50,baseline,1
683,341.5,0,0.0,TC1,n_agents,50,baseline,1
684,342.0,0,0.0,TC1,n_agents,50,baseline,1
685,342.5,0,0.0,TC1,n_agents,50,baseline,1
686,343.0,0,0.0,TC1,n_agents,50,baseline,1
687,343.5,0,0.0,TC1,n_agents,50,baseline,1
688,344.0,0,0.0,TC1,n_agents,50,baseline,1
689,344.5,0,0.0,TC1,n_agents,50,baseline,1
690,345.0,0,0.0,TC1,n_agents,50,baseline,1
691,345.5,0,0.0,TC1,n_agents,50,baseline,1
692,346.0,0,0.0,TC1,n_agents,50,baseline,1
693,346.5,0,0.0,TC1,n_agents,50,baseline,1
694,347.0,0,0.0,TC1,n_agents,50,baseline,1
695,347.5,0,0.0,TC1,n_agents,50,baseline,1
696,348.0,0,0.0,TC1,n_agents,50,baseline,1
697,348.5,0,0.0,TC1,n_agents,50,baseline,1
698,349.0,0,0.0,TC1,n_agents,50,baseline,1
699,349.5,0,0.0,TC1,n_agents,50,baseline,1
700,350.0,0,0.0,TC1,n_agents,50,baseline,1
701,350.5,0,0.0,TC1,n_agents,50,baseline,1
702,351.0,0,0.0,TC1,n_agents,50,baseline,1
703,351.5,0,0.0,TC1,n_agents,50,baseline,1
704,352.0,0,0.0,TC1,n_agents,50,baseline,1
705,352.5,0,0.0,TC1,n_agents,50,baseline,1
706,353.0,0,0.0,TC1,n_agents,50,baseline,1
707,353.5,0,0.0,TC1,n_agents,50,baseline,1
708,354.0,0,0.0,TC1,n_agents,50,baseline,1
709,354.5,0,0.0,TC1,n_agents,50,baseline,1
710,355.0,0,0.0,TC1,n_agents,50,baseline,1
711,355.5,0,0.0,TC1,n_agents,50,baseline,1
712,356.0,0,0.0,TC1,n_agents,50,baseline,1
713,356.5,0,0.0,TC1,n_agents,50,baseline,1
714,357.0,0,0.0,TC1,n_agents,50,baseline,1
715,357.5,0,0.0,TC1,n_agents,50,baseline,1
716,358.0,0,0.0,TC1,n_agents,50,baseline,1
717,358.5,0,0.0,TC1,n_agents,50,baseline,1
718,359.0,0,0.0,TC1,n_agents,50,baseline,1
719,359.5,0,0.0,TC1,n_agents,50,baseline,1
720,360.0,0,0.0,TC1,n_agents,50,baseline,1
721,360.5,0,0.0,TC1,n_agents,50,baseline,1
722,361.0,0,0.0,TC1,n_agents,50,baseline,1
723,361.5,0,0.0,TC1,n_agents,50,baseline,1
724,362.0,0,0.0,TC1,n_agents,50,baseline,1
725,362.5,0,0.0,TC1,n_agents,50,baseline,1
726,363.0,0,0.0,TC1,n_agents,50,baseline,1
727,363.5,0,0.0,TC1,n_agents,50,baseline,1
728,364.0,0,0.0,TC1,n_agents,50,baseline,1
729,364.5,0,0.0,TC1,n_agents,50,baseline,1
730,365.0,0,0.0,TC1,n_agents,50,baseline,1
731,365.5,0,0.0,TC1,n_agents,50,baseline,1
732,366.0,0,0.0,TC1,n_agents,50,baseline,1
733,366.5,0,0.0,TC1,n_agents,50,baseline,1
734,367.0,0,0.0,TC1,n_agents,50,baseline,1
735,367.5,0,0.0,TC1,n_agents,50,baseline,1
736,368.0,0,0.0,TC1,n_agents,50,baseline,1
737,368.5,0,0.0,TC1,n_agents,50,baseline,1
738,369.0,0,0.0,TC1,n_agents,50,baseline,1
739,369.5,0,0.0,TC1,n_agents,50,baseline,1
740,370.0,0,0.0,TC1,n_agents,50,baseline,1
741,370.5,0,0.0,TC1,n_agents,50,baseline,1
742,371.0,0,0.0,TC1,n_agents,50,baseline,1
743,371.5,0,0.0,TC1,n_agents,50,baseline,1
744,372.0,0,0.0,TC1,n_agents,50,baseline,1
745,372.5,0,0.0,TC1,n_agents,50,baseline,1
746,373.0,0,0.0,TC1,n_agents,50,baseline,1
747,373.5,0,0.0,TC1,n_agents,50,baseline,1
748,374.0,0,0.0,TC1,n_agents,50,baseline,1
749,374.5,0,0.0,TC1,n_agents,50,baseline,1
750,375.0,0,0.0,TC1,n_agents,50,baseline,1
751,375.5,0,0.0,TC1,n_agents,50,baseline,1
752,376.0,0,0.0,TC1,n_agents,50,baseline,1
753,376.5,0,0.0,TC1,n_agents,50,baseline,1
754,377.0,0,0.0,TC1,n_agents,50,baseline,1
755,377.5,0,0.0,TC1,n_agents,50,baseline,1
756,378.0,0,0.0,TC1,n_agents,50,baseline,1
757,378.5,0,0.0,TC1,n_agents,50,baseline,1
758,379.0,0,0.0,TC1,n_agents,50,baseline,1
759,379.5,0,0.0,TC1,n_agents,50,baseline,1
760,380.0,0,0.0,TC1,n_agents,50,baseline,1
761,380.5,0,0.0,TC1,n_agents,50,baseline,1
762,381.0,0,0.0,TC1,n_agents,50,baseline,1
763,381.5,0,0.0,TC1,n_agents,50,baseline,1
764,382.0,0,0.0,TC1,n_agents,50,baseline,1
765,382.5,0,0.0,TC1,n_agents,50,baseline,1
766,383.0,0,0.0,TC1,n_agents,50,baseline,1
767,383.5,0,0.0,TC1,n_agents,50,baseline,1
768,384.0,0,0.0,TC1,n_agents,50,baseline,1
769,384.5,0,0.0,TC1,n_agents,50,baseline,1
770,385.0,0,0.0,TC1,n_agents,50,baseline,1
771,385.5,0,0.0,TC1,n_agents,50,baseline,1
772,386.0,0,0.0,TC1,n_agents,50,baseline,1
773,386.5,0,0.0,TC1,n_agents,50,baseline,1
774,387.0,0,0.0,TC1,n_agents,50,baseline,1
775,387.5,0,0.0,TC1,n_agents,50,baseline,1
776,388.0,0,0.0,TC1,n_agents,50,baseline,1
777,388.5,0,0.0,TC1,n_agents,50,baseline,1
778,389.0,0,0.0,TC1,n_agents,50,baseline,1
779,389.5,0,0.0,TC1,n_agents,50,baseline,1
780,390.0,0,0.0,TC1,n_agents,50,baseline,1
781,390.5,0,0.0,TC1,n_agents,50,baseline,1
782,391.0,0,0.0,TC1,n_agents,50,baseline,1
783,391.5,0,0.0,TC1,n_agents,50,baseline,1
784,392.0,0,0.0,TC1,n_agents,50,baseline,1
785,392.5,0,0.0,TC1,n_agents,50,baseline,1
786,393.0,0,0.0,TC1,n_agents,50,baseline,1
787,393.5,0,0.0,TC1,n_agents,50,baseline,1
788,394.0,0,0.0,TC1,n_agents,50,baseline,1
789,394.5,0,0.0,TC1,n_agents,50,baseline,1
790,395.0,0,0.0,TC1,n_agents,50,baseline,1
791,395.5,0,0.0,TC1,n_agents,50,baseline,1
792,396.0,0,0.0,TC1,n_agents,50,baseline,1
793,396.5,0,0.0,TC1,n_agents,50,baseline,1
794,397.0,0,0.0,TC1,n_agents,50,baseline,1
795,397.5,0,0.0,TC1,n_agents,50,baseline,1
796,398.0,0,0.0,TC1,n_agents,50,baseline,1
797,398.5,0,0.0,TC1,n_agents,50,baseline,1
798,399.0,0,0.0,TC1,n_agents,50,baseline,1
799,399.5,0,0.0,TC1,n_agents,50,baseline,1
800,400.0,0,0.0,TC1,n_agents,50,baseline,1
0,0.0,0,0.0,TC1,n_agents,50,baseline,2
1,0.5,0,0.0,TC1,n_agents,50,baseline,2
2,1.0,0,0.0,TC1,n_agents,50,baseline,2
3,1.5,0,0.0,TC1,n_agents,50,baseline,2
4,2.0,0,0.0,TC1,n_agents,50,baseline,2
5,2.5,0,0.0,TC1,n_agents,50,baseline,2
6,3.0,0,0.0,TC1,n_agents,50,baseline,2
7,3.5,0,0.0,TC1,n_agents,50,baseline,2
8,4.0,0,0.0,TC1,n_agents,50,baseline,2
9,4.5,0,0.0,TC1,n_agents,50,baseline,2
10,5.0,0,0.0,TC1,n_agents,50,baseline,2
11,5.5,0,0.0,TC1,n_agents,50,baseline,2
12,6.0,0,0.0,TC1,n_agents,50,baseline,2
13,6.5,0,0.0,TC1,n_agents,50,baseline,2
14,7.0,0,0.0,TC1,n_agents,50,baseline,2
15,7.5,0,0.0,TC1,n_agents,50,baseline,2
16,8.0,0,0.0,TC1,n_agents,50,baseline,2
17,8.5,0,0.0,TC1,n_agents,50,baseline,2
18,9.0,0,0.0,TC1,n_agents,50,baseline,2
19,9.5,0,0.0,TC1,n_agents,50,baseline,2
20,10.0,0,0.0,TC1,n_agents,50,baseline,2
21,10.5,0,0.0,TC1,n_agents,50,baseline,2
22,11.0,0,0.0,TC1,n_agents,50,baseline,2
23,11.5,0,0.0,TC1,n_agents,50,baseline,2
24,12.0,0,0.0,TC1,n_agents,50,baseline,2
25,12.5,0,0.0,TC1,n_agents,50,baseline,2
26,13.0,0,0.0,TC1,n_agents,50,baseline,2
27,13.5,0,0.0,TC1,n_agents,50,baseline,2
28,14.0,0,0.0,TC1,n_agents,50,baseline,2
29,14.5,0,0.0,TC1,n_agents,50,baseline,2
30,15.0,0,0.0,TC1,n_agents,50,baseline,2
31,15.5,0,0.0,TC1,n_agents,50,baseline,2
32,16.0,0,0.0,TC1,n_agents,50,baseline,2
33,16.5,0,0.0,TC1,n_agents,50,baseline,2
34,17.0,0,0.0,TC1,n_agents,50,baseline,2
35,17.5,0,0.0,TC1,n_agents,50,baseline,2
36,18.0,0,0.0,TC1,n_agents,50,baseline,2
37,18.5,0,0.0,TC1,n_agents,50,baseline,2
38,19.0,0,0.0,TC1,n_agents,50,baseline,2
39,19.5,0,0.0,TC1,n_agents,50,baseline,2
40,20.0,0,0.0,TC1,n_agents,50,baseline,2
41,20.5,0,0.0,TC1,n_agents,50,baseline,2
42,21.0,0,0.0,TC1,n_agents,50,baseline,2
43,21.5,0,0.0,TC1,n_agents,50,baseline,2
44,22.0,0,0.0,TC1,n_agents,50,baseline,2
45,22.5,0,0.0,TC1,n_agents,50,baseline,2
46,23.0,0,0.0,TC1,n_agents,50,baseline,2
47,23.5,0,0.0,TC1,n_agents,50,baseline,2
48,24.0,0,0.0,TC1,n_agents,50,baseline,2
49,24.5,0,0.0,TC1,n_agents,50,baseline,2
50,25.0,0,0.0,TC1,n_agents,50,baseline,2
51,25.5,0,0.0,TC1,n_agents,50,baseline,2
52,26.0,0,0.0,TC1,n_agents,50,baseline,2
53,26.5,0,0.0,TC1,n_agents,50,baseline,2
54,27.0,0,0.0,TC1,n_agents,50,baseline,2
55,27.5,0,0.0,TC1,n_agents,50,baseline,2
56,28.0,0,0.0,TC1,n_agents,50,baseline,2
57,28.5,0,0.0,TC1,n_agents,50,baseline,2
58,29.0,0,0.0,TC1,n_agents,50,baseline,2
59,29.5,0,0.0,TC1,n_agents,50,baseline,2
60,30.0,0,0.0,TC1,n_agents,50,baseline,2
61,30.5,0,0.0,TC1,n_agents,50,baseline,2
62,31.0,0,0.0,TC1,n_agents,50,baseline,2
63,31.5,0,0.0,TC1,n_agents,50,baseline,2
64,32.0,0,0.0,TC1,n_agents,50,baseline,2
65,32.5,0,0.0,TC1,n_agents,50,baseline,2
66,33.0,0,0.0,TC1,n_agents,50,baseline,2
67,33.5,0,0.0,TC1,n_agents,50,baseline,2
68,34.0,0,0.0,TC1,n_agents,50,baseline,2
69,34.5,0,0.0,TC1,n_agents,50,baseline,2
70,35.0,0,0.0,TC1,n_agents,50,baseline,2
71,35.5,0,0.0,TC1,n_agents,50,baseline,2
72,36.0,0,0.0,TC1,n_agents,50,baseline,2
73,36.5,0,0.0,TC1,n_agents,50,baseline,2
74,37.0,0,0.0,TC1,n_agents,50,baseline,2
75,37.5,0,0.0,TC1,n_agents,50,baseline,2
76,38.0,0,0.0,TC1,n_agents,50,baseline,2
77,38.5,0,0.0,TC1,n_agents,50,baseline,2
78,39.0,0,0.0,TC1,n_agents,50,baseline,2
79,39.5,0,0.0,TC1,n_agents,50,baseline,2
80,40.0,0,0.0,TC1,n_agents,50,baseline,2
81,40.5,0,0.0,TC1,n_agents,50,baseline,2
82,41.0,0,0.0,TC1,n_agents,50,baseline,2
83,41.5,0,0.0,TC1,n_agents,50,baseline,2
84,42.0,0,0.0,TC1,n_agents,50,baseline,2
85,42.5,0,0.0,TC1,n_agents,50,baseline,2
86,43.0,0,0.0,TC1,n_agents,50,baseline,2
87,43.5,0,0.0,TC1,n_agents,50,baseline,2
88,44.0,0,0.0,TC1,n_agents,50,baseline,2
89,44.5,0,0.0,TC1,n_agents,50,baseline,2
90,45.0,0,0.0,TC1,n_agents,50,baseline,2
91,45.5,0,0.0,TC1,n_agents,50,baseline,2
92,46.0,0,0.0,TC1,n_agents,50,baseline,2
93,46.5,0,0.0,TC1,n_agents,50,baseline,2
94,47.0,0,0.0,TC1,n_agents,50,baseline,2
95,47.5,0,0.0,TC1,n_agents,50,baseline,2
96,48.0,0,0.0,TC1,n_agents,50,baseline,2
97,48.5,0,0.0,TC1,n_agents,50,baseline,2
98,49.0,0,0.0,TC1,n_agents,50,baseline,2
99,49.5,0,0.0,TC1,n_agents,50,baseline,2
100,50.0,0,0.0,TC1,n_agents,50,baseline,2
101,50.5,0,0.0,TC1,n_agents,50,baseline,2
102,51.0,0,0.0,TC1,n_agents,50,baseline,2
103,51.5,0,0.0,TC1,n_agents,50,baseline,2
104,52.0,0,0.0,TC1,n_agents,50,baseline,2
105,52.5,0,0.0,TC1,n_agents,50,baseline,2
106,53.0,0,0.0,TC1,n_agents,50,baseline,2
107,53.5,0,0.0,TC1,n_agents,50,baseline,2
108,54.0,0,0.0,TC1,n_agents,50,baseline,2
109,54.5,0,0.0,TC1,n_agents,50,baseline,2
110,55.0,0,0.0,TC1,n_agents,50,baseline,2
111,55.5,0,0.0,TC1,n_agents,50,baseline,2
112,56.0,0,0.0,TC1,n_agents,50,baseline,2
113,56.5,0,0.0,TC1,n_agents,50,baseline,2
114,57.0,0,0.0,TC1,n_agents,50,baseline,2
115,57.5,0,0.0,TC1,n_agents,50,baseline,2
116,58.0,0,0.0,TC1,n_agents,50,baseline,2
117,58.5,0,0.0,TC1,n_agents,50,baseline,2
118,59.0,0,0.0,TC1,n_agents,50,baseline,2
119,59.5,0,0.0,TC1,n_agents,50,baseline,2
120,60.0,0,0.0,TC1,n_agents,50,baseline,2
121,60.5,0,0.0,TC1,n_agents,50,baseline,2
122,61.0,0,0.0,TC1,n_agents,50,baseline,2
123,61.5,0,0.0,TC1,n_agents,50,baseline,2
124,62.0,0,0.0,TC1,n_agents,50,baseline,2
125,62.5,0,0.0,TC1,n_agents,50,baseline,2
126,63.0,0,0.0,TC1,n_agents,50,baseline,2
127,63.5,0,0.0,TC1,n_agents,50,baseline,2
128,64.0,0,0.0,TC1,n_agents,50,baseline,2
129,64.5,0,0.0,TC1,n_agents,50,baseline,2
130,65.0,0,0.0,TC1,n_agents,50,baseline,2
131,65.5,0,0.0,TC1,n_agents,50,baseline,2
132,66.0,0,0.0,TC1,n_agents,50,baseline,2
133,66.5,0,0.0,TC1,n_agents,50,baseline,2
134,67.0,0,0.0,TC1,n_agents,50,baseline,2
135,67.5,0,0.0,TC1,n_agents,50,baseline,2
136,68.0,0,0.0,TC1,n_agents,50,baseline,2
137,68.5,0,0.0,TC1,n_agents,50,baseline,2
138,69.0,0,0.0,TC1,n_agents,50,baseline,2
139,69.5,0,0.0,TC1,n_agents,50,baseline,2
140,70.0,0,0.0,TC1,n_agents,50,baseline,2
141,70.5,0,0.0,TC1,n_agents,50,baseline,2
142,71.0,0,0.0,TC1,n_agents,50,baseline,2
143,71.5,0,0.0,TC1,n_agents,50,baseline,2
144,72.0,0,0.0,TC1,n_agents,50,baseline,2
145,72.5,0,0.0,TC1,n_agents,50,baseline,2
146,73.0,0,0.0,TC1,n_agents,50,baseline,2
147,73.5,0,0.0,TC1,n_agents,50,baseline,2
148,74.0,0,0.0,TC1,n_agents,50,baseline,2
149,74.5,0,0.0,TC1,n_agents,50,baseline,2
150,75.0,0,0.0,TC1,n_agents,50,baseline,2
151,75.5,0,0.0,TC1,n_agents,50,baseline,2
152,76.0,0,0.0,TC1,n_agents,50,baseline,2
153,76.5,0,0.0,TC1,n_agents,50,baseline,2
154,77.0,0,0.0,TC1,n_agents,50,baseline,2
155,77.5,0,0.0,TC1,n_agents,50,baseline,2
156,78.0,0,0.0,TC1,n_agents,50,baseline,2
157,78.5,0,0.0,TC1,n_agents,50,baseline,2
158,79.0,0,0.0,TC1,n_agents,50,baseline,2
159,79.5,0,0.0,TC1,n_agents,50,baseline,2
160,80.0,0,0.0,TC1,n_agents,50,baseline,2
161,80.5,0,0.0,TC1,n_agents,50,baseline,2
162,81.0,0,0.0,TC1,n_agents,50,baseline,2
163,81.5,0,0.0,TC1,n_agents,50,baseline,2
164,82.0,0,0.0,TC1,n_agents,50,baseline,2
165,82.5,0,0.0,TC1,n_agents,50,baseline,2
166,83.0,0,0.0,TC1,n_agents,50,baseline,2
167,83.5,0,0.0,TC1,n_agents,50,baseline,2
168,84.0,0,0.0,TC1,n_agents,50,baseline,2
169,84.5,0,0.0,TC1,n_agents,50,baseline,2
170,85.0,0,0.0,TC1,n_agents,50,baseline,2
171,85.5,0,0.0,TC1,n_agents,50,baseline,2
172,86.0,0,0.0,TC1,n_agents,50,baseline,2
173,86.5,0,0.0,TC1,n_agents,50,baseline,2
174,87.0,0,0.0,TC1,n_agents,50,baseline,2
175,87.5,0,0.0,TC1,n_agents,50,baseline,2
176,88.0,0,0.0,TC1,n_agents,50,baseline,2
177,88.5,0,0.0,TC1,n_agents,50,baseline,2
178,89.0,0,0.0,TC1,n_agents,50,baseline,2
179,89.5,0,0.0,TC1,n_agents,50,baseline,2
180,90.0,0,0.0,TC1,n_agents,50,baseline,2
181,90.5,0,0.0,TC1,n_agents,50,baseline,2
182,91.0,0,0.0,TC1,n_agents,50,baseline,2
183,91.5,0,0.0,TC1,n_agents,50,baseline,2
184,92.0,0,0.0,TC1,n_agents,50,baseline,2
185,92.5,0,0.0,TC1,n_agents,50,baseline,2
186,93.0,0,0.0,TC1,n_agents,50,baseline,2
187,93.5,0,0.0,TC1,n_agents,50,baseline,2
188,94.0,0,0.0,TC1,n_agents,50,baseline,2
189,94.5,0,0.0,TC1,n_agents,50,baseline,2
190,95.0,0,0.0,TC1,n_agents,50,baseline,2
191,95.5,0,0.0,TC1,n_agents,50,baseline,2
192,96.0,0,0.0,TC1,n_agents,50,baseline,2
193,96.5,0,0.0,TC1,n_agents,50,baseline,2
194,97.0,0,0.0,TC1,n_agents,50,baseline,2
195,97.5,0,0.0,TC1,n_agents,50,baseline,2
196,98.0,0,0.0,TC1,n_agents,50,baseline,2
197,98.5,0,0.0,TC1,n_agents,50,baseline,2
198,99.0,0,0.0,TC1,n_agents,50,baseline,2
199,99.5,0,0.0,TC1,n_agents,50,baseline,2
200,100.0,0,0.0,TC1,n_agents,50,baseline,2
201,100.5,0,0.0,TC1,n_agents,50,baseline,2
202,101.0,0,0.0,TC1,n_agents,50,baseline,2
203,101.5,0,0.0,TC1,n_agents,50,baseline,2
204,102.0,0,0.0,TC1,n_agents,50,baseline,2
205,102.5,0,0.0,TC1,n_agents,50,baseline,2
206,103.0,0,0.0,TC1,n_agents,50,baseline,2
207,103.5,0,0.0,TC1,n_agents,50,baseline,2
208,104.0,0,0.0,TC1,n_agents,50,baseline,2
209,104.5,0,0.0,TC1,n_agents,50,baseline,2
210,105.0,0,0.0,TC1,n_agents,50,baseline,2
211,105.5,0,0.0,TC1,n_agents,50,baseline,2
212,106.0,0,0.0,TC1,n_agents,50,baseline,2
213,106.5,0,0.0,TC1,n_agents,50,baseline,2
214,107.0,0,0.0,TC1,n_agents,50,baseline,2
215,107.5,0,0.0,TC1,n_agents,50,baseline,2
216,108.0,0,0.0,TC1,n_agents,50,baseline,2
217,108.5,0,0.0,TC1,n_agents,50,baseline,2
218,109.0,0,0.0,TC1,n_agents,50,baseline,2
219,109.5,0,0.0,TC1,n_agents,50,baseline,2
220,110.0,0,0.0,TC1,n_agents,50,baseline,2
221,110.5,0,0.0,TC1,n_agents,50,baseline,2
222,111.0,0,0.0,TC1,n_agents,50,baseline,2
223,111.5,0,0.0,TC1,n_agents,50,baseline,2
224,112.0,0,0.0,TC1,n_agents,50,baseline,2
225,112.5,0,0.0,TC1,n_agents,50,baseline,2
226,113.0,0,0.0,TC1,n_agents,50,baseline,2
227,113.5,0,0.0,TC1,n_agents,50,baseline,2
228,114.0,0,0.0,TC1,n_agents,50,baseline,2
229,114.5,0,0.0,TC1,n_agents,50,baseline,2
230,115.0,0,0.0,TC1,n_agents,50,baseline,2
231,115.5,0,0.0,TC1,n_agents,50,baseline,2
232,116.0,0,0.0,TC1,n_agents,50,baseline,2
233,116.5,0,0.0,TC1,n_agents,50,baseline,2
234,117.0,0,0.0,TC1,n_agents,50,baseline,2
235,117.5,0,0.0,TC1,n_agents,50,baseline,2
236,118.0,0,0.0,TC1,n_agents,50,baseline,2
237,118.5,0,0.0,TC1,n_agents,50,baseline,2
238,119.0,0,0.0,TC1,n_agents,50,baseline,2
239,119.5,0,0.0,TC1,n_agents,50,baseline,2
240,120.0,0,0.0,TC1,n_agents,50,baseline,2
241,120.5,0,0.0,TC1,n_agents,50,baseline,2
242,121.0,0,0.0,TC1,n_agents,50,baseline,2
243,121.5,0,0.0,TC1,n_agents,50,baseline,2
244,122.0,0,0.0,TC1,n_agents,50,baseline,2
245,122.5,0,0.0,TC1,n_agents,50,baseline,2
246,123.0,0,0.0,TC1,n_agents,50,baseline,2
247,123.5,0,0.0,TC1,n_agents,50,baseline,2
248,124.0,0,0.0,TC1,n_agents,50,baseline,2
249,124.5,0,0.0,TC1,n_agents,50,baseline,2
250,125.0,0,0.0,TC1,n_agents,50,baseline,2
251,125.5,0,0.0,TC1,n_agents,50,baseline,2
252,126.0,0,0.0,TC1,n_agents,50,baseline,2
253,126.5,0,0.0,TC1,n_agents,50,baseline,2
254,127.0,0,0.0,TC1,n_agents,50,baseline,2
255,127.5,0,0.0,TC1,n_agents,50,baseline,2
256,128.0,0,0.0,TC1,n_agents,50,baseline,2
257,128.5,0,0.0,TC1,n_agents,50,baseline,2
258,129.0,0,0.0,TC1,n_agents,50,baseline,2
259,129.5,0,0.0,TC1,n_agents,50,baseline,2
260,130.0,0,0.0,TC1,n_agents,50,baseline,2
261,130.5,0,0.0,TC1,n_agents,50,baseline,2
262,131.0,0,0.0,TC1,n_agents,50,baseline,2
263,131.5,0,0.0,TC1,n_agents,50,baseline,2
264,132.0,0,0.0,TC1,n_agents,50,baseline,2
265,132.5,0,0.0,TC1,n_agents,50,baseline,2
266,133.0,0,0.0,TC1,n_agents,50,baseline,2
267,133.5,0,0.0,TC1,n_agents,50,baseline,2
268,134.0,0,0.0,TC1,n_agents,50,baseline,2
269,134.5,0,0.0,TC1,n_agents,50,baseline,2
270,135.0,0,0.0,TC1,n_agents,50,baseline,2
271,135.5,0,0.0,TC1,n_agents,50,baseline,2
272,136.0,0,0.0,TC1,n_agents,50,baseline,2
273,136.5,0,0.0,TC1,n_agents,50,baseline,2
274,137.0,0,0.0,TC1,n_agents,50,baseline,2
275,137.5,0,0.0,TC1,n_agents,50,baseline,2
276,138.0,0,0.0,TC1,n_agents,50,baseline,2
277,138.5,0,0.0,TC1,n_agents,50,baseline,2
278,139.0,0,0.0,TC1,n_agents,50,baseline,2
279,139.5,0,0.0,TC1,n_agents,50,baseline,2
280,140.0,0,0.0,TC1,n_agents,50,baseline,2
281,140.5,0,0.0,TC1,n_agents,50,baseline,2
282,141.0,0,0.0,TC1,n_agents,50,baseline,2
283,141.5,0,0.0,TC1,n_agents,50,baseline,2
284,142.0,0,0.0,TC1,n_agents,50,baseline,2
285,142.5,0,0.0,TC1,n_agents,50,baseline,2
286,143.0,0,0.0,TC1,n_agents,50,baseline,2
287,143.5,0,0.0,TC1,n_agents,50,baseline,2
288,144.0,0,0.0,TC1,n_agents,50,baseline,2
289,144.5,0,0.0,TC1,n_agents,50,baseline,2
290,145.0,0,0.0,TC1,n_agents,50,baseline,2
291,145.5,0,0.0,TC1,n_agents,50,baseline,2
292,146.0,0,0.0,TC1,n_agents,50,baseline,2
293,146.5,0,0.0,TC1,n_agents,50,baseline,2
294,147.0,0,0.0,TC1,n_agents,50,baseline,2
295,147.5,0,0.0,TC1,n_agents,50,baseline,2
296,148.0,0,0.0,TC1,n_agents,50,baseline,2
297,148.5,0,0.0,TC1,n_agents,50,baseline,2
298,149.0,0,0.0,TC1,n_agents,50,baseline,2
299,149.5,0,0.0,TC1,n_agents,50,baseline,2
300,150.0,0,0.0,TC1,n_agents,50,baseline,2
301,150.5,0,0.0,TC1,n_agents,50,baseline,2
302,151.0,0,0.0,TC1,n_agents,50,baseline,2
303,151.5,0,0.0,TC1,n_agents,50,baseline,2
304,152.0,0,0.0,TC1,n_agents,50,baseline,2
305,152.5,0,0.0,TC1,n_agents,50,baseline,2
306,153.0,0,0.0,TC1,n_agents,50,baseline,2
307,153.5,0,0.0,TC1,n_agents,50,baseline,2
308,154.0,0,0.0,TC1,n_agents,50,baseline,2
309,154.5,0,0.0,TC1,n_agents,50,baseline,2
310,155.0,0,0.0,TC1,n_agents,50,baseline,2
311,155.5,0,0.0,TC1,n_agents,50,baseline,2
312,156.0,0,0.0,TC1,n_agents,50,baseline,2
313,156.5,0,0.0,TC1,n_agents,50,baseline,2
314,157.0,0,0.0,TC1,n_agents,50,baseline,2
315,157.5,0,0.0,TC1,n_agents,50,baseline,2
316,158.0,0,0.0,TC1,n_agents,50,baseline,2
317,158.5,0,0.0,TC1,n_agents,50,baseline,2
318,159.0,0,0.0,TC1,n_agents,50,baseline,2
319,159.5,0,0.0,TC1,n_agents,50,baseline,2
320,160.0,0,0.0,TC1,n_agents,50,baseline,2
321,160.5,0,0.0,TC1,n_agents,50,baseline,2
322,161.0,0,0.0,TC1,n_agents,50,baseline,2
323,161.5,0,0.0,TC1,n_agents,50,baseline,2
324,162.0,0,0.0,TC1,n_agents,50,baseline,2
325,162.5,0,0.0,TC1,n_agents,50,baseline,2
326,163.0,0,0.0,TC1,n_agents,50,baseline,2
327,163.5,0,0.0,TC1,n_agents,50,baseline,2
328,164.0,0,0.0,TC1,n_agents,50,baseline,2
329,164.5,0,0.0,TC1,n_agents,50,baseline,2
330,165.0,0,0.0,TC1,n_agents,50,baseline,2
331,165.5,0,0.0,TC1,n_agents,50,baseline,2
332,166.0,0,0.0,TC1,n_agents,50,baseline,2
333,166.5,0,0.0,TC1,n_agents,50,baseline,2
334,167.0,0,0.0,TC1,n_agents,50,baseline,2
335,167.5,0,0.0,TC1,n_agents,50,baseline,2
336,168.0,0,0.0,TC1,n_agents,50,baseline,2
337,168.5,0,0.0,TC1,n_agents,50,baseline,2
338,169.0,0,0.0,TC1,n_agents,50,baseline,2
339,169.5,0,0.0,TC1,n_agents,50,baseline,2
340,170.0,0,0.0,TC1,n_agents,50,baseline,2
341,170.5,0,0.0,TC1,n_agents,50,baseline,2
342,171.0,0,0.0,TC1,n_agents,50,baseline,2
343,171.5,0,0.0,TC1,n_agents,50,baseline,2
344,172.0,0,0.0,TC1,n_agents,50,baseline,2
345,172.5,0,0.0,TC1,n_agents,50,baseline,2
346,173.0,0,0.0,TC1,n_agents,50,baseline,2
347,173.5,0,0.0,TC1,n_agents,50,baseline,2
348,174.0,0,0.0,TC1,n_agents,50,baseline,2
349,174.5,0,0.0,TC1,n_agents,50,baseline,2
350,175.0,0,0.0,TC1,n_agents,50,baseline,2
351,175.5,0,0.0,TC1,n_agents,50,baseline,2
352,176.0,0,0.0,TC1,n_agents,50,baseline,2
353,176.5,0,0.0,TC1,n_agents,50,baseline,2
354,177.0,0,0.0,TC1,n_agents,50,baseline,2
355,177.5,0,0.0,TC1,n_agents,50,baseline,2
356,178.0,0,0.0,TC1,n_agents,50,baseline,2
357,178.5,0,0.0,TC1,n_agents,50,baseline,2
358,179.0,0,0.0,TC1,n_agents,50,baseline,2
359,179.5,0,0.0,TC1,n_agents,50,baseline,2
360,180.0,0,0.0,TC1,n_agents,50,baseline,2
361,180.5,0,0.0,TC1,n_agents,50,baseline,2
362,181.0,0,0.0,TC1,n_agents,50,baseline,2
363,181.5,0,0.0,TC1,n_agents,50,baseline,2
364,182.0,0,0.0,TC1,n_agents,50,baseline,2
365,182.5,0,0.0,TC1,n_agents,50,baseline,2
366,183.0,0,0.0,TC1,n_agents,50,baseline,2
367,183.5,0,0.0,TC1,n_agents,50,baseline,2
368,184.0,0,0.0,TC1,n_agents,50,baseline,2
369,184.5,0,0.0,TC1,n_agents,50,baseline,2
370,185.0,0,0.0,TC1,n_agents,50,baseline,2
371,185.5,0,0.0,TC1,n_agents,50,baseline,2
372,186.0,0,0.0,TC1,n_agents,50,baseline,2
373,186.5,0,0.0,TC1,n_agents,50,baseline,2
374,187.0,0,0.0,TC1,n_agents,50,baseline,2
375,187.5,0,0.0,TC1,n_agents,50,baseline,2
376,188.0,0,0.0,TC1,n_agents,50,baseline,2
377,188.5,0,0.0,TC1,n_agents,50,baseline,2
378,189.0,0,0.0,TC1,n_agents,50,baseline,2
379,189.5,0,0.0,TC1,n_agents,50,baseline,2
380,190.0,0,0.0,TC1,n_agents,50,baseline,2
381,190.5,0,0.0,TC1,n_agents,50,baseline,2
382,191.0,0,0.0,TC1,n_agents,50,baseline,2
383,191.5,0,0.0,TC1,n_agents,50,baseline,2
384,192.0,0,0.0,TC1,n_agents,50,baseline,2
385,192.5,0,0.0,TC1,n_agents,50,baseline,2
386,193.0,0,0.0,TC1,n_agents,50,baseline,2
387,193.5,0,0.0,TC1,n_agents,50,baseline,2
388,194.0,0,0.0,TC1,n_agents,50,baseline,2
389,194.5,0,0.0,TC1,n_agents,50,baseline,2
390,195.0,0,0.0,TC1,n_agents,50,baseline,2
391,195.5,0,0.0,TC1,n_agents,50,baseline,2
392,196.0,0,0.0,TC1,n_agents,50,baseline,2
393,196.5,0,0.0,TC1,n_agents,50,baseline,2
394,197.0,0,0.0,TC1,n_agents,50,baseline,2
395,197.5,0,0.0,TC1,n_agents,50,baseline,2
396,198.0,0,0.0,TC1,n_agents,50,baseline,2
397,198.5,0,0.0,TC1,n_agents,50,baseline,2
398,199.0,0,0.0,TC1,n_agents,50,baseline,2
399,199.5,0,0.0,TC1,n_agents,50,baseline,2
400,200.0,0,0.0,TC1,n_agents,50,baseline,2
401,200.5,0,0.0,TC1,n_agents,50,baseline,2
402,201.0,0,0.0,TC1,n_agents,50,baseline,2
403,201.5,0,0.0,TC1,n_agents,50,baseline,2
404,202.0,0,0.0,TC1,n_agents,50,baseline,2
405,202.5,0,0.0,TC1,n_agents,50,baseline,2
406,203.0,0,0.0,TC1,n_agents,50,baseline,2
407,203.5,0,0.0,TC1,n_agents,50,baseline,2
408,204.0,0,0.0,TC1,n_agents,50,baseline,2
409,204.5,0,0.0,TC1,n_agents,50,baseline,2
410,205.0,0,0.0,TC1,n_agents,50,baseline,2
411,205.5,0,0.0,TC1,n_agents,50,baseline,2
412,206.0,0,0.0,TC1,n_agents,50,baseline,2
413,206.5,0,0.0,TC1,n_agents,50,baseline,2
414,207.0,0,0.0,TC1,n_agents,50,baseline,2
415,207.5,0,0.0,TC1,n_agents,50,baseline,2
416,208.0,0,0.0,TC1,n_agents,50,baseline,2
417,208.5,0,0.0,TC1,n_agents,50,baseline,2
418,209.0,0,0.0,TC1,n_agents,50,baseline,2
419,209.5,0,0.0,TC1,n_agents,50,baseline,2
420,210.0,0,0.0,TC1,n_agents,50,baseline,2
421,210.5,0,0.0,TC1,n_agents,50,baseline,2
422,211.0,0,0.0,TC1,n_agents,50,baseline,2
423,211.5,0,0.0,TC1,n_agents,50,baseline,2
424,212.0,0,0.0,TC1,n_agents,50,baseline,2
425,212.5,0,0.0,TC1,n_agents,50,baseline,2
426,213.0,0,0.0,TC1,n_agents,50,baseline,2
427,213.5,0,0.0,TC1,n_agents,50,baseline,2
428,214.0,0,0.0,TC1,n_agents,50,baseline,2
429,214.5,0,0.0,TC1,n_agents,50,baseline,2
430,215.0,0,0.0,TC1,n_agents,50,baseline,2
431,215.5,0,0.0,TC1,n_agents,50,baseline,2
432,216.0,0,0.0,TC1,n_agents,50,baseline,2
433,216.5,0,0.0,TC1,n_agents,50,baseline,2
434,217.0,0,0.0,TC1,n_agents,50,baseline,2
435,217.5,0,0.0,TC1,n_agents,50,baseline,2
436,218.0,0,0.0,TC1,n_agents,50,baseline,2
437,218.5,0,0.0,TC1,n_agents,50,baseline,2
438,219.0,0,0.0,TC1,n_agents,50,baseline,2
439,219.5,0,0.0,TC1,n_agents,50,baseline,2
440,220.0,0,0.0,TC1,n_agents,50,baseline,2
441,220.5,0,0.0,TC1,n_agents,50,baseline,2
442,221.0,0,0.0,TC1,n_agents,50,baseline,2
443,221.5,0,0.0,TC1,n_agents,50,baseline,2
444,222.0,0,0.0,TC1,n_agents,50,baseline,2
445,222.5,0,0.0,TC1,n_agents,50,baseline,2
446,223.0,0,0.0,TC1,n_agents,50,baseline,2
447,223.5,0,0.0,TC1,n_agents,50,baseline,2
448,224.0,0,0.0,TC1,n_agents,50,baseline,2
449,224.5,0,0.0,TC1,n_agents,50,baseline,2
450,225.0,0,0.0,TC1,n_agents,50,baseline,2
451,225.5,0,0.0,TC1,n_agents,50,baseline,2
452,226.0,0,0.0,TC1,n_agents,50,baseline,2
453,226.5,0,0.0,TC1,n_agents,50,baseline,2
454,227.0,0,0.0,TC1,n_agents,50,baseline,2
455,227.5,0,0.0,TC1,n_agents,50,baseline,2
456,228.0,0,0.0,TC1,n_agents,50,baseline,2
457,228.5,0,0.0,TC1,n_agents,50,baseline,2
458,229.0,0,0.0,TC1,n_agents,50,baseline,2
459,229.5,0,0.0,TC1,n_agents,50,baseline,2
460,230.0,0,0.0,TC1,n_agents,50,baseline,2
461,230.5,0,0.0,TC1,n_agents,50,baseline,2
462,231.0,0,0.0,TC1,n_agents,50,baseline,2
463,231.5,0,0.0,TC1,n_agents,50,baseline,2
464,232.0,0,0.0,TC1,n_agents,50,baseline,2
465,232.5,0,0.0,TC1,n_agents,50,baseline,2
466,233.0,0,0.0,TC1,n_agents,50,baseline,2
467,233.5,0,0.0,TC1,n_agents,50,baseline,2
468,234.0,0,0.0,TC1,n_agents,50,baseline,2
469,234.5,0,0.0,TC1,n_agents,50,baseline,2
470,235.0,0,0.0,TC1,n_agents,50,baseline,2
471,235.5,0,0.0,TC1,n_agents,50,baseline,2
472,236.0,0,0.0,TC1,n_agents,50,baseline,2
473,236.5,0,0.0,TC1,n_agents,50,baseline,2
474,237.0,0,0.0,TC1,n_agents,50,baseline,2
475,237.5,0,0.0,TC1,n_agents,50,baseline,2
476,238.0,0,0.0,TC1,n_agents,50,baseline,2
477,238.5,0,0.0,TC1,n_agents,50,baseline,2
478,239.0,0,0.0,TC1,n_agents,50,baseline,2
479,239.5,0,0.0,TC1,n_agents,50,baseline,2
480,240.0,0,0.0,TC1,n_agents,50,baseline,2
481,240.5,0,0.0,TC1,n_agents,50,baseline,2
482,241.0,0,0.0,TC1,n_agents,50,baseline,2
483,241.5,0,0.0,TC1,n_agents,50,baseline,2
484,242.0,0,0.0,TC1,n_agents,50,baseline,2
485,242.5,0,0.0,TC1,n_agents,50,baseline,2
486,243.0,0,0.0,TC1,n_agents,50,baseline,2
487,243.5,0,0.0,TC1,n_agents,50,baseline,2
488,244.0,0,0.0,TC1,n_agents,50,baseline,2
489,244.5,0,0.0,TC1,n_agents,50,baseline,2
490,245.0,0,0.0,TC1,n_agents,50,baseline,2
491,245.5,0,0.0,TC1,n_agents,50,baseline,2
492,246.0,0,0.0,TC1,n_agents,50,baseline,2
493,246.5,0,0.0,TC1,n_agents,50,baseline,2
494,247.0,0,0.0,TC1,n_agents,50,baseline,2
495,247.5,0,0.0,TC1,n_agents,50,baseline,2
496,248.0,0,0.0,TC1,n_agents,50,baseline,2
497,248.5,0,0.0,TC1,n_agents,50,baseline,2
498,249.0,0,0.0,TC1,n_agents,50,baseline,2
499,249.5,0,0.0,TC1,n_agents,50,baseline,2
500,250.0,0,0.0,TC1,n_agents,50,baseline,2
501,250.5,0,0.0,TC1,n_agents,50,baseline,2
502,251.0,0,0.0,TC1,n_agents,50,baseline,2
503,251.5,0,0.0,TC1,n_agents,50,baseline,2
504,252.0,0,0.0,TC1,n_agents,50,baseline,2
505,252.5,0,0.0,TC1,n_agents,50,baseline,2
506,253.0,0,0.0,TC1,n_agents,50,baseline,2
507,253.5,0,0.0,TC1,n_agents,50,baseline,2
508,254.0,0,0.0,TC1,n_agents,50,baseline,2
509,254.5,0,0.0,TC1,n_agents,50,baseline,2
510,255.0,0,0.0,TC1,n_agents,50,baseline,2
511,255.5,0,0.0,TC1,n_agents,50,baseline,2
512,256.0,0,0.0,TC1,n_agents,50,baseline,2
513,256.5,0,0.0,TC1,n_agents,50,baseline,2
514,257.0,0,0.0,TC1,n_agents,50,baseline,2
515,257.5,0,0.0,TC1,n_agents,50,baseline,2
516,258.0,0,0.0,TC1,n_agents,50,baseline,2
517,258.5,0,0.0,TC1,n_agents,50,baseline,2
518,259.0,0,0.0,TC1,n_agents,50,baseline,2
519,259.5,0,0.0,TC1,n_agents,50,baseline,2
520,260.0,0,0.0,TC1,n_agents,50,baseline,2
521,260.5,0,0.0,TC1,n_agents,50,baseline,2
522,261.0,0,0.0,TC1,n_agents,50,baseline,2
523,261.5,0,0.0,TC1,n_agents,50,baseline,2
524,262.0,0,0.0,TC1,n_agents,50,baseline,2
525,262.5,0,0.0,TC1,n_agents,50,baseline,2
526,263.0,0,0.0,TC1,n_agents,50,baseline,2
527,263.5,0,0.0,TC1,n_agents,50,baseline,2
528,264.0,0,0.0,TC1,n_agents,50,baseline,2
529,264.5,0,0.0,TC1,n_agents,50,baseline,2
530,265.0,0,0.0,TC1,n_agents,50,baseline,2
531,265.5,0,0.0,TC1,n_agents,50,baseline,2
532,266.0,0,0.0,TC1,n_agents,50,baseline,2
533,266.5,0,0.0,TC1,n_agents,50,baseline,2
534,267.0,0,0.0,TC1,n_agents,50,baseline,2
535,267.5,0,0.0,TC1,n_agents,50,baseline,2
536,268.0,0,0.0,TC1,n_agents,50,baseline,2
537,268.5,0,0.0,TC1,n_agents,50,baseline,2
538,269.0,0,0.0,TC1,n_agents,50,baseline,2
539,269.5,0,0.0,TC1,n_agents,50,baseline,2
540,270.0,0,0.0,TC1,n_agents,50,baseline,2
541,270.5,0,0.0,TC1,n_agents,50,baseline,2
542,271.0,0,0.0,TC1,n_agents,50,baseline,2
543,271.5,0,0.0,TC1,n_agents,50,baseline,2
544,272.0,0,0.0,TC1,n_agents,50,baseline,2
545,272.5,0,0.0,TC1,n_agents,50,baseline,2
546,273.0,0,0.0,TC1,n_agents,50,baseline,2
547,273.5,0,0.0,TC1,n_agents,50,baseline,2
548,274.0,0,0.0,TC1,n_agents,50,baseline,2
549,274.5,0,0.0,TC1,n_agents,50,baseline,2
550,275.0,0,0.0,TC1,n_agents,50,baseline,2
551,275.5,0,0.0,TC1,n_agents,50,baseline,2
552,276.0,0,0.0,TC1,n_agents,50,baseline,2
553,276.5,0,0.0,TC1,n_agents,50,baseline,2
554,277.0,0,0.0,TC1,n_agents,50,baseline,2
555,277.5,0,0.0,TC1,n_agents,50,baseline,2
556,278.0,0,0.0,TC1,n_agents,50,baseline,2
557,278.5,0,0.0,TC1,n_agents,50,baseline,2
558,279.0,0,0.0,TC1,n_agents,50,baseline,2
559,279.5,0,0.0,TC1,n_agents,50,baseline,2
560,280.0,0,0.0,TC1,n_agents,50,baseline,2
561,280.5,0,0.0,TC1,n_agents,50,baseline,2
562,281.0,0,0.0,TC1,n_agents,50,baseline,2
563,281.5,0,0.0,TC1,n_agents,50,baseline,2
564,282.0,0,0.0,TC1,n_agents,50,baseline,2
565,282.5,0,0.0,TC1,n_agents,50,baseline,2
566,283.0,0,0.0,TC1,n_agents,50,baseline,2
567,283.5,0,0.0,TC1,n_agents,50,baseline,2
568,284.0,0,0.0,TC1,n_agents,50,baseline,2
569,284.5,0,0.0,TC1,n_agents,50,baseline,2
570,285.0,0,0.0,TC1,n_agents,50,baseline,2
571,285.5,0,0.0,TC1,n_agents,50,baseline,2
572,286.0,0,0.0,TC1,n_agents,50,baseline,2
573,286.5,0,0.0,TC1,n_agents,50,baseline,2
574,287.0,0,0.0,TC1,n_agents,50,baseline,2
575,287.5,0,0.0,TC1,n_agents,50,baseline,2
576,288.0,0,0.0,TC1,n_agents,50,baseline,2
577,288.5,0,0.0,TC1,n_agents,50,baseline,2
578,289.0,0,0.0,TC1,n_agents,50,baseline,2
579,289.5,0,0.0,TC1,n_agents,50,baseline,2
580,290.0,0,0.0,TC1,n_agents,50,baseline,2
581,290.5,0,0.0,TC1,n_agents,50,baseline,2
582,291.0,0,0.0,TC1,n_agents,50,baseline,2
583,291.5,0,0.0,TC1,n_agents,50,baseline,2
584,292.0,0,0.0,TC1,n_agents,50,baseline,2
585,292.5,0,0.0,TC1,n_agents,50,baseline,2
586,293.0,0,0.0,TC1,n_agents,50,baseline,2
587,293.5,0,0.0,TC1,n_agents,50,baseline,2
588,294.0,0,0.0,TC1,n_agents,50,baseline,2
589,294.5,0,0.0,TC1,n_agents,50,baseline,2
590,295.0,0,0.0,TC1,n_agents,50,baseline,2
591,295.5,0,0.0,TC1,n_agents,50,baseline,2
592,296.0,0,0.0,TC1,n_agents,50,baseline,2
593,296.5,0,0.0,TC1,n_agents,50,baseline,2
594,297.0,0,0.0,TC1,n_agents,50,baseline,2
595,297.5,0,0.0,TC1,n_agents,50,baseline,2
596,298.0,0,0.0,TC1,n_agents,50,baseline,2
597,298.5,0,0.0,TC1,n_agents,50,baseline,2
598,299.0,0,0.0,TC1,n_agents,50,baseline,2
599,299.5,0,0.0,TC1,n_agents,50,baseline,2
600,300.0,0,0.0,TC1,n_agents,50,baseline,2
601,300.5,0,0.0,TC1,n_agents,50,baseline,2
602,301.0,0,0.0,TC1,n_agents,50,baseline,2
603,301.5,0,0.0,TC1,n_agents,50,baseline,2
604,302.0,0,0.0,TC1,n_agents,50,baseline,2
605,302.5,0,0.0,TC1,n_agents,50,baseline,2
606,303.0,0,0.0,TC1,n_agents,50,baseline,2
607,303.5,0,0.0,TC1,n_agents,50,baseline,2
608,304.0,0,0.0,TC1,n_agents,50,baseline,2
609,304.5,0,0.0,TC1,n_agents,50,baseline,2
610,305.0,0,0.0,TC1,n_agents,50,baseline,2
611,305.5,0,0.0,TC1,n_agents,50,baseline,2
612,306.0,0,0.0,TC1,n_agents,50,baseline,2
613,306.5,0,0.0,TC1,n_agents,50,baseline,2
614,307.0,0,0.0,TC1,n_agents,50,baseline,2
615,307.5,0,0.0,TC1,n_agents,50,baseline,2
616,308.0,0,0.0,TC1,n_agents,50,baseline,2
617,308.5,0,0.0,TC1,n_agents,50,baseline,2
618,309.0,0,0.0,TC1,n_agents,50,baseline,2
619,309.5,0,0.0,TC1,n_agents,50,baseline,2
620,310.0,0,0.0,TC1,n_agents,50,baseline,2
621,310.5,0,0.0,TC1,n_agents,50,baseline,2
622,311.0,0,0.0,TC1,n_agents,50,baseline,2
623,311.5,0,0.0,TC1,n_agents,50,baseline,2
624,312.0,0,0.0,TC1,n_agents,50,baseline,2
625,312.5,0,0.0,TC1,n_agents,50,baseline,2
626,313.0,0,0.0,TC1,n_agents,50,baseline,2
627,313.5,0,0.0,TC1,n_agents,50,baseline,2
628,314.0,0,0.0,TC1,n_agents,50,baseline,2
629,314.5,0,0.0,TC1,n_agents,50,baseline,2
630,315.0,0,0.0,TC1,n_agents,50,baseline,2
631,315.5,0,0.0,TC1,n_agents,50,baseline,2
632,316.0,0,0.0,TC1,n_agents,50,baseline,2
633,316.5,0,0.0,TC1,n_agents,50,baseline,2
634,317.0,0,0.0,TC1,n_agents,50,baseline,2
635,317.5,0,0.0,TC1,n_agents,50,baseline,2
636,318.0,0,0.0,TC1,n_agents,50,baseline,2
637,318.5,0,0.0,TC1,n_agents,50,baseline,2
638,319.0,0,0.0,TC1,n_agents,50,baseline,2
639,319.5,0,0.0,TC1,n_agents,50,baseline,2
640,320.0,0,0.0,TC1,n_agents,50,baseline,2
641,320.5,0,0.0,TC1,n_agents,50,baseline,2
642,321.0,0,0.0,TC1,n_agents,50,baseline,2
643,321.5,0,0.0,TC1,n_agents,50,baseline,2
644,322.0,0,0.0,TC1,n_agents,50,baseline,2
645,322.5,0,0.0,TC1,n_agents,50,baseline,2
646,323.0,0,0.0,TC1,n_agents,50,baseline,2
647,323.5,0,0.0,TC1,n_agents,50,baseline,2
648,324.0,0,0.0,TC1,n_agents,50,baseline,2
649,324.5,0,0.0,TC1,n_agents,50,baseline,2
650,325.0,0,0.0,TC1,n_agents,50,baseline,2
651,325.5,0,0.0,TC1,n_agents,50,baseline,2
652,326.0,0,0.0,TC1,n_agents,50,baseline,2
653,326.5,0,0.0,TC1,n_agents,50,baseline,2
654,327.0,0,0.0,TC1,n_agents,50,baseline,2
655,327.5,0,0.0,TC1,n_agents,50,baseline,2
656,328.0,0,0.0,TC1,n_agents,50,baseline,2
657,328.5,0,0.0,TC1,n_agents,50,baseline,2
658,329.0,0,0.0,TC1,n_agents,50,baseline,2
659,329.5,0,0.0,TC1,n_agents,50,baseline,2
660,330.0,0,0.0,TC1,n_agents,50,baseline,2
661,330.5,0,0.0,TC1,n_agents,50,baseline,2
662,331.0,0,0.0,TC1,n_agents,50,baseline,2
663,331.5,0,0.0,TC1,n_agents,50,baseline,2
664,332.0,0,0.0,TC1,n_agents,50,baseline,2
665,332.5,0,0.0,TC1,n_agents,50,baseline,2
666,333.0,0,0.0,TC1,n_agents,50,baseline,2
667,333.5,0,0.0,TC1,n_agents,50,baseline,2
668,334.0,0,0.0,TC1,n_agents,50,baseline,2
669,334.5,0,0.0,TC1,n_agents,50,baseline,2
670,335.0,0,0.0,TC1,n_agents,50,baseline,2
671,335.5,0,0.0,TC1,n_agents,50,baseline,2
672,336.0,0,0.0,TC1,n_agents,50,baseline,2
673,336.5,0,0.0,TC1,n_agents,50,baseline,2
674,337.0,0,0.0,TC1,n_agents,50,baseline,2
675,337.5,0,0.0,TC1,n_agents,50,baseline,2
676,338.0,0,0.0,TC1,n_agents,50,baseline,2
677,338.5,0,0.0,TC1,n_agents,50,baseline,2
678,339.0,0,0.0,TC1,n_agents,50,baseline,2
679,339.5,0,0.0,TC1,n_agents,50,baseline,2
680,340.0,0,0.0,TC1,n_agents,50,baseline,2
681,340.5,0,0.0,TC1,n_agents,50,baseline,2
682,341.0,0,0.0,TC1,n_agents,50,baseline,2
683,341.5,0,0.0,TC1,n_agents,50,baseline,2
684,342.0,0,0.0,TC1,n_agents,50,baseline,2
685,342.5,0,0.0,TC1,n_agents,50,baseline,2
686,343.0,0,0.0,TC1,n_agents,50,baseline,2
687,343.5,0,0.0,TC1,n_agents,50,baseline,2
688,344.0,0,0.0,TC1,n_agents,50,baseline,2
689,344.5,0,0.0,TC1,n_agents,50,baseline,2
690,345.0,0,0.0,TC1,n_agents,50,baseline,2
691,345.5,0,0.0,TC1,n_agents,50,baseline,2
692,346.0,0,0.0,TC1,n_agents,50,baseline,2
693,346.5,0,0.0,TC1,n_agents,50,baseline,2
694,347.0,0,0.0,TC1,n_agents,50,baseline,2
695,347.5,0,0.0,TC1,n_agents,50,baseline,2
696,348.0,0,0.0,TC1,n_agents,50,baseline,2
697,348.5,0,0.0,TC1,n_agents,50,baseline,2
698,349.0,0,0.0,TC1,n_agents,50,baseline,2
699,349.5,0,0.0,TC1,n_agents,50,baseline,2
700,350.0,0,0.0,TC1,n_agents,50,baseline,2
701,350.5,0,0.0,TC1,n_agents,50,baseline,2
702,351.0,0,0.0,TC1,n_agents,50,baseline,2
703,351.5,0,0.0,TC1,n_agents,50,baseline,2
704,352.0,0,0.0,TC1,n_agents,50,baseline,2
705,352.5,0,0.0,TC1,n_agents,50,baseline,2
706,353.0,0,0.0,TC1,n_agents,50,baseline,2
707,353.5,0,0.0,TC1,n_agents,50,baseline,2
708,354.0,0,0.0,TC1,n_agents,50,baseline,2
709,354.5,0,0.0,TC1,n_agents,50,baseline,2
710,355.0,0,0.0,TC1,n_agents,50,baseline,2
711,355.5,0,0.0,TC1,n_agents,50,baseline,2
712,356.0,0,0.0,TC1,n_agents,50,baseline,2
713,356.5,0,0.0,TC1,n_agents,50,baseline,2
714,357.0,0,0.0,TC1,n_agents,50,baseline,2
715,357.5,0,0.0,TC1,n_agents,50,baseline,2
716,358.0,0,0.0,TC1,n_agents,50,baseline,2
717,358.5,0,0.0,TC1,n_agents,50,baseline,2
718,359.0,0,0.0,TC1,n_agents,50,baseline,2
719,359.5,0,0.0,TC1,n_agents,50,baseline,2
720,360.0,0,0.0,TC1,n_agents,50,baseline,2
721,360.5,0,0.0,TC1,n_agents,50,baseline,2
722,361.0,0,0.0,TC1,n_agents,50,baseline,2
723,361.5,0,0.0,TC1,n_agents,50,baseline,2
724,362.0,0,0.0,TC1,n_agents,50,baseline,2
725,362.5,0,0.0,TC1,n_agents,50,baseline,2
726,363.0,0,0.0,TC1,n_agents,50,baseline,2
727,363.5,0,0.0,TC1,n_agents,50,baseline,2
728,364.0,0,0.0,TC1,n_agents,50,baseline,2
729,364.5,0,0.0,TC1,n_agents,50,baseline,2
730,365.0,0,0.0,TC1,n_agents,50,baseline,2
731,365.5,0,0.0,TC1,n_agents,50,baseline,2
732,366.0,0,0.0,TC1,n_agents,50,baseline,2
733,366.5,0,0.0,TC1,n_agents,50,baseline,2
734,367.0,0,0.0,TC1,n_agents,50,baseline,2
735,367.5,0,0.0,TC1,n_agents,50,baseline,2
736,368.0,0,0.0,TC1,n_agents,50,baseline,2
737,368.5,0,0.0,TC1,n_agents,50,baseline,2
738,369.0,0,0.0,TC1,n_agents,50,baseline,2
739,369.5,0,0.0,TC1,n_agents,50,baseline,2
740,370.0,0,0.0,TC1,n_agents,50,baseline,2
741,370.5,0,0.0,TC1,n_agents,50,baseline,2
742,371.0,0,0.0,TC1,n_agents,50,baseline,2
743,371.5,0,0.0,TC1,n_agents,50,baseline,2
744,372.0,0,0.0,TC1,n_agents,50,baseline,2
745,372.5,0,0.0,TC1,n_agents,50,baseline,2
746,373.0,0,0.0,TC1,n_agents,50,baseline,2
747,373.5,0,0.0,TC1,n_agents,50,baseline,2
748,374.0,0,0.0,TC1,n_agents,50,baseline,2
749,374.5,0,0.0,TC1,n_agents,50,baseline,2
750,375.0,0,0.0,TC1,n_agents,50,baseline,2
751,375.5,0,0.0,TC1,n_agents,50,baseline,2
752,376.0,0,0.0,TC1,n_agents,50,baseline,2
753,376.5,0,0.0,TC1,n_agents,50,baseline,2
754,377.0,0,0.0,TC1,n_agents,50,baseline,2
755,377.5,0,0.0,TC1,n_agents,50,baseline,2
756,378.0,0,0.0,TC1,n_agents,50,baseline,2
757,378.5,0,0.0,TC1,n_agents,50,baseline,2
758,379.0,0,0.0,TC1,n_agents,50,baseline,2
759,379.5,0,0.0,TC1,n_agents,50,baseline,2
760,380.0,0,0.0,TC1,n_agents,50,baseline,2
761,380.5,0,0.0,TC1,n_agents,50,baseline,2
762,381.0,0,0.0,TC1,n_agents,50,baseline,2
763,381.5,0,0.0,TC1,n_agents,50,baseline,2
764,382.0,0,0.0,TC1,n_agents,50,baseline,2
765,382.5,0,0.0,TC1,n_agents,50,baseline,2
766,383.0,0,0.0,TC1,n_agents,50,baseline,2
767,383.5,0,0.0,TC1,n_agents,50,baseline,2
768,384.0,0,0.0,TC1,n_agents,50,baseline,2
769,384.5,0,0.0,TC1,n_agents,50,baseline,2
770,385.0,0,0.0,TC1,n_agents,50,baseline,2
771,385.5,0,0.0,TC1,n_agents,50,baseline,2
772,386.0,0,0.0,TC1,n_agents,50,baseline,2
773,386.5,0,0.0,TC1,n_agents,50,baseline,2
774,387.0,0,0.0,TC1,n_agents,50,baseline,2
775,387.5,0,0.0,TC1,n_agents,50,baseline,2
776,388.0,0,0.0,TC1,n_agents,50,baseline,2
777,388.5,0,0.0,TC1,n_agents,50,baseline,2
778,389.0,0,0.0,TC1,n_agents,50,baseline,2
779,389.5,0,0.0,TC1,n_agents,50,baseline,2
780,390.0,0,0.0,TC1,n_agents,50,baseline,2
781,390.5,0,0.0,TC1,n_agents,50,baseline,2
782,391.0,0,0.0,TC1,n_agents,50,baseline,2
783,391.5,0,0.0,TC1,n_agents,50,baseline,2
784,392.0,0,0.0,TC1,n_agents,50,baseline,2
785,392.5,0,0.0,TC1,n_agents,50,baseline,2
786,393.0,0,0.0,TC1,n_agents,50,baseline,2
787,393.5,0,0.0,TC1,n_agents,50,baseline,2
788,394.0,0,0.0,TC1,n_agents,50,baseline,2
789,394.5,0,0.0,TC1,n_agents,50,baseline,2
790,395.0,0,0.0,TC1,n_agents,50,baseline,2
791,395.5,0,0.0,TC1,n_agents,50,baseline,2
792,396.0,0,0.0,TC1,n_agents,50,baseline,2
793,396.5,0,0.0,TC1,n_agents,50,baseline,2
794,397.0,0,0.0,TC1,n_agents,50,baseline,2
795,397.5,0,0.0,TC1,n_agents,50,baseline,2
796,398.0,0,0.0,TC1,n_agents,50,baseline,2
797,398.5,0,0.0,TC1,n_agents,50,baseline,2
798,399.0,0,0.0,TC1,n_agents,50,baseline,2
799,399.5,0,0.0,TC1,n_agents,50,baseline,2
800,400.0,0,0.0,TC1,n_agents,50,baseline,2
0,0.0,0,0.0,TC1,n_agents,50,baseline,3
1,0.5,0,0.0,TC1,n_agents,50,baseline,3
2,1.0,0,0.0,TC1,n_agents,50,baseline,3
3,1.5,0,0.0,TC1,n_agents,50,baseline,3
4,2.0,0,0.0,TC1,n_agents,50,baseline,3
5,2.5,0,0.0,TC1,n_agents,50,baseline,3
6,3.0,0,0.0,TC1,n_agents,50,baseline,3
7,3.5,0,0.0,TC1,n_agents,50,baseline,3
8,4.0,0,0.0,TC1,n_agents,50,baseline,3
9,4.5,0,0.0,TC1,n_agents,50,baseline,3
10,5.0,0,0.0,TC1,n_agents,50,baseline,3
11,5.5,0,0.0,TC1,n_agents,50,baseline,3
12,6.0,0,0.0,TC1,n_agents,50,baseline,3
13,6.5,0,0.0,TC1,n_agents,50,baseline,3
14,7.0,0,0.0,TC1,n_agents,50,baseline,3
15,7.5,0,0.0,TC1,n_agents,50,baseline,3
16,8.0,0,0.0,TC1,n_agents,50,baseline,3
17,8.5,0,0.0,TC1,n_agents,50,baseline,3
18,9.0,0,0.0,TC1,n_agents,50,baseline,3
19,9.5,0,0.0,TC1,n_agents,50,baseline,3
20,10.0,0,0.0,TC1,n_agents,50,baseline,3
21,10.5,0,0.0,TC1,n_agents,50,baseline,3
22,11.0,0,0.0,TC1,n_agents,50,baseline,3
23,11.5,0,0.0,TC1,n_agents,50,baseline,3
24,12.0,0,0.0,TC1,n_agents,50,baseline,3
25,12.5,0,0.0,TC1,n_agents,50,baseline,3
26,13.0,0,0.0,TC1,n_agents,50,baseline,3
27,13.5,0,0.0,TC1,n_agents,50,baseline,3
28,14.0,0,0.0,TC1,n_agents,50,baseline,3
29,14.5,0,0.0,TC1,n_agents,50,baseline,3
30,15.0,0,0.0,TC1,n_agents,50,baseline,3
31,15.5,0,0.0,TC1,n_agents,50,baseline,3
32,16.0,0,0.0,TC1,n_agents,50,baseline,3
33,16.5,0,0.0,TC1,n_agents,50,baseline,3
34,17.0,0,0.0,TC1,n_agents,50,baseline,3
35,17.5,0,0.0,TC1,n_agents,50,baseline,3
36,18.0,0,0.0,TC1,n_agents,50,baseline,3
37,18.5,0,0.0,TC1,n_agents,50,baseline,3
38,19.0,0,0.0,TC1,n_agents,50,baseline,3
39,19.5,0,0.0,TC1,n_agents,50,baseline,3
40,20.0,0,0.0,TC1,n_agents,50,baseline,3
41,20.5,0,0.0,TC1,n_agents,50,baseline,3
42,21.0,0,0.0,TC1,n_agents,50,baseline,3
43,21.5,0,0.0,TC1,n_agents,50,baseline,3
44,22.0,0,0.0,TC1,n_agents,50,baseline,3
45,22.5,0,0.0,TC1,n_agents,50,baseline,3
46,23.0,0,0.0,TC1,n_agents,50,baseline,3
47,23.5,0,0.0,TC1,n_agents,50,baseline,3
48,24.0,0,0.0,TC1,n_agents,50,baseline,3
49,24.5,0,0.0,TC1,n_agents,50,baseline,3
50,25.0,0,0.0,TC1,n_agents,50,baseline,3
51,25.5,0,0.0,TC1,n_agents,50,baseline,3
52,26.0,0,0.0,TC1,n_agents,50,baseline,3
53,26.5,0,0.0,TC1,n_agents,50,baseline,3
54,27.0,0,0.0,TC1,n_agents,50,baseline,3
55,27.5,0,0.0,TC1,n_agents,50,baseline,3
56,28.0,0,0.0,TC1,n_agents,50,baseline,3
57,28.5,0,0.0,TC1,n_agents,50,baseline,3
58,29.0,0,0.0,TC1,n_agents,50,baseline,3
59,29.5,0,0.0,TC1,n_agents,50,baseline,3
60,30.0,0,0.0,TC1,n_agents,50,baseline,3
61,30.5,0,0.0,TC1,n_agents,50,baseline,3
62,31.0,0,0.0,TC1,n_agents,50,baseline,3
63,31.5,0,0.0,TC1,n_agents,50,baseline,3
64,32.0,0,0.0,TC1,n_agents,50,baseline,3
65,32.5,0,0.0,TC1,n_agents,50,baseline,3
66,33.0,0,0.0,TC1,n_agents,50,baseline,3
67,33.5,0,0.0,TC1,n_agents,50,baseline,3
68,34.0,0,0.0,TC1,n_agents,50,baseline,3
69,34.5,0,0.0,TC1,n_agents,50,baseline,3
70,35.0,0,0.0,TC1,n_agents,50,baseline,3
71,35.5,0,0.0,TC1,n_agents,50,baseline,3
72,36.0,0,0.0,TC1,n_agents,50,baseline,3
73,36.5,0,0.0,TC1,n_agents,50,baseline,3
74,37.0,0,0.0,TC1,n_agents,50,baseline,3
75,37.5,0,0.0,TC1,n_agents,50,baseline,3
76,38.0,0,0.0,TC1,n_agents,50,baseline,3
77,38.5,0,0.0,TC1,n_agents,50,baseline,3
78,39.0,0,0.0,TC1,n_agents,50,baseline,3
79,39.5,0,0.0,TC1,n_agents,50,baseline,3
80,40.0,0,0.0,TC1,n_agents,50,baseline,3
81,40.5,0,0.0,TC1,n_agents,50,baseline,3
82,41.0,0,0.0,TC1,n_agents,50,baseline,3
83,41.5,0,0.0,TC1,n_agents,50,baseline,3
84,42.0,0,0.0,TC1,n_agents,50,baseline,3
85,42.5,0,0.0,TC1,n_agents,50,baseline,3
86,43.0,0,0.0,TC1,n_agents,50,baseline,3
87,43.5,0,0.0,TC1,n_agents,50,baseline,3
88,44.0,0,0.0,TC1,n_agents,50,baseline,3
89,44.5,0,0.0,TC1,n_agents,50,baseline,3
90,45.0,0,0.0,TC1,n_agents,50,baseline,3
91,45.5,0,0.0,TC1,n_agents,50,baseline,3
92,46.0,0,0.0,TC1,n_agents,50,baseline,3
93,46.5,0,0.0,TC1,n_agents,50,baseline,3
94,47.0,0,0.0,TC1,n_agents,50,baseline,3
95,47.5,0,0.0,TC1,n_agents,50,baseline,3
96,48.0,0,0.0,TC1,n_agents,50,baseline,3
97,48.5,0,0.0,TC1,n_agents,50,baseline,3
98,49.0,0,0.0,TC1,n_agents,50,baseline,3
99,49.5,0,0.0,TC1,n_agents,50,baseline,3
100,50.0,0,0.0,TC1,n_agents,50,baseline,3
101,50.5,0,0.0,TC1,n_agents,50,baseline,3
102,51.0,0,0.0,TC1,n_agents,50,baseline,3
103,51.5,0,0.0,TC1,n_agents,50,baseline,3
104,52.0,0,0.0,TC1,n_agents,50,baseline,3
105,52.5,0,0.0,TC1,n_agents,50,baseline,3
106,53.0,0,0.0,TC1,n_agents,50,baseline,3
107,53.5,0,0.0,TC1,n_agents,50,baseline,3
108,54.0,0,0.0,TC1,n_agents,50,baseline,3
109,54.5,0,0.0,TC1,n_agents,50,baseline,3
110,55.0,0,0.0,TC1,n_agents,50,baseline,3
111,55.5,0,0.0,TC1,n_agents,50,baseline,3
112,56.0,0,0.0,TC1,n_agents,50,baseline,3
113,56.5,0,0.0,TC1,n_agents,50,baseline,3
114,57.0,0,0.0,TC1,n_agents,50,baseline,3
115,57.5,0,0.0,TC1,n_agents,50,baseline,3
116,58.0,0,0.0,TC1,n_agents,50,baseline,3
117,58.5,0,0.0,TC1,n_agents,50,baseline,3
118,59.0,0,0.0,TC1,n_agents,50,baseline,3
119,59.5,0,0.0,TC1,n_agents,50,baseline,3
120,60.0,0,0.0,TC1,n_agents,50,baseline,3
121,60.5,0,0.0,TC1,n_agents,50,baseline,3
122,61.0,0,0.0,TC1,n_agents,50,baseline,3
123,61.5,0,0.0,TC1,n_agents,50,baseline,3
124,62.0,0,0.0,TC1,n_agents,50,baseline,3
125,62.5,0,0.0,TC1,n_agents,50,baseline,3
126,63.0,0,0.0,TC1,n_agents,50,baseline,3
127,63.5,0,0.0,TC1,n_agents,50,baseline,3
128,64.0,0,0.0,TC1,n_agents,50,baseline,3
129,64.5,0,0.0,TC1,n_agents,50,baseline,3
130,65.0,0,0.0,TC1,n_agents,50,baseline,3
131,65.5,0,0.0,TC1,n_agents,50,baseline,3
132,66.0,0,0.0,TC1,n_agents,50,baseline,3
133,66.5,0,0.0,TC1,n_agents,50,baseline,3
134,67.0,0,0.0,TC1,n_agents,50,baseline,3
135,67.5,0,0.0,TC1,n_agents,50,baseline,3
136,68.0,0,0.0,TC1,n_agents,50,baseline,3
137,68.5,0,0.0,TC1,n_agents,50,baseline,3
138,69.0,0,0.0,TC1,n_agents,50,baseline,3
139,69.5,0,0.0,TC1,n_agents,50,baseline,3
140,70.0,0,0.0,TC1,n_agents,50,baseline,3
141,70.5,0,0.0,TC1,n_agents,50,baseline,3
142,71.0,0,0.0,TC1,n_agents,50,baseline,3
143,71.5,0,0.0,TC1,n_agents,50,baseline,3
144,72.0,0,0.0,TC1,n_agents,50,baseline,3
145,72.5,0,0.0,TC1,n_agents,50,baseline,3
146,73.0,0,0.0,TC1,n_agents,50,baseline,3
147,73.5,0,0.0,TC1,n_agents,50,baseline,3
148,74.0,0,0.0,TC1,n_agents,50,baseline,3
149,74.5,0,0.0,TC1,n_agents,50,baseline,3
150,75.0,0,0.0,TC1,n_agents,50,baseline,3
151,75.5,0,0.0,TC1,n_agents,50,baseline,3
152,76.0,0,0.0,TC1,n_agents,50,baseline,3
153,76.5,0,0.0,TC1,n_agents,50,baseline,3
154,77.0,0,0.0,TC1,n_agents,50,baseline,3
155,77.5,0,0.0,TC1,n_agents,50,baseline,3
156,78.0,0,0.0,TC1,n_agents,50,baseline,3
157,78.5,0,0.0,TC1,n_agents,50,baseline,3
158,79.0,0,0.0,TC1,n_agents,50,baseline,3
159,79.5,0,0.0,TC1,n_agents,50,baseline,3
160,80.0,0,0.0,TC1,n_agents,50,baseline,3
161,80.5,0,0.0,TC1,n_agents,50,baseline,3
162,81.0,0,0.0,TC1,n_agents,50,baseline,3
163,81.5,0,0.0,TC1,n_agents,50,baseline,3
164,82.0,0,0.0,TC1,n_agents,50,baseline,3
165,82.5,0,0.0,TC1,n_agents,50,baseline,3
166,83.0,0,0.0,TC1,n_agents,50,baseline,3
167,83.5,0,0.0,TC1,n_agents,50,baseline,3
168,84.0,0,0.0,TC1,n_agents,50,baseline,3
169,84.5,0,0.0,TC1,n_agents,50,baseline,3
170,85.0,0,0.0,TC1,n_agents,50,baseline,3
171,85.5,0,0.0,TC1,n_agents,50,baseline,3
172,86.0,0,0.0,TC1,n_agents,50,baseline,3
173,86.5,0,0.0,TC1,n_agents,50,baseline,3
174,87.0,0,0.0,TC1,n_agents,50,baseline,3
175,87.5,0,0.0,TC1,n_agents,50,baseline,3
176,88.0,0,0.0,TC1,n_agents,50,baseline,3
177,88.5,0,0.0,TC1,n_agents,50,baseline,3
178,89.0,0,0.0,TC1,n_agents,50,baseline,3
179,89.5,0,0.0,TC1,n_agents,50,baseline,3
180,90.0,0,0.0,TC1,n_agents,50,baseline,3
181,90.5,0,0.0,TC1,n_agents,50,baseline,3
182,91.0,0,0.0,TC1,n_agents,50,baseline,3
183,91.5,0,0.0,TC1,n_agents,50,baseline,3
184,92.0,0,0.0,TC1,n_agents,50,baseline,3
185,92.5,0,0.0,TC1,n_agents,50,baseline,3
186,93.0,0,0.0,TC1,n_agents,50,baseline,3
187,93.5,0,0.0,TC1,n_agents,50,baseline,3
188,94.0,0,0.0,TC1,n_agents,50,baseline,3
189,94.5,0,0.0,TC1,n_agents,50,baseline,3
190,95.0,0,0.0,TC1,n_agents,50,baseline,3
191,95.5,0,0.0,TC1,n_agents,50,baseline,3
192,96.0,0,0.0,TC1,n_agents,50,baseline,3
193,96.5,0,0.0,TC1,n_agents,50,baseline,3
194,97.0,0,0.0,TC1,n_agents,50,baseline,3
195,97.5,0,0.0,TC1,n_agents,50,baseline,3
196,98.0,0,0.0,TC1,n_agents,50,baseline,3
197,98.5,0,0.0,TC1,n_agents,50,baseline,3
198,99.0,0,0.0,TC1,n_agents,50,baseline,3
199,99.5,0,0.0,TC1,n_agents,50,baseline,3
200,100.0,0,0.0,TC1,n_agents,50,baseline,3
201,100.5,0,0.0,TC1,n_agents,50,baseline,3
202,101.0,0,0.0,TC1,n_agents,50,baseline,3
203,101.5,0,0.0,TC1,n_agents,50,baseline,3
204,102.0,0,0.0,TC1,n_agents,50,baseline,3
205,102.5,0,0.0,TC1,n_agents,50,baseline,3
206,103.0,0,0.0,TC1,n_agents,50,baseline,3
207,103.5,0,0.0,TC1,n_agents,50,baseline,3
208,104.0,0,0.0,TC1,n_agents,50,baseline,3
209,104.5,0,0.0,TC1,n_agents,50,baseline,3
210,105.0,0,0.0,TC1,n_agents,50,baseline,3
211,105.5,0,0.0,TC1,n_agents,50,baseline,3
212,106.0,0,0.0,TC1,n_agents,50,baseline,3
213,106.5,0,0.0,TC1,n_agents,50,baseline,3
214,107.0,0,0.0,TC1,n_agents,50,baseline,3
215,107.5,0,0.0,TC1,n_agents,50,baseline,3
216,108.0,0,0.0,TC1,n_agents,50,baseline,3
217,108.5,0,0.0,TC1,n_agents,50,baseline,3
218,109.0,0,0.0,TC1,n_agents,50,baseline,3
219,109.5,0,0.0,TC1,n_agents,50,baseline,3
220,110.0,0,0.0,TC1,n_agents,50,baseline,3
221,110.5,0,0.0,TC1,n_agents,50,baseline,3
222,111.0,0,0.0,TC1,n_agents,50,baseline,3
223,111.5,0,0.0,TC1,n_agents,50,baseline,3
224,112.0,0,0.0,TC1,n_agents,50,baseline,3
225,112.5,0,0.0,TC1,n_agents,50,baseline,3
226,113.0,0,0.0,TC1,n_agents,50,baseline,3
227,113.5,0,0.0,TC1,n_agents,50,baseline,3
228,114.0,0,0.0,TC1,n_agents,50,baseline,3
229,114.5,0,0.0,TC1,n_agents,50,baseline,3
230,115.0,0,0.0,TC1,n_agents,50,baseline,3
231,115.5,0,0.0,TC1,n_agents,50,baseline,3
232,116.0,0,0.0,TC1,n_agents,50,baseline,3
233,116.5,0,0.0,TC1,n_agents,50,baseline,3
234,117.0,0,0.0,TC1,n_agents,50,baseline,3
235,117.5,0,0.0,TC1,n_agents,50,baseline,3
236,118.0,0,0.0,TC1,n_agents,50,baseline,3
237,118.5,0,0.0,TC1,n_agents,50,baseline,3
238,119.0,0,0.0,TC1,n_agents,50,baseline,3
239,119.5,0,0.0,TC1,n_agents,50,baseline,3
240,120.0,0,0.0,TC1,n_agents,50,baseline,3
241,120.5,0,0.0,TC1,n_agents,50,baseline,3
242,121.0,0,0.0,TC1,n_agents,50,baseline,3
243,121.5,0,0.0,TC1,n_agents,50,baseline,3
244,122.0,0,0.0,TC1,n_agents,50,baseline,3
245,122.5,0,0.0,TC1,n_agents,50,baseline,3
246,123.0,0,0.0,TC1,n_agents,50,baseline,3
247,123.5,0,0.0,TC1,n_agents,50,baseline,3
248,124.0,0,0.0,TC1,n_agents,50,baseline,3
249,124.5,0,0.0,TC1,n_agents,50,baseline,3
250,125.0,0,0.0,TC1,n_agents,50,baseline,3
251,125.5,0,0.0,TC1,n_agents,50,baseline,3
252,126.0,0,0.0,TC1,n_agents,50,baseline,3
253,126.5,0,0.0,TC1,n_agents,50,baseline,3
254,127.0,0,0.0,TC1,n_agents,50,baseline,3
255,127.5,0,0.0,TC1,n_agents,50,baseline,3
256,128.0,0,0.0,TC1,n_agents,50,baseline,3
257,128.5,0,0.0,TC1,n_agents,50,baseline,3
258,129.0,0,0.0,TC1,n_agents,50,baseline,3
259,129.5,0,0.0,TC1,n_agents,50,baseline,3
260,130.0,0,0.0,TC1,n_agents,50,baseline,3
261,130.5,0,0.0,TC1,n_agents,50,baseline,3
262,131.0,0,0.0,TC1,n_agents,50,baseline,3
263,131.5,0,0.0,TC1,n_agents,50,baseline,3
264,132.0,0,0.0,TC1,n_agents,50,baseline,3
265,132.5,0,0.0,TC1,n_agents,50,baseline,3
266,133.0,0,0.0,TC1,n_agents,50,baseline,3
267,133.5,0,0.0,TC1,n_agents,50,baseline,3
268,134.0,0,0.0,TC1,n_agents,50,baseline,3
269,134.5,0,0.0,TC1,n_agents,50,baseline,3
270,135.0,0,0.0,TC1,n_agents,50,baseline,3
271,135.5,0,0.0,TC1,n_agents,50,baseline,3
272,136.0,0,0.0,TC1,n_agents,50,baseline,3
273,136.5,0,0.0,TC1,n_agents,50,baseline,3
274,137.0,0,0.0,TC1,n_agents,50,baseline,3
275,137.5,0,0.0,TC1,n_agents,50,baseline,3
276,138.0,0,0.0,TC1,n_agents,50,baseline,3
277,138.5,0,0.0,TC1,n_agents,50,baseline,3
278,139.0,0,0.0,TC1,n_agents,50,baseline,3
279,139.5,0,0.0,TC1,n_agents,50,baseline,3
280,140.0,0,0.0,TC1,n_agents,50,baseline,3
281,140.5,0,0.0,TC1,n_agents,50,baseline,3
282,141.0,0,0.0,TC1,n_agents,50,baseline,3
283,141.5,0,0.0,TC1,n_agents,50,baseline,3
284,142.0,0,0.0,TC1,n_agents,50,baseline,3
285,142.5,0,0.0,TC1,n_agents,50,baseline,3
286,143.0,0,0.0,TC1,n_agents,50,baseline,3
287,143.5,0,0.0,TC1,n_agents,50,baseline,3
288,144.0,0,0.0,TC1,n_agents,50,baseline,3
289,144.5,0,0.0,TC1,n_agents,50,baseline,3
290,145.0,0,0.0,TC1,n_agents,50,baseline,3
291,145.5,0,0.0,TC1,n_agents,50,baseline,3
292,146.0,0,0.0,TC1,n_agents,50,baseline,3
293,146.5,0,0.0,TC1,n_agents,50,baseline,3
294,147.0,0,0.0,TC1,n_agents,50,baseline,3
295,147.5,0,0.0,TC1,n_agents,50,baseline,3
296,148.0,0,0.0,TC1,n_agents,50,baseline,3
297,148.5,0,0.0,TC1,n_agents,50,baseline,3
298,149.0,0,0.0,TC1,n_agents,50,baseline,3
299,149.5,0,0.0,TC1,n_agents,50,baseline,3
300,150.0,0,0.0,TC1,n_agents,50,baseline,3
301,150.5,0,0.0,TC1,n_agents,50,baseline,3
302,151.0,0,0.0,TC1,n_agents,50,baseline,3
303,151.5,0,0.0,TC1,n_agents,50,baseline,3
304,152.0,0,0.0,TC1,n_agents,50,baseline,3
305,152.5,0,0.0,TC1,n_agents,50,baseline,3
306,153.0,0,0.0,TC1,n_agents,50,baseline,3
307,153.5,0,0.0,TC1,n_agents,50,baseline,3
308,154.0,0,0.0,TC1,n_agents,50,baseline,3
309,154.5,0,0.0,TC1,n_agents,50,baseline,3
310,155.0,0,0.0,TC1,n_agents,50,baseline,3
311,155.5,0,0.0,TC1,n_agents,50,baseline,3
312,156.0,0,0.0,TC1,n_agents,50,baseline,3
313,156.5,0,0.0,TC1,n_agents,50,baseline,3
314,157.0,0,0.0,TC1,n_agents,50,baseline,3
315,157.5,0,0.0,TC1,n_agents,50,baseline,3
316,158.0,0,0.0,TC1,n_agents,50,baseline,3
317,158.5,0,0.0,TC1,n_agents,50,baseline,3
318,159.0,0,0.0,TC1,n_agents,50,baseline,3
319,159.5,0,0.0,TC1,n_agents,50,baseline,3
320,160.0,0,0.0,TC1,n_agents,50,baseline,3
321,160.5,0,0.0,TC1,n_agents,50,baseline,3
322,161.0,0,0.0,TC1,n_agents,50,baseline,3
323,161.5,0,0.0,TC1,n_agents,50,baseline,3
324,162.0,0,0.0,TC1,n_agents,50,baseline,3
325,162.5,0,0.0,TC1,n_agents,50,baseline,3
326,163.0,0,0.0,TC1,n_agents,50,baseline,3
327,163.5,0,0.0,TC1,n_agents,50,baseline,3
328,164.0,0,0.0,TC1,n_agents,50,baseline,3
329,164.5,0,0.0,TC1,n_agents,50,baseline,3
330,165.0,0,0.0,TC1,n_agents,50,baseline,3
331,165.5,0,0.0,TC1,n_agents,50,baseline,3
332,166.0,0,0.0,TC1,n_agents,50,baseline,3
333,166.5,0,0.0,TC1,n_agents,50,baseline,3
334,167.0,0,0.0,TC1,n_agents,50,baseline,3
335,167.5,0,0.0,TC1,n_agents,50,baseline,3
336,168.0,0,0.0,TC1,n_agents,50,baseline,3
337,168.5,0,0.0,TC1,n_agents,50,baseline,3
338,169.0,0,0.0,TC1,n_agents,50,baseline,3
339,169.5,0,0.0,TC1,n_agents,50,baseline,3
340,170.0,0,0.0,TC1,n_agents,50,baseline,3
341,170.5,0,0.0,TC1,n_agents,50,baseline,3
342,171.0,0,0.0,TC1,n_agents,50,baseline,3
343,171.5,0,0.0,TC1,n_agents,50,baseline,3
344,172.0,0,0.0,TC1,n_agents,50,baseline,3
345,172.5,0,0.0,TC1,n_agents,50,baseline,3
346,173.0,0,0.0,TC1,n_agents,50,baseline,3
347,173.5,0,0.0,TC1,n_agents,50,baseline,3
348,174.0,0,0.0,TC1,n_agents,50,baseline,3
349,174.5,0,0.0,TC1,n_agents,50,baseline,3
350,175.0,0,0.0,TC1,n_agents,50,baseline,3
351,175.5,0,0.0,TC1,n_agents,50,baseline,3
352,176.0,0,0.0,TC1,n_agents,50,baseline,3
353,176.5,0,0.0,TC1,n_agents,50,baseline,3
354,177.0,0,0.0,TC1,n_agents,50,baseline,3
355,177.5,0,0.0,TC1,n_agents,50,baseline,3
356,178.0,0,0.0,TC1,n_agents,50,baseline,3
357,178.5,0,0.0,TC1,n_agents,50,baseline,3
358,179.0,0,0.0,TC1,n_agents,50,baseline,3
359,179.5,0,0.0,TC1,n_agents,50,baseline,3
360,180.0,0,0.0,TC1,n_agents,50,baseline,3
361,180.5,0,0.0,TC1,n_agents,50,baseline,3
362,181.0,0,0.0,TC1,n_agents,50,baseline,3
363,181.5,0,0.0,TC1,n_agents,50,baseline,3
364,182.0,0,0.0,TC1,n_agents,50,baseline,3
365,182.5,0,0.0,TC1,n_agents,50,baseline,3
366,183.0,0,0.0,TC1,n_agents,50,baseline,3
367,183.5,0,0.0,TC1,n_agents,50,baseline,3
368,184.0,0,0.0,TC1,n_agents,50,baseline,3
369,184.5,0,0.0,TC1,n_agents,50,baseline,3
370,185.0,0,0.0,TC1,n_agents,50,baseline,3
371,185.5,0,0.0,TC1,n_agents,50,baseline,3
372,186.0,0,0.0,TC1,n_agents,50,baseline,3
373,186.5,0,0.0,TC1,n_agents,50,baseline,3
374,187.0,0,0.0,TC1,n_agents,50,baseline,3
375,187.5,0,0.0,TC1,n_agents,50,baseline,3
376,188.0,0,0.0,TC1,n_agents,50,baseline,3
377,188.5,0,0.0,TC1,n_agents,50,baseline,3
378,189.0,0,0.0,TC1,n_agents,50,baseline,3
379,189.5,0,0.0,TC1,n_agents,50,baseline,3
380,190.0,0,0.0,TC1,n_agents,50,baseline,3
381,190.5,0,0.0,TC1,n_agents,50,baseline,3
382,191.0,0,0.0,TC1,n_agents,50,baseline,3
383,191.5,0,0.0,TC1,n_agents,50,baseline,3
384,192.0,0,0.0,TC1,n_agents,50,baseline,3
385,192.5,0,0.0,TC1,n_agents,50,baseline,3
386,193.0,0,0.0,TC1,n_agents,50,baseline,3
387,193.5,0,0.0,TC1,n_agents,50,baseline,3
388,194.0,0,0.0,TC1,n_agents,50,baseline,3
389,194.5,0,0.0,TC1,n_agents,50,baseline,3
390,195.0,0,0.0,TC1,n_agents,50,baseline,3
391,195.5,0,0.0,TC1,n_agents,50,baseline,3
392,196.0,0,0.0,TC1,n_agents,50,baseline,3
393,196.5,0,0.0,TC1,n_agents,50,baseline,3
394,197.0,0,0.0,TC1,n_agents,50,baseline,3
395,197.5,0,0.0,TC1,n_agents,50,baseline,3
396,198.0,0,0.0,TC1,n_agents,50,baseline,3
397,198.5,0,0.0,TC1,n_agents,50,baseline,3
398,199.0,0,0.0,TC1,n_agents,50,baseline,3
399,199.5,0,0.0,TC1,n_agents,50,baseline,3
400,200.0,0,0.0,TC1,n_agents,50,baseline,3
401,200.5,0,0.0,TC1,n_agents,50,baseline,3
402,201.0,0,0.0,TC1,n_agents,50,baseline,3
403,201.5,0,0.0,TC1,n_agents,50,baseline,3
404,202.0,0,0.0,TC1,n_agents,50,baseline,3
405,202.5,0,0.0,TC1,n_agents,50,baseline,3
406,203.0,0,0.0,TC1,n_agents,50,baseline,3
407,203.5,0,0.0,TC1,n_agents,50,baseline,3
408,204.0,0,0.0,TC1,n_agents,50,baseline,3
409,204.5,0,0.0,TC1,n_agents,50,baseline,3
410,205.0,0,0.0,TC1,n_agents,50,baseline,3
411,205.5,0,0.0,TC1,n_agents,50,baseline,3
412,206.0,0,0.0,TC1,n_agents,50,baseline,3
413,206.5,0,0.0,TC1,n_agents,50,baseline,3
414,207.0,0,0.0,TC1,n_agents,50,baseline,3
415,207.5,0,0.0,TC1,n_agents,50,baseline,3
416,208.0,0,0.0,TC1,n_agents,50,baseline,3
417,208.5,0,0.0,TC1,n_agents,50,baseline,3
418,209.0,0,0.0,TC1,n_agents,50,baseline,3
419,209.5,0,0.0,TC1,n_agents,50,baseline,3
420,210.0,0,0.0,TC1,n_agents,50,baseline,3
421,210.5,0,0.0,TC1,n_agents,50,baseline,3
422,211.0,0,0.0,TC1,n_agents,50,baseline,3
423,211.5,0,0.0,TC1,n_agents,50,baseline,3
424,212.0,0,0.0,TC1,n_agents,50,baseline,3
425,212.5,0,0.0,TC1,n_agents,50,baseline,3
426,213.0,0,0.0,TC1,n_agents,50,baseline,3
427,213.5,0,0.0,TC1,n_agents,50,baseline,3
428,214.0,0,0.0,TC1,n_agents,50,baseline,3
429,214.5,0,0.0,TC1,n_agents,50,baseline,3
430,215.0,0,0.0,TC1,n_agents,50,baseline,3
431,215.5,0,0.0,TC1,n_agents,50,baseline,3
432,216.0,0,0.0,TC1,n_agents,50,baseline,3
433,216.5,0,0.0,TC1,n_agents,50,baseline,3
434,217.0,0,0.0,TC1,n_agents,50,baseline,3
435,217.5,0,0.0,TC1,n_agents,50,baseline,3
436,218.0,0,0.0,TC1,n_agents,50,baseline,3
437,218.5,0,0.0,TC1,n_agents,50,baseline,3
438,219.0,0,0.0,TC1,n_agents,50,baseline,3
439,219.5,0,0.0,TC1,n_agents,50,baseline,3
440,220.0,0,0.0,TC1,n_agents,50,baseline,3
441,220.5,0,0.0,TC1,n_agents,50,baseline,3
442,221.0,0,0.0,TC1,n_agents,50,baseline,3
443,221.5,0,0.0,TC1,n_agents,50,baseline,3
444,222.0,0,0.0,TC1,n_agents,50,baseline,3
445,222.5,0,0.0,TC1,n_agents,50,baseline,3
446,223.0,0,0.0,TC1,n_agents,50,baseline,3
447,223.5,0,0.0,TC1,n_agents,50,baseline,3
448,224.0,0,0.0,TC1,n_agents,50,baseline,3
449,224.5,0,0.0,TC1,n_agents,50,baseline,3
450,225.0,0,0.0,TC1,n_agents,50,baseline,3
451,225.5,0,0.0,TC1,n_agents,50,baseline,3
452,226.0,0,0.0,TC1,n_agents,50,baseline,3
453,226.5,0,0.0,TC1,n_agents,50,baseline,3
454,227.0,0,0.0,TC1,n_agents,50,baseline,3
455,227.5,0,0.0,TC1,n_agents,50,baseline,3
456,228.0,0,0.0,TC1,n_agents,50,baseline,3
457,228.5,0,0.0,TC1,n_agents,50,baseline,3
458,229.0,0,0.0,TC1,n_agents,50,baseline,3
459,229.5,0,0.0,TC1,n_agents,50,baseline,3
460,230.0,0,0.0,TC1,n_agents,50,baseline,3
461,230.5,0,0.0,TC1,n_agents,50,baseline,3
462,231.0,0,0.0,TC1,n_agents,50,baseline,3
463,231.5,0,0.0,TC1,n_agents,50,baseline,3
464,232.0,0,0.0,TC1,n_agents,50,baseline,3
465,232.5,0,0.0,TC1,n_agents,50,baseline,3
466,233.0,0,0.0,TC1,n_agents,50,baseline,3
467,233.5,0,0.0,TC1,n_agents,50,baseline,3
468,234.0,0,0.0,TC1,n_agents,50,baseline,3
469,234.5,0,0.0,TC1,n_agents,50,baseline,3
470,235.0,0,0.0,TC1,n_agents,50,baseline,3
471,235.5,0,0.0,TC1,n_agents,50,baseline,3
472,236.0,0,0.0,TC1,n_agents,50,baseline,3
473,236.5,0,0.0,TC1,n_agents,50,baseline,3
474,237.0,0,0.0,TC1,n_agents,50,baseline,3
475,237.5,0,0.0,TC1,n_agents,50,baseline,3
476,238.0,0,0.0,TC1,n_agents,50,baseline,3
477,238.5,0,0.0,TC1,n_agents,50,baseline,3
478,239.0,0,0.0,TC1,n_agents,50,baseline,3
479,239.5,0,0.0,TC1,n_agents,50,baseline,3
480,240.0,0,0.0,TC1,n_agents,50,baseline,3
481,240.5,0,0.0,TC1,n_agents,50,baseline,3
482,241.0,0,0.0,TC1,n_agents,50,baseline,3
483,241.5,0,0.0,TC1,n_agents,50,baseline,3
484,242.0,0,0.0,TC1,n_agents,50,baseline,3
485,242.5,0,0.0,TC1,n_agents,50,baseline,3
486,243.0,0,0.0,TC1,n_agents,50,baseline,3
487,243.5,0,0.0,TC1,n_agents,50,baseline,3
488,244.0,0,0.0,TC1,n_agents,50,baseline,3
489,244.5,0,0.0,TC1,n_agents,50,baseline,3
490,245.0,0,0.0,TC1,n_agents,50,baseline,3
491,245.5,0,0.0,TC1,n_agents,50,baseline,3
492,246.0,0,0.0,TC1,n_agents,50,baseline,3
493,246.5,0,0.0,TC1,n_agents,50,baseline,3
494,247.0,0,0.0,TC1,n_agents,50,baseline,3
495,247.5,0,0.0,TC1,n_agents,50,baseline,3
496,248.0,0,0.0,TC1,n_agents,50,baseline,3
497,248.5,0,0.0,TC1,n_agents,50,baseline,3
498,249.0,0,0.0,TC1,n_agents,50,baseline,3
499,249.5,0,0.0,TC1,n_agents,50,baseline,3
500,250.0,0,0.0,TC1,n_agents,50,baseline,3
501,250.5,0,0.0,TC1,n_agents,50,baseline,3
502,251.0,0,0.0,TC1,n_agents,50,baseline,3
503,251.5,0,0.0,TC1,n_agents,50,baseline,3
504,252.0,0,0.0,TC1,n_agents,50,baseline,3
505,252.5,0,0.0,TC1,n_agents,50,baseline,3
506,253.0,0,0.0,TC1,n_agents,50,baseline,3
507,253.5,0,0.0,TC1,n_agents,50,baseline,3
508,254.0,0,0.0,TC1,n_agents,50,baseline,3
509,254.5,0,0.0,TC1,n_agents,50,baseline,3
510,255.0,0,0.0,TC1,n_agents,50,baseline,3
511,255.5,0,0.0,TC1,n_agents,50,baseline,3
512,256.0,0,0.0,TC1,n_agents,50,baseline,3
513,256.5,0,0.0,TC1,n_agents,50,baseline,3
514,257.0,0,0.0,TC1,n_agents,50,baseline,3
515,257.5,0,0.0,TC1,n_agents,50,baseline,3
516,258.0,0,0.0,TC1,n_agents,50,baseline,3
517,258.5,0,0.0,TC1,n_agents,50,baseline,3
518,259.0,0,0.0,TC1,n_agents,50,baseline,3
519,259.5,0,0.0,TC1,n_agents,50,baseline,3
520,260.0,0,0.0,TC1,n_agents,50,baseline,3
521,260.5,0,0.0,TC1,n_agents,50,baseline,3
522,261.0,0,0.0,TC1,n_agents,50,baseline,3
523,261.5,0,0.0,TC1,n_agents,50,baseline,3
524,262.0,0,0.0,TC1,n_agents,50,baseline,3
525,262.5,0,0.0,TC1,n_agents,50,baseline,3
526,263.0,0,0.0,TC1,n_agents,50,baseline,3
527,263.5,0,0.0,TC1,n_agents,50,baseline,3
528,264.0,0,0.0,TC1,n_agents,50,baseline,3
529,264.5,0,0.0,TC1,n_agents,50,baseline,3
530,265.0,0,0.0,TC1,n_agents,50,baseline,3
531,265.5,0,0.0,TC1,n_agents,50,baseline,3
532,266.0,0,0.0,TC1,n_agents,50,baseline,3
533,266.5,0,0.0,TC1,n_agents,50,baseline,3
534,267.0,0,0.0,TC1,n_agents,50,baseline,3
535,267.5,0,0.0,TC1,n_agents,50,baseline,3
536,268.0,0,0.0,TC1,n_agents,50,baseline,3
537,268.5,0,0.0,TC1,n_agents,50,baseline,3
538,269.0,0,0.0,TC1,n_agents,50,baseline,3
539,269.5,0,0.0,TC1,n_agents,50,baseline,3
540,270.0,0,0.0,TC1,n_agents,50,baseline,3
541,270.5,0,0.0,TC1,n_agents,50,baseline,3
542,271.0,0,0.0,TC1,n_agents,50,baseline,3
543,271.5,0,0.0,TC1,n_agents,50,baseline,3
544,272.0,0,0.0,TC1,n_agents,50,baseline,3
545,272.5,0,0.0,TC1,n_agents,50,baseline,3
546,273.0,0,0.0,TC1,n_agents,50,baseline,3
547,273.5,0,0.0,TC1,n_agents,50,baseline,3
548,274.0,0,0.0,TC1,n_agents,50,baseline,3
549,274.5,0,0.0,TC1,n_agents,50,baseline,3
550,275.0,0,0.0,TC1,n_agents,50,baseline,3
551,275.5,0,0.0,TC1,n_agents,50,baseline,3
552,276.0,0,0.0,TC1,n_agents,50,baseline,3
553,276.5,0,0.0,TC1,n_agents,50,baseline,3
554,277.0,0,0.0,TC1,n_agents,50,baseline,3
555,277.5,0,0.0,TC1,n_agents,50,baseline,3
556,278.0,0,0.0,TC1,n_agents,50,baseline,3
557,278.5,0,0.0,TC1,n_agents,50,baseline,3
558,279.0,0,0.0,TC1,n_agents,50,baseline,3
559,279.5,0,0.0,TC1,n_agents,50,baseline,3
560,280.0,0,0.0,TC1,n_agents,50,baseline,3
561,280.5,0,0.0,TC1,n_agents,50,baseline,3
562,281.0,0,0.0,TC1,n_agents,50,baseline,3
563,281.5,0,0.0,TC1,n_agents,50,baseline,3
564,282.0,0,0.0,TC1,n_agents,50,baseline,3
565,282.5,0,0.0,TC1,n_agents,50,baseline,3
566,283.0,0,0.0,TC1,n_agents,50,baseline,3
567,283.5,0,0.0,TC1,n_agents,50,baseline,3
568,284.0,0,0.0,TC1,n_agents,50,baseline,3
569,284.5,0,0.0,TC1,n_agents,50,baseline,3
570,285.0,0,0.0,TC1,n_agents,50,baseline,3
571,285.5,0,0.0,TC1,n_agents,50,baseline,3
572,286.0,0,0.0,TC1,n_agents,50,baseline,3
573,286.5,0,0.0,TC1,n_agents,50,baseline,3
574,287.0,0,0.0,TC1,n_agents,50,baseline,3
575,287.5,0,0.0,TC1,n_agents,50,baseline,3
576,288.0,0,0.0,TC1,n_agents,50,baseline,3
577,288.5,0,0.0,TC1,n_agents,50,baseline,3
578,289.0,0,0.0,TC1,n_agents,50,baseline,3
579,289.5,0,0.0,TC1,n_agents,50,baseline,3
580,290.0,0,0.0,TC1,n_agents,50,baseline,3
581,290.5,0,0.0,TC1,n_agents,50,baseline,3
582,291.0,0,0.0,TC1,n_agents,50,baseline,3
583,291.5,0,0.0,TC1,n_agents,50,baseline,3
584,292.0,0,0.0,TC1,n_agents,50,baseline,3
585,292.5,0,0.0,TC1,n_agents,50,baseline,3
586,293.0,0,0.0,TC1,n_agents,50,baseline,3
587,293.5,0,0.0,TC1,n_agents,50,baseline,3
588,294.0,0,0.0,TC1,n_agents,50,baseline,3
589,294.5,0,0.0,TC1,n_agents,50,baseline,3
590,295.0,0,0.0,TC1,n_agents,50,baseline,3
591,295.5,0,0.0,TC1,n_agents,50,baseline,3
592,296.0,0,0.0,TC1,n_agents,50,baseline,3
593,296.5,0,0.0,TC1,n_agents,50,baseline,3
594,297.0,0,0.0,TC1,n_agents,50,baseline,3
595,297.5,0,0.0,TC1,n_agents,50,baseline,3
596,298.0,0,0.0,TC1,n_agents,50,baseline,3
597,298.5,0,0.0,TC1,n_agents,50,baseline,3
598,299.0,0,0.0,TC1,n_agents,50,baseline,3
599,299.5,0,0.0,TC1,n_agents,50,baseline,3
600,300.0,0,0.0,TC1,n_agents,50,baseline,3
601,300.5,0,0.0,TC1,n_agents,50,baseline,3
602,301.0,0,0.0,TC1,n_agents,50,baseline,3
603,301.5,0,0.0,TC1,n_agents,50,baseline,3
604,302.0,0,0.0,TC1,n_agents,50,baseline,3
605,302.5,0,0.0,TC1,n_agents,50,baseline,3
606,303.0,0,0.0,TC1,n_agents,50,baseline,3
607,303.5,0,0.0,TC1,n_agents,50,baseline,3
608,304.0,0,0.0,TC1,n_agents,50,baseline,3
609,304.5,0,0.0,TC1,n_agents,50,baseline,3
610,305.0,0,0.0,TC1,n_agents,50,baseline,3
611,305.5,0,0.0,TC1,n_agents,50,baseline,3
612,306.0,0,0.0,TC1,n_agents,50,baseline,3
613,306.5,0,0.0,TC1,n_agents,50,baseline,3
614,307.0,0,0.0,TC1,n_agents,50,baseline,3
615,307.5,0,0.0,TC1,n_agents,50,baseline,3
616,308.0,0,0.0,TC1,n_agents,50,baseline,3
617,308.5,0,0.0,TC1,n_agents,50,baseline,3
618,309.0,0,0.0,TC1,n_agents,50,baseline,3
619,309.5,0,0.0,TC1,n_agents,50,baseline,3
620,310.0,0,0.0,TC1,n_agents,50,baseline,3
621,310.5,0,0.0,TC1,n_agents,50,baseline,3
622,311.0,0,0.0,TC1,n_agents,50,baseline,3
623,311.5,0,0.0,TC1,n_agents,50,baseline,3
624,312.0,0,0.0,TC1,n_agents,50,baseline,3
625,312.5,0,0.0,TC1,n_agents,50,baseline,3
626,313.0,0,0.0,TC1,n_agents,50,baseline,3
627,313.5,0,0.0,TC1,n_agents,50,baseline,3
628,314.0,0,0.0,TC1,n_agents,50,baseline,3
629,314.5,0,0.0,TC1,n_agents,50,baseline,3
630,315.0,0,0.0,TC1,n_agents,50,baseline,3
631,315.5,0,0.0,TC1,n_agents,50,baseline,3
632,316.0,0,0.0,TC1,n_agents,50,baseline,3
633,316.5,0,0.0,TC1,n_agents,50,baseline,3
634,317.0,0,0.0,TC1,n_agents,50,baseline,3
635,317.5,0,0.0,TC1,n_agents,50,baseline,3
636,318.0,0,0.0,TC1,n_agents,50,baseline,3
637,318.5,0,0.0,TC1,n_agents,50,baseline,3
638,319.0,0,0.0,TC1,n_agents,50,baseline,3
639,319.5,0,0.0,TC1,n_agents,50,baseline,3
640,320.0,0,0.0,TC1,n_agents,50,baseline,3
641,320.5,0,0.0,TC1,n_agents,50,baseline,3
642,321.0,0,0.0,TC1,n_agents,50,baseline,3
643,321.5,0,0.0,TC1,n_agents,50,baseline,3
644,322.0,0,0.0,TC1,n_agents,50,baseline,3
645,322.5,0,0.0,TC1,n_agents,50,baseline,3
646,323.0,0,0.0,TC1,n_agents,50,baseline,3
647,323.5,0,0.0,TC1,n_agents,50,baseline,3
648,324.0,0,0.0,TC1,n_agents,50,baseline,3
649,324.5,0,0.0,TC1,n_agents,50,baseline,3
650,325.0,0,0.0,TC1,n_agents,50,baseline,3
651,325.5,0,0.0,TC1,n_agents,50,baseline,3
652,326.0,0,0.0,TC1,n_agents,50,baseline,3
653,326.5,0,0.0,TC1,n_agents,50,baseline,3
654,327.0,0,0.0,TC1,n_agents,50,baseline,3
655,327.5,0,0.0,TC1,n_agents,50,baseline,3
656,328.0,0,0.0,TC1,n_agents,50,baseline,3
657,328.5,0,0.0,TC1,n_agents,50,baseline,3
658,329.0,0,0.0,TC1,n_agents,50,baseline,3
659,329.5,0,0.0,TC1,n_agents,50,baseline,3
660,330.0,0,0.0,TC1,n_agents,50,baseline,3
661,330.5,0,0.0,TC1,n_agents,50,baseline,3
662,331.0,0,0.0,TC1,n_agents,50,baseline,3
663,331.5,0,0.0,TC1,n_agents,50,baseline,3
664,332.0,0,0.0,TC1,n_agents,50,baseline,3
665,332.5,0,0.0,TC1,n_agents,50,baseline,3
666,333.0,0,0.0,TC1,n_agents,50,baseline,3
667,333.5,0,0.0,TC1,n_agents,50,baseline,3
668,334.0,0,0.0,TC1,n_agents,50,baseline,3
669,334.5,0,0.0,TC1,n_agents,50,baseline,3
670,335.0,0,0.0,TC1,n_agents,50,baseline,3
671,335.5,0,0.0,TC1,n_agents,50,baseline,3
672,336.0,0,0.0,TC1,n_agents,50,baseline,3
673,336.5,0,0.0,TC1,n_agents,50,baseline,3
674,337.0,0,0.0,TC1,n_agents,50,baseline,3
675,337.5,0,0.0,TC1,n_agents,50,baseline,3
676,338.0,0,0.0,TC1,n_agents,50,baseline,3
677,338.5,0,0.0,TC1,n_agents,50,baseline,3
678,339.0,0,0.0,TC1,n_agents,50,baseline,3
679,339.5,0,0.0,TC1,n_agents,50,baseline,3
680,340.0,0,0.0,TC1,n_agents,50,baseline,3
681,340.5,0,0.0,TC1,n_agents,50,baseline,3
682,341.0,0,0.0,TC1,n_agents,50,baseline,3
683,341.5,0,0.0,TC1,n_agents,50,baseline,3
684,342.0,0,0.0,TC1,n_agents,50,baseline,3
685,342.5,0,0.0,TC1,n_agents,50,baseline,3
686,343.0,0,0.0,TC1,n_agents,50,baseline,3
687,343.5,0,0.0,TC1,n_agents,50,baseline,3
688,344.0,0,0.0,TC1,n_agents,50,baseline,3
689,344.5,0,0.0,TC1,n_agents,50,baseline,3
690,345.0,0,0.0,TC1,n_agents,50,baseline,3
691,345.5,0,0.0,TC1,n_agents,50,baseline,3
692,346.0,0,0.0,TC1,n_agents,50,baseline,3
693,346.5,0,0.0,TC1,n_agents,50,baseline,3
694,347.0,0,0.0,TC1,n_agents,50,baseline,3
695,347.5,0,0.0,TC1,n_agents,50,baseline,3
696,348.0,0,0.0,TC1,n_agents,50,baseline,3
697,348.5,0,0.0,TC1,n_agents,50,baseline,3
698,349.0,0,0.0,TC1,n_agents,50,baseline,3
699,349.5,0,0.0,TC1,n_agents,50,baseline,3
700,350.0,0,0.0,TC1,n_agents,50,baseline,3
701,350.5,0,0.0,TC1,n_agents,50,baseline,3
702,351.0,0,0.0,TC1,n_agents,50,baseline,3
703,351.5,0,0.0,TC1,n_agents,50,baseline,3
704,352.0,0,0.0,TC1,n_agents,50,baseline,3
705,352.5,0,0.0,TC1,n_agents,50,baseline,3
706,353.0,0,0.0,TC1,n_agents,50,baseline,3
707,353.5,0,0.0,TC1,n_agents,50,baseline,3
708,354.0,0,0.0,TC1,n_agents,50,baseline,3
709,354.5,0,0.0,TC1,n_agents,50,baseline,3
710,355.0,0,0.0,TC1,n_agents,50,baseline,3
711,355.5,0,0.0,TC1,n_agents,50,baseline,3
712,356.0,0,0.0,TC1,n_agents,50,baseline,3
713,356.5,0,0.0,TC1,n_agents,50,baseline,3
714,357.0,0,0.0,TC1,n_agents,50,baseline,3
715,357.5,0,0.0,TC1,n_agents,50,baseline,3
716,358.0,0,0.0,TC1,n_agents,50,baseline,3
717,358.5,0,0.0,TC1,n_agents,50,baseline,3
718,359.0,0,0.0,TC1,n_agents,50,baseline,3
719,359.5,0,0.0,TC1,n_agents,50,baseline,3
720,360.0,0,0.0,TC1,n_agents,50,baseline,3
721,360.5,0,0.0,TC1,n_agents,50,baseline,3
722,361.0,0,0.0,TC1,n_agents,50,baseline,3
723,361.5,0,0.0,TC1,n_agents,50,baseline,3
724,362.0,0,0.0,TC1,n_agents,50,baseline,3
725,362.5,0,0.0,TC1,n_agents,50,baseline,3
726,363.0,0,0.0,TC1,n_agents,50,baseline,3
727,363.5,0,0.0,TC1,n_agents,50,baseline,3
728,364.0,0,0.0,TC1,n_agents,50,baseline,3
729,364.5,0,0.0,TC1,n_agents,50,baseline,3
730,365.0,0,0.0,TC1,n_agents,50,baseline,3
731,365.5,0,0.0,TC1,n_agents,50,baseline,3
732,366.0,0,0.0,TC1,n_agents,50,baseline,3
733,366.5,0,0.0,TC1,n_agents,50,baseline,3
734,367.0,0,0.0,TC1,n_agents,50,baseline,3
735,367.5,0,0.0,TC1,n_agents,50,baseline,3
736,368.0,0,0.0,TC1,n_agents,50,baseline,3
737,368.5,0,0.0,TC1,n_agents,50,baseline,3
738,369.0,0,0.0,TC1,n_agents,50,baseline,3
739,369.5,0,0.0,TC1,n_agents,50,baseline,3
740,370.0,0,0.0,TC1,n_agents,50,baseline,3
741,370.5,0,0.0,TC1,n_agents,50,baseline,3
742,371.0,0,0.0,TC1,n_agents,50,baseline,3
743,371.5,0,0.0,TC1,n_agents,50,baseline,3
744,372.0,0,0.0,TC1,n_agents,50,baseline,3
745,372.5,0,0.0,TC1,n_agents,50,baseline,3
746,373.0,0,0.0,TC1,n_agents,50,baseline,3
747,373.5,0,0.0,TC1,n_agents,50,baseline,3
748,374.0,0,0.0,TC1,n_agents,50,baseline,3
749,374.5,0,0.0,TC1,n_agents,50,baseline,3
750,375.0,0,0.0,TC1,n_agents,50,baseline,3
751,375.5,0,0.0,TC1,n_agents,50,baseline,3
752,376.0,0,0.0,TC1,n_agents,50,baseline,3
753,376.5,0,0.0,TC1,n_agents,50,baseline,3
754,377.0,0,0.0,TC1,n_agents,50,baseline,3
755,377.5,0,0.0,TC1,n_agents,50,baseline,3
756,378.0,0,0.0,TC1,n_agents,50,baseline,3
757,378.5,0,0.0,TC1,n_agents,50,baseline,3
758,379.0,0,0.0,TC1,n_agents,50,baseline,3
759,379.5,0,0.0,TC1,n_agents,50,baseline,3
760,380.0,0,0.0,TC1,n_agents,50,baseline,3
761,380.5,0,0.0,TC1,n_agents,50,baseline,3
762,381.0,0,0.0,TC1,n_agents,50,baseline,3
763,381.5,0,0.0,TC1,n_agents,50,baseline,3
764,382.0,0,0.0,TC1,n_agents,50,baseline,3
765,382.5,0,0.0,TC1,n_agents,50,baseline,3
766,383.0,0,0.0,TC1,n_agents,50,baseline,3
767,383.5,0,0.0,TC1,n_agents,50,baseline,3
768,384.0,0,0.0,TC1,n_agents,50,baseline,3
769,384.5,0,0.0,TC1,n_agents,50,baseline,3
770,385.0,0,0.0,TC1,n_agents,50,baseline,3
771,385.5,0,0.0,TC1,n_agents,50,baseline,3
772,386.0,0,0.0,TC1,n_agents,50,baseline,3
773,386.5,0,0.0,TC1,n_agents,50,baseline,3
774,387.0,0,0.0,TC1,n_agents,50,baseline,3
775,387.5,0,0.0,TC1,n_agents,50,baseline,3
776,388.0,0,0.0,TC1,n_agents,50,baseline,3
777,388.5,0,0.0,TC1,n_agents,50,baseline,3
778,389.0,0,0.0,TC1,n_agents,50,baseline,3
779,389.5,0,0.0,TC1,n_agents,50,baseline,3
780,390.0,0,0.0,TC1,n_agents,50,baseline,3
781,390.5,0,0.0,TC1,n_agents,50,baseline,3
782,391.0,0,0.0,TC1,n_agents,50,baseline,3
783,391.5,0,0.0,TC1,n_agents,50,baseline,3
784,392.0,0,0.0,TC1,n_agents,50,baseline,3
785,392.5,0,0.0,TC1,n_agents,50,baseline,3
786,393.0,0,0.0,TC1,n_agents,50,baseline,3
787,393.5,0,0.0,TC1,n_agents,50,baseline,3
788,394.0,0,0.0,TC1,n_agents,50,baseline,3
789,394.5,0,0.0,TC1,n_agents,50,baseline,3
790,395.0,0,0.0,TC1,n_agents,50,baseline,3
791,395.5,0,0.0,TC1,n_agents,50,baseline,3
792,396.0,0,0.0,TC1,n_agents,50,baseline,3
793,396.5,0,0.0,TC1,n_agents,50,baseline,3
794,397.0,0,0.0,TC1,n_agents,50,baseline,3
795,397.5,0,0.0,TC1,n_agents,50,baseline,3
796,398.0,0,0.0,TC1,n_agents,50,baseline,3
797,398.5,0,0.0,TC1,n_agents,50,baseline,3
798,399.0,0,0.0,TC1,n_agents,50,baseline,3
799,399.5,0,0.0,TC1,n_agents,50,baseline,3
800,400.0,0,0.0,TC1,n_agents,50,baseline,3
0,0.0,0,0.0,TC1,n_agents,100,baseline,1
1,0.5,0,0.0,TC1,n_agents,100,baseline,1
2,1.0,0,0.0,TC1,n_agents,100,baseline,1
3,1.5,0,0.0,TC1,n_agents,100,baseline,1
4,2.0,0,0.0,TC1,n_agents,100,baseline,1
5,2.5,0,0.0,TC1,n_agents,100,baseline,1
6,3.0,0,0.0,TC1,n_agents,100,baseline,1
7,3.5,0,0.0,TC1,n_agents,100,baseline,1
8,4.0,0,0.0,TC1,n_agents,100,baseline,1
9,4.5,0,0.0,TC1,n_agents,100,baseline,1
10,5.0,0,0.0,TC1,n_agents,100,baseline,1
11,5.5,0,0.0,TC1,n_agents,100,baseline,1
12,6.0,0,0.0,TC1,n_agents,100,baseline,1
13,6.5,0,0.0,TC1,n_agents,100,baseline,1
14,7.0,0,0.0,TC1,n_agents,100,baseline,1
15,7.5,0,0.0,TC1,n_agents,100,baseline,1
16,8.0,0,0.0,TC1,n_agents,100,baseline,1
17,8.5,0,0.0,TC1,n_agents,100,baseline,1
18,9.0,0,0.0,TC1,n_agents,100,baseline,1
19,9.5,0,0.0,TC1,n_agents,100,baseline,1
20,10.0,0,0.0,TC1,n_agents,100,baseline,1
21,10.5,0,0.0,TC1,n_agents,100,baseline,1
22,11.0,0,0.0,TC1,n_agents,100,baseline,1
23,11.5,0,0.0,TC1,n_agents,100,baseline,1
24,12.0,0,0.0,TC1,n_agents,100,baseline,1
25,12.5,0,0.0,TC1,n_agents,100,baseline,1
26,13.0,0,0.0,TC1,n_agents,100,baseline,1
27,13.5,0,0.0,TC1,n_agents,100,baseline,1
28,14.0,0,0.0,TC1,n_agents,100,baseline,1
29,14.5,0,0.0,TC1,n_agents,100,baseline,1
30,15.0,0,0.0,TC1,n_agents,100,baseline,1
31,15.5,0,0.0,TC1,n_agents,100,baseline,1
32,16.0,0,0.0,TC1,n_agents,100,baseline,1
33,16.5,0,0.0,TC1,n_agents,100,baseline,1
34,17.0,0,0.0,TC1,n_agents,100,baseline,1
35,17.5,0,0.0,TC1,n_agents,100,baseline,1
36,18.0,0,0.0,TC1,n_agents,100,baseline,1
37,18.5,0,0.0,TC1,n_agents,100,baseline,1
38,19.0,0,0.0,TC1,n_agents,100,baseline,1
39,19.5,0,0.0,TC1,n_agents,100,baseline,1
40,20.0,0,0.0,TC1,n_agents,100,baseline,1
41,20.5,0,0.0,TC1,n_agents,100,baseline,1
42,21.0,0,0.0,TC1,n_agents,100,baseline,1
43,21.5,0,0.0,TC1,n_agents,100,baseline,1
44,22.0,0,0.0,TC1,n_agents,100,baseline,1
45,22.5,0,0.0,TC1,n_agents,100,baseline,1
46,23.0,0,0.0,TC1,n_agents,100,baseline,1
47,23.5,0,0.0,TC1,n_agents,100,baseline,1
48,24.0,0,0.0,TC1,n_agents,100,baseline,1
49,24.5,0,0.0,TC1,n_agents,100,baseline,1
50,25.0,0,0.0,TC1,n_agents,100,baseline,1
51,25.5,0,0.0,TC1,n_agents,100,baseline,1
52,26.0,0,0.0,TC1,n_agents,100,baseline,1
53,26.5,0,0.0,TC1,n_agents,100,baseline,1
54,27.0,0,0.0,TC1,n_agents,100,baseline,1
55,27.5,0,0.0,TC1,n_agents,100,baseline,1
56,28.0,0,0.0,TC1,n_agents,100,baseline,1
57,28.5,0,0.0,TC1,n_agents,100,baseline,1
58,29.0,0,0.0,TC1,n_agents,100,baseline,1
59,29.5,0,0.0,TC1,n_agents,100,baseline,1
60,30.0,0,0.0,TC1,n_agents,100,baseline,1
61,30.5,0,0.0,TC1,n_agents,100,baseline,1
62,31.0,0,0.0,TC1,n_agents,100,baseline,1
63,31.5,0,0.0,TC1,n_agents,100,baseline,1
64,32.0,0,0.0,TC1,n_agents,100,baseline,1
65,32.5,0,0.0,TC1,n_agents,100,baseline,1
66,33.0,0,0.0,TC1,n_agents,100,baseline,1
67,33.5,0,0.0,TC1,n_agents,100,baseline,1
68,34.0,0,0.0,TC1,n_agents,100,baseline,1
69,34.5,0,0.0,TC1,n_agents,100,baseline,1
70,35.0,0,0.0,TC1,n_agents,100,baseline,1
71,35.5,0,0.0,TC1,n_agents,100,baseline,1
72,36.0,0,0.0,TC1,n_agents,100,baseline,1
73,36.5,0,0.0,TC1,n_agents,100,baseline,1
74,37.0,0,0.0,TC1,n_agents,100,baseline,1
75,37.5,0,0.0,TC1,n_agents,100,baseline,1
76,38.0,0,0.0,TC1,n_agents,100,baseline,1
77,38.5,0,0.0,TC1,n_agents,100,baseline,1
78,39.0,0,0.0,TC1,n_agents,100,baseline,1
79,39.5,0,0.0,TC1,n_agents,100,baseline,1
80,40.0,0,0.0,TC1,n_agents,100,baseline,1
81,40.5,0,0.0,TC1,n_agents,100,baseline,1
82,41.0,0,0.0,TC1,n_agents,100,baseline,1
83,41.5,0,0.0,TC1,n_agents,100,baseline,1
84,42.0,0,0.0,TC1,n_agents,100,baseline,1
85,42.5,0,0.0,TC1,n_agents,100,baseline,1
86,43.0,0,0.0,TC1,n_agents,100,baseline,1
87,43.5,0,0.0,TC1,n_agents,100,baseline,1
88,44.0,0,0.0,TC1,n_agents,100,baseline,1
89,44.5,0,0.0,TC1,n_agents,100,baseline,1
90,45.0,0,0.0,TC1,n_agents,100,baseline,1
91,45.5,0,0.0,TC1,n_agents,100,baseline,1
92,46.0,0,0.0,TC1,n_agents,100,baseline,1
93,46.5,0,0.0,TC1,n_agents,100,baseline,1
94,47.0,0,0.0,TC1,n_agents,100,baseline,1
95,47.5,0,0.0,TC1,n_agents,100,baseline,1
96,48.0,0,0.0,TC1,n_agents,100,baseline,1
97,48.5,0,0.0,TC1,n_agents,100,baseline,1
98,49.0,0,0.0,TC1,n_agents,100,baseline,1
99,49.5,0,0.0,TC1,n_agents,100,baseline,1
100,50.0,0,0.0,TC1,n_agents,100,baseline,1
101,50.5,0,0.0,TC1,n_agents,100,baseline,1
102,51.0,0,0.0,TC1,n_agents,100,baseline,1
103,51.5,0,0.0,TC1,n_agents,100,baseline,1
104,52.0,0,0.0,TC1,n_agents,100,baseline,1
105,52.5,0,0.0,TC1,n_agents,100,baseline,1
106,53.0,0,0.0,TC1,n_agents,100,baseline,1
107,53.5,0,0.0,TC1,n_agents,100,baseline,1
108,54.0,0,0.0,TC1,n_agents,100,baseline,1
109,54.5,0,0.0,TC1,n_agents,100,baseline,1
110,55.0,0,0.0,TC1,n_agents,100,baseline,1
111,55.5,0,0.0,TC1,n_agents,100,baseline,1
112,56.0,0,0.0,TC1,n_agents,100,baseline,1
113,56.5,0,0.0,TC1,n_agents,100,baseline,1
114,57.0,0,0.0,TC1,n_agents,100,baseline,1
115,57.5,0,0.0,TC1,n_agents,100,baseline,1
116,58.0,0,0.0,TC1,n_agents,100,baseline,1
117,58.5,0,0.0,TC1,n_agents,100,baseline,1
118,59.0,0,0.0,TC1,n_agents,100,baseline,1
119,59.5,0,0.0,TC1,n_agents,100,baseline,1
120,60.0,0,0.0,TC1,n_agents,100,baseline,1
121,60.5,0,0.0,TC1,n_agents,100,baseline,1
122,61.0,0,0.0,TC1,n_agents,100,baseline,1
123,61.5,0,0.0,TC1,n_agents,100,baseline,1
124,62.0,0,0.0,TC1,n_agents,100,baseline,1
125,62.5,0,0.0,TC1,n_agents,100,baseline,1
126,63.0,0,0.0,TC1,n_agents,100,baseline,1
127,63.5,0,0.0,TC1,n_agents,100,baseline,1
128,64.0,0,0.0,TC1,n_agents,100,baseline,1
129,64.5,0,0.0,TC1,n_agents,100,baseline,1
130,65.0,0,0.0,TC1,n_agents,100,baseline,1
131,65.5,0,0.0,TC1,n_agents,100,baseline,1
132,66.0,0,0.0,TC1,n_agents,100,baseline,1
133,66.5,0,0.0,TC1,n_agents,100,baseline,1
134,67.0,0,0.0,TC1,n_agents,100,baseline,1
135,67.5,0,0.0,TC1,n_agents,100,baseline,1
136,68.0,0,0.0,TC1,n_agents,100,baseline,1
137,68.5,0,0.0,TC1,n_agents,100,baseline,1
138,69.0,0,0.0,TC1,n_agents,100,baseline,1
139,69.5,0,0.0,TC1,n_agents,100,baseline,1
140,70.0,0,0.0,TC1,n_agents,100,baseline,1
141,70.5,0,0.0,TC1,n_agents,100,baseline,1
142,71.0,0,0.0,TC1,n_agents,100,baseline,1
143,71.5,0,0.0,TC1,n_agents,100,baseline,1
144,72.0,0,0.0,TC1,n_agents,100,baseline,1
145,72.5,0,0.0,TC1,n_agents,100,baseline,1
146,73.0,0,0.0,TC1,n_agents,100,baseline,1
147,73.5,0,0.0,TC1,n_agents,100,baseline,1
148,74.0,0,0.0,TC1,n_agents,100,baseline,1
149,74.5,0,0.0,TC1,n_agents,100,baseline,1
150,75.0,0,0.0,TC1,n_agents,100,baseline,1
151,75.5,0,0.0,TC1,n_agents,100,baseline,1
152,76.0,0,0.0,TC1,n_agents,100,baseline,1
153,76.5,0,0.0,TC1,n_agents,100,baseline,1
154,77.0,0,0.0,TC1,n_agents,100,baseline,1
155,77.5,0,0.0,TC1,n_agents,100,baseline,1
156,78.0,0,0.0,TC1,n_agents,100,baseline,1
157,78.5,0,0.0,TC1,n_agents,100,baseline,1
158,79.0,0,0.0,TC1,n_agents,100,baseline,1
159,79.5,0,0.0,TC1,n_agents,100,baseline,1
160,80.0,0,0.0,TC1,n_agents,100,baseline,1
161,80.5,0,0.0,TC1,n_agents,100,baseline,1
162,81.0,0,0.0,TC1,n_agents,100,baseline,1
163,81.5,0,0.0,TC1,n_agents,100,baseline,1
164,82.0,0,0.0,TC1,n_agents,100,baseline,1
165,82.5,0,0.0,TC1,n_agents,100,baseline,1
166,83.0,0,0.0,TC1,n_agents,100,baseline,1
167,83.5,0,0.0,TC1,n_agents,100,baseline,1
168,84.0,0,0.0,TC1,n_agents,100,baseline,1
169,84.5,0,0.0,TC1,n_agents,100,baseline,1
170,85.0,0,0.0,TC1,n_agents,100,baseline,1
171,85.5,0,0.0,TC1,n_agents,100,baseline,1
172,86.0,0,0.0,TC1,n_agents,100,baseline,1
173,86.5,0,0.0,TC1,n_agents,100,baseline,1
174,87.0,0,0.0,TC1,n_agents,100,baseline,1
175,87.5,0,0.0,TC1,n_agents,100,baseline,1
176,88.0,0,0.0,TC1,n_agents,100,baseline,1
177,88.5,0,0.0,TC1,n_agents,100,baseline,1
178,89.0,0,0.0,TC1,n_agents,100,baseline,1
179,89.5,0,0.0,TC1,n_agents,100,baseline,1
180,90.0,0,0.0,TC1,n_agents,100,baseline,1
181,90.5,0,0.0,TC1,n_agents,100,baseline,1
182,91.0,0,0.0,TC1,n_agents,100,baseline,1
183,91.5,0,0.0,TC1,n_agents,100,baseline,1
184,92.0,0,0.0,TC1,n_agents,100,baseline,1
185,92.5,0,0.0,TC1,n_agents,100,baseline,1
186,93.0,0,0.0,TC1,n_agents,100,baseline,1
187,93.5,0,0.0,TC1,n_agents,100,baseline,1
188,94.0,0,0.0,TC1,n_agents,100,baseline,1
189,94.5,0,0.0,TC1,n_agents,100,baseline,1
190,95.0,0,0.0,TC1,n_agents,100,baseline,1
191,95.5,0,0.0,TC1,n_agents,100,baseline,1
192,96.0,0,0.0,TC1,n_agents,100,baseline,1
193,96.5,0,0.0,TC1,n_agents,100,baseline,1
194,97.0,0,0.0,TC1,n_agents,100,baseline,1
195,97.5,0,0.0,TC1,n_agents,100,baseline,1
196,98.0,0,0.0,TC1,n_agents,100,baseline,1
197,98.5,0,0.0,TC1,n_agents,100,baseline,1
198,99.0,0,0.0,TC1,n_agents,100,baseline,1
199,99.5,0,0.0,TC1,n_agents,100,baseline,1
200,100.0,0,0.0,TC1,n_agents,100,baseline,1
201,100.5,0,0.0,TC1,n_agents,100,baseline,1
202,101.0,0,0.0,TC1,n_agents,100,baseline,1
203,101.5,0,0.0,TC1,n_agents,100,baseline,1
204,102.0,0,0.0,TC1,n_agents,100,baseline,1
205,102.5,0,0.0,TC1,n_agents,100,baseline,1
206,103.0,0,0.0,TC1,n_agents,100,baseline,1
207,103.5,0,0.0,TC1,n_agents,100,baseline,1
208,104.0,0,0.0,TC1,n_agents,100,baseline,1
209,104.5,0,0.0,TC1,n_agents,100,baseline,1
210,105.0,0,0.0,TC1,n_agents,100,baseline,1
211,105.5,0,0.0,TC1,n_agents,100,baseline,1
212,106.0,0,0.0,TC1,n_agents,100,baseline,1
213,106.5,0,0.0,TC1,n_agents,100,baseline,1
214,107.0,0,0.0,TC1,n_agents,100,baseline,1
215,107.5,0,0.0,TC1,n_agents,100,baseline,1
216,108.0,0,0.0,TC1,n_agents,100,baseline,1
217,108.5,0,0.0,TC1,n_agents,100,baseline,1
218,109.0,0,0.0,TC1,n_agents,100,baseline,1
219,109.5,0,0.0,TC1,n_agents,100,baseline,1
220,110.0,0,0.0,TC1,n_agents,100,baseline,1
221,110.5,0,0.0,TC1,n_agents,100,baseline,1
222,111.0,0,0.0,TC1,n_agents,100,baseline,1
223,111.5,0,0.0,TC1,n_agents,100,baseline,1
224,112.0,0,0.0,TC1,n_agents,100,baseline,1
225,112.5,0,0.0,TC1,n_agents,100,baseline,1
226,113.0,0,0.0,TC1,n_agents,100,baseline,1
227,113.5,0,0.0,TC1,n_agents,100,baseline,1
228,114.0,0,0.0,TC1,n_agents,100,baseline,1
229,114.5,0,0.0,TC1,n_agents,100,baseline,1
230,115.0,0,0.0,TC1,n_agents,100,baseline,1
231,115.5,0,0.0,TC1,n_agents,100,baseline,1
232,116.0,0,0.0,TC1,n_agents,100,baseline,1
233,116.5,0,0.0,TC1,n_agents,100,baseline,1
234,117.0,0,0.0,TC1,n_agents,100,baseline,1
235,117.5,0,0.0,TC1,n_agents,100,baseline,1
236,118.0,0,0.0,TC1,n_agents,100,baseline,1
237,118.5,0,0.0,TC1,n_agents,100,baseline,1
238,119.0,0,0.0,TC1,n_agents,100,baseline,1
239,119.5,0,0.0,TC1,n_agents,100,baseline,1
240,120.0,0,0.0,TC1,n_agents,100,baseline,1
241,120.5,0,0.0,TC1,n_agents,100,baseline,1
242,121.0,0,0.0,TC1,n_agents,100,baseline,1
243,121.5,0,0.0,TC1,n_agents,100,baseline,1
244,122.0,0,0.0,TC1,n_agents,100,baseline,1
245,122.5,0,0.0,TC1,n_agents,100,baseline,1
246,123.0,0,0.0,TC1,n_agents,100,baseline,1
247,123.5,0,0.0,TC1,n_agents,100,baseline,1
248,124.0,0,0.0,TC1,n_agents,100,baseline,1
249,124.5,0,0.0,TC1,n_agents,100,baseline,1
250,125.0,0,0.0,TC1,n_agents,100,baseline,1
251,125.5,0,0.0,TC1,n_agents,100,baseline,1
252,126.0,0,0.0,TC1,n_agents,100,baseline,1
253,126.5,0,0.0,TC1,n_agents,100,baseline,1
254,127.0,0,0.0,TC1,n_agents,100,baseline,1
255,127.5,0,0.0,TC1,n_agents,100,baseline,1
256,128.0,0,0.0,TC1,n_agents,100,baseline,1
257,128.5,0,0.0,TC1,n_agents,100,baseline,1
258,129.0,0,0.0,TC1,n_agents,100,baseline,1
259,129.5,0,0.0,TC1,n_agents,100,baseline,1
260,130.0,0,0.0,TC1,n_agents,100,baseline,1
261,130.5,0,0.0,TC1,n_agents,100,baseline,1
262,131.0,0,0.0,TC1,n_agents,100,baseline,1
263,131.5,0,0.0,TC1,n_agents,100,baseline,1
264,132.0,0,0.0,TC1,n_agents,100,baseline,1
265,132.5,0,0.0,TC1,n_agents,100,baseline,1
266,133.0,0,0.0,TC1,n_agents,100,baseline,1
267,133.5,0,0.0,TC1,n_agents,100,baseline,1
268,134.0,0,0.0,TC1,n_agents,100,baseline,1
269,134.5,0,0.0,TC1,n_agents,100,baseline,1
270,135.0,0,0.0,TC1,n_agents,100,baseline,1
271,135.5,0,0.0,TC1,n_agents,100,baseline,1
272,136.0,0,0.0,TC1,n_agents,100,baseline,1
273,136.5,0,0.0,TC1,n_agents,100,baseline,1
274,137.0,0,0.0,TC1,n_agents,100,baseline,1
275,137.5,0,0.0,TC1,n_agents,100,baseline,1
276,138.0,0,0.0,TC1,n_agents,100,baseline,1
277,138.5,0,0.0,TC1,n_agents,100,baseline,1
278,139.0,0,0.0,TC1,n_agents,100,baseline,1
279,139.5,0,0.0,TC1,n_agents,100,baseline,1
280,140.0,0,0.0,TC1,n_agents,100,baseline,1
281,140.5,0,0.0,TC1,n_agents,100,baseline,1
282,141.0,0,0.0,TC1,n_agents,100,baseline,1
283,141.5,0,0.0,TC1,n_agents,100,baseline,1
284,142.0,0,0.0,TC1,n_agents,100,baseline,1
285,142.5,0,0.0,TC1,n_agents,100,baseline,1
286,143.0,0,0.0,TC1,n_agents,100,baseline,1
287,143.5,0,0.0,TC1,n_agents,100,baseline,1
288,144.0,0,0.0,TC1,n_agents,100,baseline,1
289,144.5,0,0.0,TC1,n_agents,100,baseline,1
290,145.0,0,0.0,TC1,n_agents,100,baseline,1
291,145.5,0,0.0,TC1,n_agents,100,baseline,1
292,146.0,0,0.0,TC1,n_agents,100,baseline,1
293,146.5,0,0.0,TC1,n_agents,100,baseline,1
294,147.0,0,0.0,TC1,n_agents,100,baseline,1
295,147.5,0,0.0,TC1,n_agents,100,baseline,1
296,148.0,0,0.0,TC1,n_agents,100,baseline,1
297,148.5,0,0.0,TC1,n_agents,100,baseline,1
298,149.0,0,0.0,TC1,n_agents,100,baseline,1
299,149.5,0,0.0,TC1,n_agents,100,baseline,1
300,150.0,0,0.0,TC1,n_agents,100,baseline,1
301,150.5,0,0.0,TC1,n_agents,100,baseline,1
302,151.0,0,0.0,TC1,n_agents,100,baseline,1
303,151.5,0,0.0,TC1,n_agents,100,baseline,1
304,152.0,0,0.0,TC1,n_agents,100,baseline,1
305,152.5,0,0.0,TC1,n_agents,100,baseline,1
306,153.0,0,0.0,TC1,n_agents,100,baseline,1
307,153.5,0,0.0,TC1,n_agents,100,baseline,1
308,154.0,0,0.0,TC1,n_agents,100,baseline,1
309,154.5,0,0.0,TC1,n_agents,100,baseline,1
310,155.0,0,0.0,TC1,n_agents,100,baseline,1
311,155.5,0,0.0,TC1,n_agents,100,baseline,1
312,156.0,0,0.0,TC1,n_agents,100,baseline,1
313,156.5,0,0.0,TC1,n_agents,100,baseline,1
314,157.0,0,0.0,TC1,n_agents,100,baseline,1
315,157.5,0,0.0,TC1,n_agents,100,baseline,1
316,158.0,0,0.0,TC1,n_agents,100,baseline,1
317,158.5,0,0.0,TC1,n_agents,100,baseline,1
318,159.0,0,0.0,TC1,n_agents,100,baseline,1
319,159.5,0,0.0,TC1,n_agents,100,baseline,1
320,160.0,0,0.0,TC1,n_agents,100,baseline,1
321,160.5,0,0.0,TC1,n_agents,100,baseline,1
322,161.0,0,0.0,TC1,n_agents,100,baseline,1
323,161.5,0,0.0,TC1,n_agents,100,baseline,1
324,162.0,0,0.0,TC1,n_agents,100,baseline,1
325,162.5,0,0.0,TC1,n_agents,100,baseline,1
326,163.0,0,0.0,TC1,n_agents,100,baseline,1
327,163.5,0,0.0,TC1,n_agents,100,baseline,1
328,164.0,0,0.0,TC1,n_agents,100,baseline,1
329,164.5,0,0.0,TC1,n_agents,100,baseline,1
330,165.0,0,0.0,TC1,n_agents,100,baseline,1
331,165.5,0,0.0,TC1,n_agents,100,baseline,1
332,166.0,0,0.0,TC1,n_agents,100,baseline,1
333,166.5,0,0.0,TC1,n_agents,100,baseline,1
334,167.0,0,0.0,TC1,n_agents,100,baseline,1
335,167.5,0,0.0,TC1,n_agents,100,baseline,1
336,168.0,0,0.0,TC1,n_agents,100,baseline,1
337,168.5,0,0.0,TC1,n_agents,100,baseline,1
338,169.0,0,0.0,TC1,n_agents,100,baseline,1
339,169.5,0,0.0,TC1,n_agents,100,baseline,1
340,170.0,0,0.0,TC1,n_agents,100,baseline,1
341,170.5,0,0.0,TC1,n_agents,100,baseline,1
342,171.0,0,0.0,TC1,n_agents,100,baseline,1
343,171.5,0,0.0,TC1,n_agents,100,baseline,1
344,172.0,0,0.0,TC1,n_agents,100,baseline,1
345,172.5,0,0.0,TC1,n_agents,100,baseline,1
346,173.0,0,0.0,TC1,n_agents,100,baseline,1
347,173.5,0,0.0,TC1,n_agents,100,baseline,1
348,174.0,0,0.0,TC1,n_agents,100,baseline,1
349,174.5,0,0.0,TC1,n_agents,100,baseline,1
350,175.0,0,0.0,TC1,n_agents,100,baseline,1
351,175.5,0,0.0,TC1,n_agents,100,baseline,1
352,176.0,0,0.0,TC1,n_agents,100,baseline,1
353,176.5,0,0.0,TC1,n_agents,100,baseline,1
354,177.0,0,0.0,TC1,n_agents,100,baseline,1
355,177.5,0,0.0,TC1,n_agents,100,baseline,1
356,178.0,0,0.0,TC1,n_agents,100,baseline,1
357,178.5,0,0.0,TC1,n_agents,100,baseline,1
358,179.0,0,0.0,TC1,n_agents,100,baseline,1
359,179.5,0,0.0,TC1,n_agents,100,baseline,1
360,180.0,0,0.0,TC1,n_agents,100,baseline,1
361,180.5,0,0.0,TC1,n_agents,100,baseline,1
362,181.0,0,0.0,TC1,n_agents,100,baseline,1
363,181.5,0,0.0,TC1,n_agents,100,baseline,1
364,182.0,0,0.0,TC1,n_agents,100,baseline,1
365,182.5,0,0.0,TC1,n_agents,100,baseline,1
366,183.0,0,0.0,TC1,n_agents,100,baseline,1
367,183.5,0,0.0,TC1,n_agents,100,baseline,1
368,184.0,0,0.0,TC1,n_agents,100,baseline,1
369,184.5,0,0.0,TC1,n_agents,100,baseline,1
370,185.0,0,0.0,TC1,n_agents,100,baseline,1
371,185.5,0,0.0,TC1,n_agents,100,baseline,1
372,186.0,0,0.0,TC1,n_agents,100,baseline,1
373,186.5,0,0.0,TC1,n_agents,100,baseline,1
374,187.0,0,0.0,TC1,n_agents,100,baseline,1
375,187.5,0,0.0,TC1,n_agents,100,baseline,1
376,188.0,0,0.0,TC1,n_agents,100,baseline,1
377,188.5,0,0.0,TC1,n_agents,100,baseline,1
378,189.0,0,0.0,TC1,n_agents,100,baseline,1
379,189.5,0,0.0,TC1,n_agents,100,baseline,1
380,190.0,0,0.0,TC1,n_agents,100,baseline,1
381,190.5,0,0.0,TC1,n_agents,100,baseline,1
382,191.0,0,0.0,TC1,n_agents,100,baseline,1
383,191.5,0,0.0,TC1,n_agents,100,baseline,1
384,192.0,0,0.0,TC1,n_agents,100,baseline,1
385,192.5,0,0.0,TC1,n_agents,100,baseline,1
386,193.0,0,0.0,TC1,n_agents,100,baseline,1
387,193.5,0,0.0,TC1,n_agents,100,baseline,1
388,194.0,0,0.0,TC1,n_agents,100,baseline,1
389,194.5,0,0.0,TC1,n_agents,100,baseline,1
390,195.0,0,0.0,TC1,n_agents,100,baseline,1
391,195.5,0,0.0,TC1,n_agents,100,baseline,1
392,196.0,0,0.0,TC1,n_agents,100,baseline,1
393,196.5,0,0.0,TC1,n_agents,100,baseline,1
394,197.0,0,0.0,TC1,n_agents,100,baseline,1
395,197.5,0,0.0,TC1,n_agents,100,baseline,1
396,198.0,0,0.0,TC1,n_agents,100,baseline,1
397,198.5,0,0.0,TC1,n_agents,100,baseline,1
398,199.0,0,0.0,TC1,n_agents,100,baseline,1
399,199.5,0,0.0,TC1,n_agents,100,baseline,1
400,200.0,0,0.0,TC1,n_agents,100,baseline,1
401,200.5,0,0.0,TC1,n_agents,100,baseline,1
402,201.0,0,0.0,TC1,n_agents,100,baseline,1
403,201.5,0,0.0,TC1,n_agents,100,baseline,1
404,202.0,0,0.0,TC1,n_agents,100,baseline,1
405,202.5,0,0.0,TC1,n_agents,100,baseline,1
406,203.0,0,0.0,TC1,n_agents,100,baseline,1
407,203.5,0,0.0,TC1,n_agents,100,baseline,1
408,204.0,0,0.0,TC1,n_agents,100,baseline,1
409,204.5,0,0.0,TC1,n_agents,100,baseline,1
410,205.0,0,0.0,TC1,n_agents,100,baseline,1
411,205.5,0,0.0,TC1,n_agents,100,baseline,1
412,206.0,0,0.0,TC1,n_agents,100,baseline,1
413,206.5,0,0.0,TC1,n_agents,100,baseline,1
414,207.0,0,0.0,TC1,n_agents,100,baseline,1
415,207.5,0,0.0,TC1,n_agents,100,baseline,1
416,208.0,0,0.0,TC1,n_agents,100,baseline,1
417,208.5,0,0.0,TC1,n_agents,100,baseline,1
418,209.0,0,0.0,TC1,n_agents,100,baseline,1
419,209.5,0,0.0,TC1,n_agents,100,baseline,1
420,210.0,0,0.0,TC1,n_agents,100,baseline,1
421,210.5,0,0.0,TC1,n_agents,100,baseline,1
422,211.0,0,0.0,TC1,n_agents,100,baseline,1
423,211.5,0,0.0,TC1,n_agents,100,baseline,1
424,212.0,0,0.0,TC1,n_agents,100,baseline,1
425,212.5,0,0.0,TC1,n_agents,100,baseline,1
426,213.0,0,0.0,TC1,n_agents,100,baseline,1
427,213.5,0,0.0,TC1,n_agents,100,baseline,1
428,214.0,0,0.0,TC1,n_agents,100,baseline,1
429,214.5,0,0.0,TC1,n_agents,100,baseline,1
430,215.0,0,0.0,TC1,n_agents,100,baseline,1
431,215.5,0,0.0,TC1,n_agents,100,baseline,1
432,216.0,0,0.0,TC1,n_agents,100,baseline,1
433,216.5,0,0.0,TC1,n_agents,100,baseline,1
434,217.0,0,0.0,TC1,n_agents,100,baseline,1
435,217.5,0,0.0,TC1,n_agents,100,baseline,1
436,218.0,0,0.0,TC1,n_agents,100,baseline,1
437,218.5,0,0.0,TC1,n_agents,100,baseline,1
438,219.0,0,0.0,TC1,n_agents,100,baseline,1
439,219.5,0,0.0,TC1,n_agents,100,baseline,1
440,220.0,0,0.0,TC1,n_agents,100,baseline,1
441,220.5,0,0.0,TC1,n_agents,100,baseline,1
442,221.0,0,0.0,TC1,n_agents,100,baseline,1
443,221.5,0,0.0,TC1,n_agents,100,baseline,1
444,222.0,0,0.0,TC1,n_agents,100,baseline,1
445,222.5,0,0.0,TC1,n_agents,100,baseline,1
446,223.0,0,0.0,TC1,n_agents,100,baseline,1
447,223.5,0,0.0,TC1,n_agents,100,baseline,1
448,224.0,0,0.0,TC1,n_agents,100,baseline,1
449,224.5,0,0.0,TC1,n_agents,100,baseline,1
450,225.0,0,0.0,TC1,n_agents,100,baseline,1
451,225.5,0,0.0,TC1,n_agents,100,baseline,1
452,226.0,0,0.0,TC1,n_agents,100,baseline,1
453,226.5,0,0.0,TC1,n_agents,100,baseline,1
454,227.0,0,0.0,TC1,n_agents,100,baseline,1
455,227.5,0,0.0,TC1,n_agents,100,baseline,1
456,228.0,0,0.0,TC1,n_agents,100,baseline,1
457,228.5,0,0.0,TC1,n_agents,100,baseline,1
458,229.0,0,0.0,TC1,n_agents,100,baseline,1
459,229.5,0,0.0,TC1,n_agents,100,baseline,1
460,230.0,0,0.0,TC1,n_agents,100,baseline,1
461,230.5,0,0.0,TC1,n_agents,100,baseline,1
462,231.0,0,0.0,TC1,n_agents,100,baseline,1
463,231.5,0,0.0,TC1,n_agents,100,baseline,1
464,232.0,0,0.0,TC1,n_agents,100,baseline,1
465,232.5,0,0.0,TC1,n_agents,100,baseline,1
466,233.0,0,0.0,TC1,n_agents,100,baseline,1
467,233.5,0,0.0,TC1,n_agents,100,baseline,1
468,234.0,0,0.0,TC1,n_agents,100,baseline,1
469,234.5,0,0.0,TC1,n_agents,100,baseline,1
470,235.0,0,0.0,TC1,n_agents,100,baseline,1
471,235.5,0,0.0,TC1,n_agents,100,baseline,1
472,236.0,0,0.0,TC1,n_agents,100,baseline,1
473,236.5,0,0.0,TC1,n_agents,100,baseline,1
474,237.0,0,0.0,TC1,n_agents,100,baseline,1
475,237.5,0,0.0,TC1,n_agents,100,baseline,1
476,238.0,0,0.0,TC1,n_agents,100,baseline,1
477,238.5,0,0.0,TC1,n_agents,100,baseline,1
478,239.0,0,0.0,TC1,n_agents,100,baseline,1
479,239.5,0,0.0,TC1,n_agents,100,baseline,1
480,240.0,0,0.0,TC1,n_agents,100,baseline,1
481,240.5,0,0.0,TC1,n_agents,100,baseline,1
482,241.0,0,0.0,TC1,n_agents,100,baseline,1
483,241.5,0,0.0,TC1,n_agents,100,baseline,1
484,242.0,0,0.0,TC1,n_agents,100,baseline,1
485,242.5,0,0.0,TC1,n_agents,100,baseline,1
486,243.0,0,0.0,TC1,n_agents,100,baseline,1
487,243.5,0,0.0,TC1,n_agents,100,baseline,1
488,244.0,0,0.0,TC1,n_agents,100,baseline,1
489,244.5,0,0.0,TC1,n_agents,100,baseline,1
490,245.0,0,0.0,TC1,n_agents,100,baseline,1
491,245.5,0,0.0,TC1,n_agents,100,baseline,1
492,246.0,0,0.0,TC1,n_agents,100,baseline,1
493,246.5,0,0.0,TC1,n_agents,100,baseline,1
494,247.0,0,0.0,TC1,n_agents,100,baseline,1
495,247.5,0,0.0,TC1,n_agents,100,baseline,1
496,248.0,0,0.0,TC1,n_agents,100,baseline,1
497,248.5,0,0.0,TC1,n_agents,100,baseline,1
498,249.0,0,0.0,TC1,n_agents,100,baseline,1
499,249.5,0,0.0,TC1,n_agents,100,baseline,1
500,250.0,0,0.0,TC1,n_agents,100,baseline,1
501,250.5,0,0.0,TC1,n_agents,100,baseline,1
502,251.0,0,0.0,TC1,n_agents,100,baseline,1
503,251.5,0,0.0,TC1,n_agents,100,baseline,1
504,252.0,0,0.0,TC1,n_agents,100,baseline,1
505,252.5,0,0.0,TC1,n_agents,100,baseline,1
506,253.0,0,0.0,TC1,n_agents,100,baseline,1
507,253.5,0,0.0,TC1,n_agents,100,baseline,1
508,254.0,0,0.0,TC1,n_agents,100,baseline,1
509,254.5,0,0.0,TC1,n_agents,100,baseline,1
510,255.0,0,0.0,TC1,n_agents,100,baseline,1
511,255.5,0,0.0,TC1,n_agents,100,baseline,1
512,256.0,0,0.0,TC1,n_agents,100,baseline,1
513,256.5,0,0.0,TC1,n_agents,100,baseline,1
514,257.0,0,0.0,TC1,n_agents,100,baseline,1
515,257.5,0,0.0,TC1,n_agents,100,baseline,1
516,258.0,0,0.0,TC1,n_agents,100,baseline,1
517,258.5,0,0.0,TC1,n_agents,100,baseline,1
518,259.0,0,0.0,TC1,n_agents,100,baseline,1
519,259.5,0,0.0,TC1,n_agents,100,baseline,1
520,260.0,0,0.0,TC1,n_agents,100,baseline,1
521,260.5,0,0.0,TC1,n_agents,100,baseline,1
522,261.0,0,0.0,TC1,n_agents,100,baseline,1
523,261.5,0,0.0,TC1,n_agents,100,baseline,1
524,262.0,0,0.0,TC1,n_agents,100,baseline,1
525,262.5,0,0.0,TC1,n_agents,100,baseline,1
526,263.0,0,0.0,TC1,n_agents,100,baseline,1
527,263.5,0,0.0,TC1,n_agents,100,baseline,1
528,264.0,0,0.0,TC1,n_agents,100,baseline,1
529,264.5,0,0.0,TC1,n_agents,100,baseline,1
530,265.0,0,0.0,TC1,n_agents,100,baseline,1
531,265.5,0,0.0,TC1,n_agents,100,baseline,1
532,266.0,0,0.0,TC1,n_agents,100,baseline,1
533,266.5,0,0.0,TC1,n_agents,100,baseline,1
534,267.0,0,0.0,TC1,n_agents,100,baseline,1
535,267.5,0,0.0,TC1,n_agents,100,baseline,1
536,268.0,0,0.0,TC1,n_agents,100,baseline,1
537,268.5,0,0.0,TC1,n_agents,100,baseline,1
538,269.0,0,0.0,TC1,n_agents,100,baseline,1
539,269.5,0,0.0,TC1,n_agents,100,baseline,1
540,270.0,0,0.0,TC1,n_agents,100,baseline,1
541,270.5,0,0.0,TC1,n_agents,100,baseline,1
542,271.0,0,0.0,TC1,n_agents,100,baseline,1
543,271.5,0,0.0,TC1,n_agents,100,baseline,1
544,272.0,0,0.0,TC1,n_agents,100,baseline,1
545,272.5,0,0.0,TC1,n_agents,100,baseline,1
546,273.0,0,0.0,TC1,n_agents,100,baseline,1
547,273.5,0,0.0,TC1,n_agents,100,baseline,1
548,274.0,0,0.0,TC1,n_agents,100,baseline,1
549,274.5,0,0.0,TC1,n_agents,100,baseline,1
550,275.0,0,0.0,TC1,n_agents,100,baseline,1
551,275.5,0,0.0,TC1,n_agents,100,baseline,1
552,276.0,0,0.0,TC1,n_agents,100,baseline,1
553,276.5,0,0.0,TC1,n_agents,100,baseline,1
554,277.0,0,0.0,TC1,n_agents,100,baseline,1
555,277.5,0,0.0,TC1,n_agents,100,baseline,1
556,278.0,0,0.0,TC1,n_agents,100,baseline,1
557,278.5,0,0.0,TC1,n_agents,100,baseline,1
558,279.0,0,0.0,TC1,n_agents,100,baseline,1
559,279.5,0,0.0,TC1,n_agents,100,baseline,1
560,280.0,0,0.0,TC1,n_agents,100,baseline,1
561,280.5,0,0.0,TC1,n_agents,100,baseline,1
562,281.0,0,0.0,TC1,n_agents,100,baseline,1
563,281.5,0,0.0,TC1,n_agents,100,baseline,1
564,282.0,0,0.0,TC1,n_agents,100,baseline,1
565,282.5,0,0.0,TC1,n_agents,100,baseline,1
566,283.0,0,0.0,TC1,n_agents,100,baseline,1
567,283.5,0,0.0,TC1,n_agents,100,baseline,1
568,284.0,0,0.0,TC1,n_agents,100,baseline,1
569,284.5,0,0.0,TC1,n_agents,100,baseline,1
570,285.0,0,0.0,TC1,n_agents,100,baseline,1
571,285.5,0,0.0,TC1,n_agents,100,baseline,1
572,286.0,0,0.0,TC1,n_agents,100,baseline,1
573,286.5,0,0.0,TC1,n_agents,100,baseline,1
574,287.0,0,0.0,TC1,n_agents,100,baseline,1
575,287.5,0,0.0,TC1,n_agents,100,baseline,1
576,288.0,0,0.0,TC1,n_agents,100,baseline,1
577,288.5,0,0.0,TC1,n_agents,100,baseline,1
578,289.0,0,0.0,TC1,n_agents,100,baseline,1
579,289.5,0,0.0,TC1,n_agents,100,baseline,1
580,290.0,0,0.0,TC1,n_agents,100,baseline,1
581,290.5,0,0.0,TC1,n_agents,100,baseline,1
582,291.0,0,0.0,TC1,n_agents,100,baseline,1
583,291.5,0,0.0,TC1,n_agents,100,baseline,1
584,292.0,0,0.0,TC1,n_agents,100,baseline,1
585,292.5,0,0.0,TC1,n_agents,100,baseline,1
586,293.0,0,0.0,TC1,n_agents,100,baseline,1
587,293.5,0,0.0,TC1,n_agents,100,baseline,1
588,294.0,0,0.0,TC1,n_agents,100,baseline,1
589,294.5,0,0.0,TC1,n_agents,100,baseline,1
590,295.0,0,0.0,TC1,n_agents,100,baseline,1
591,295.5,0,0.0,TC1,n_agents,100,baseline,1
592,296.0,0,0.0,TC1,n_agents,100,baseline,1
593,296.5,0,0.0,TC1,n_agents,100,baseline,1
594,297.0,0,0.0,TC1,n_agents,100,baseline,1
595,297.5,0,0.0,TC1,n_agents,100,baseline,1
596,298.0,0,0.0,TC1,n_agents,100,baseline,1
597,298.5,0,0.0,TC1,n_agents,100,baseline,1
598,299.0,0,0.0,TC1,n_agents,100,baseline,1
599,299.5,0,0.0,TC1,n_agents,100,baseline,1
600,300.0,0,0.0,TC1,n_agents,100,baseline,1
601,300.5,0,0.0,TC1,n_agents,100,baseline,1
602,301.0,0,0.0,TC1,n_agents,100,baseline,1
603,301.5,0,0.0,TC1,n_agents,100,baseline,1
604,302.0,0,0.0,TC1,n_agents,100,baseline,1
605,302.5,0,0.0,TC1,n_agents,100,baseline,1
606,303.0,0,0.0,TC1,n_agents,100,baseline,1
607,303.5,0,0.0,TC1,n_agents,100,baseline,1
608,304.0,0,0.0,TC1,n_agents,100,baseline,1
609,304.5,0,0.0,TC1,n_agents,100,baseline,1
610,305.0,0,0.0,TC1,n_agents,100,baseline,1
611,305.5,0,0.0,TC1,n_agents,100,baseline,1
612,306.0,0,0.0,TC1,n_agents,100,baseline,1
613,306.5,0,0.0,TC1,n_agents,100,baseline,1
614,307.0,0,0.0,TC1,n_agents,100,baseline,1
615,307.5,0,0.0,TC1,n_agents,100,baseline,1
616,308.0,0,0.0,TC1,n_agents,100,baseline,1
617,308.5,0,0.0,TC1,n_agents,100,baseline,1
618,309.0,0,0.0,TC1,n_agents,100,baseline,1
619,309.5,0,0.0,TC1,n_agents,100,baseline,1
620,310.0,0,0.0,TC1,n_agents,100,baseline,1
621,310.5,0,0.0,TC1,n_agents,100,baseline,1
622,311.0,0,0.0,TC1,n_agents,100,baseline,1
623,311.5,0,0.0,TC1,n_agents,100,baseline,1
624,312.0,0,0.0,TC1,n_agents,100,baseline,1
625,312.5,0,0.0,TC1,n_agents,100,baseline,1
626,313.0,0,0.0,TC1,n_agents,100,baseline,1
627,313.5,0,0.0,TC1,n_agents,100,baseline,1
628,314.0,0,0.0,TC1,n_agents,100,baseline,1
629,314.5,0,0.0,TC1,n_agents,100,baseline,1
630,315.0,0,0.0,TC1,n_agents,100,baseline,1
631,315.5,0,0.0,TC1,n_agents,100,baseline,1
632,316.0,0,0.0,TC1,n_agents,100,baseline,1
633,316.5,0,0.0,TC1,n_agents,100,baseline,1
634,317.0,0,0.0,TC1,n_agents,100,baseline,1
635,317.5,0,0.0,TC1,n_agents,100,baseline,1
636,318.0,0,0.0,TC1,n_agents,100,baseline,1
637,318.5,0,0.0,TC1,n_agents,100,baseline,1
638,319.0,0,0.0,TC1,n_agents,100,baseline,1
639,319.5,0,0.0,TC1,n_agents,100,baseline,1
640,320.0,0,0.0,TC1,n_agents,100,baseline,1
641,320.5,0,0.0,TC1,n_agents,100,baseline,1
642,321.0,0,0.0,TC1,n_agents,100,baseline,1
643,321.5,0,0.0,TC1,n_agents,100,baseline,1
644,322.0,0,0.0,TC1,n_agents,100,baseline,1
645,322.5,0,0.0,TC1,n_agents,100,baseline,1
646,323.0,0,0.0,TC1,n_agents,100,baseline,1
647,323.5,0,0.0,TC1,n_agents,100,baseline,1
648,324.0,0,0.0,TC1,n_agents,100,baseline,1
649,324.5,0,0.0,TC1,n_agents,100,baseline,1
650,325.0,0,0.0,TC1,n_agents,100,baseline,1
651,325.5,0,0.0,TC1,n_agents,100,baseline,1
652,326.0,0,0.0,TC1,n_agents,100,baseline,1
653,326.5,0,0.0,TC1,n_agents,100,baseline,1
654,327.0,0,0.0,TC1,n_agents,100,baseline,1
655,327.5,0,0.0,TC1,n_agents,100,baseline,1
656,328.0,0,0.0,TC1,n_agents,100,baseline,1
657,328.5,0,0.0,TC1,n_agents,100,baseline,1
658,329.0,0,0.0,TC1,n_agents,100,baseline,1
659,329.5,0,0.0,TC1,n_agents,100,baseline,1
660,330.0,0,0.0,TC1,n_agents,100,baseline,1
661,330.5,0,0.0,TC1,n_agents,100,baseline,1
662,331.0,0,0.0,TC1,n_agents,100,baseline,1
663,331.5,0,0.0,TC1,n_agents,100,baseline,1
664,332.0,0,0.0,TC1,n_agents,100,baseline,1
665,332.5,0,0.0,TC1,n_agents,100,baseline,1
666,333.0,0,0.0,TC1,n_agents,100,baseline,1
667,333.5,0,0.0,TC1,n_agents,100,baseline,1
668,334.0,0,0.0,TC1,n_agents,100,baseline,1
669,334.5,0,0.0,TC1,n_agents,100,baseline,1
670,335.0,0,0.0,TC1,n_agents,100,baseline,1
671,335.5,0,0.0,TC1,n_agents,100,baseline,1
672,336.0,0,0.0,TC1,n_agents,100,baseline,1
673,336.5,0,0.0,TC1,n_agents,100,baseline,1
674,337.0,0,0.0,TC1,n_agents,100,baseline,1
675,337.5,0,0.0,TC1,n_agents,100,baseline,1
676,338.0,0,0.0,TC1,n_agents,100,baseline,1
677,338.5,0,0.0,TC1,n_agents,100,baseline,1
678,339.0,0,0.0,TC1,n_agents,100,baseline,1
679,339.5,0,0.0,TC1,n_agents,100,baseline,1
680,340.0,0,0.0,TC1,n_agents,100,baseline,1
681,340.5,0,0.0,TC1,n_agents,100,baseline,1
682,341.0,0,0.0,TC1,n_agents,100,baseline,1
683,341.5,0,0.0,TC1,n_agents,100,baseline,1
684,342.0,0,0.0,TC1,n_agents,100,baseline,1
685,342.5,0,0.0,TC1,n_agents,100,baseline,1
686,343.0,0,0.0,TC1,n_agents,100,baseline,1
687,343.5,0,0.0,TC1,n_agents,100,baseline,1
688,344.0,0,0.0,TC1,n_agents,100,baseline,1
689,344.5,0,0.0,TC1,n_agents,100,baseline,1
690,345.0,0,0.0,TC1,n_agents,100,baseline,1
691,345.5,0,0.0,TC1,n_agents,100,baseline,1
692,346.0,0,0.0,TC1,n_agents,100,baseline,1
693,346.5,0,0.0,TC1,n_agents,100,baseline,1
694,347.0,0,0.0,TC1,n_agents,100,baseline,1
695,347.5,0,0.0,TC1,n_agents,100,baseline,1
696,348.0,0,0.0,TC1,n_agents,100,baseline,1
697,348.5,0,0.0,TC1,n_agents,100,baseline,1
698,349.0,0,0.0,TC1,n_agents,100,baseline,1
699,349.5,0,0.0,TC1,n_agents,100,baseline,1
700,350.0,0,0.0,TC1,n_agents,100,baseline,1
701,350.5,0,0.0,TC1,n_agents,100,baseline,1
702,351.0,0,0.0,TC1,n_agents,100,baseline,1
703,351.5,0,0.0,TC1,n_agents,100,baseline,1
704,352.0,0,0.0,TC1,n_agents,100,baseline,1
705,352.5,0,0.0,TC1,n_agents,100,baseline,1
706,353.0,0,0.0,TC1,n_agents,100,baseline,1
707,353.5,0,0.0,TC1,n_agents,100,baseline,1
708,354.0,0,0.0,TC1,n_agents,100,baseline,1
709,354.5,0,0.0,TC1,n_agents,100,baseline,1
710,355.0,0,0.0,TC1,n_agents,100,baseline,1
711,355.5,0,0.0,TC1,n_agents,100,baseline,1
712,356.0,0,0.0,TC1,n_agents,100,baseline,1
713,356.5,0,0.0,TC1,n_agents,100,baseline,1
714,357.0,0,0.0,TC1,n_agents,100,baseline,1
715,357.5,0,0.0,TC1,n_agents,100,baseline,1
716,358.0,0,0.0,TC1,n_agents,100,baseline,1
717,358.5,0,0.0,TC1,n_agents,100,baseline,1
718,359.0,0,0.0,TC1,n_agents,100,baseline,1
719,359.5,0,0.0,TC1,n_agents,100,baseline,1
720,360.0,0,0.0,TC1,n_agents,100,baseline,1
721,360.5,0,0.0,TC1,n_agents,100,baseline,1
722,361.0,0,0.0,TC1,n_agents,100,baseline,1
723,361.5,0,0.0,TC1,n_agents,100,baseline,1
724,362.0,0,0.0,TC1,n_agents,100,baseline,1
725,362.5,0,0.0,TC1,n_agents,100,baseline,1
726,363.0,0,0.0,TC1,n_agents,100,baseline,1
727,363.5,0,0.0,TC1,n_agents,100,baseline,1
728,364.0,0,0.0,TC1,n_agents,100,baseline,1
729,364.5,0,0.0,TC1,n_agents,100,baseline,1
730,365.0,0,0.0,TC1,n_agents,100,baseline,1
731,365.5,0,0.0,TC1,n_agents,100,baseline,1
732,366.0,0,0.0,TC1,n_agents,100,baseline,1
733,366.5,0,0.0,TC1,n_agents,100,baseline,1
734,367.0,0,0.0,TC1,n_agents,100,baseline,1
735,367.5,0,0.0,TC1,n_agents,100,baseline,1
736,368.0,0,0.0,TC1,n_agents,100,baseline,1
737,368.5,0,0.0,TC1,n_agents,100,baseline,1
738,369.0,0,0.0,TC1,n_agents,100,baseline,1
739,369.5,0,0.0,TC1,n_agents,100,baseline,1
740,370.0,0,0.0,TC1,n_agents,100,baseline,1
741,370.5,0,0.0,TC1,n_agents,100,baseline,1
742,371.0,0,0.0,TC1,n_agents,100,baseline,1
743,371.5,0,0.0,TC1,n_agents,100,baseline,1
744,372.0,0,0.0,TC1,n_agents,100,baseline,1
745,372.5,0,0.0,TC1,n_agents,100,baseline,1
746,373.0,0,0.0,TC1,n_agents,100,baseline,1
747,373.5,0,0.0,TC1,n_agents,100,baseline,1
748,374.0,0,0.0,TC1,n_agents,100,baseline,1
749,374.5,0,0.0,TC1,n_agents,100,baseline,1
750,375.0,0,0.0,TC1,n_agents,100,baseline,1
751,375.5,0,0.0,TC1,n_agents,100,baseline,1
752,376.0,0,0.0,TC1,n_agents,100,baseline,1
753,376.5,0,0.0,TC1,n_agents,100,baseline,1
754,377.0,0,0.0,TC1,n_agents,100,baseline,1
755,377.5,0,0.0,TC1,n_agents,100,baseline,1
756,378.0,0,0.0,TC1,n_agents,100,baseline,1
757,378.5,0,0.0,TC1,n_agents,100,baseline,1
758,379.0,0,0.0,TC1,n_agents,100,baseline,1
759,379.5,0,0.0,TC1,n_agents,100,baseline,1
760,380.0,0,0.0,TC1,n_agents,100,baseline,1
761,380.5,0,0.0,TC1,n_agents,100,baseline,1
762,381.0,0,0.0,TC1,n_agents,100,baseline,1
763,381.5,0,0.0,TC1,n_agents,100,baseline,1
764,382.0,0,0.0,TC1,n_agents,100,baseline,1
765,382.5,0,0.0,TC1,n_agents,100,baseline,1
766,383.0,0,0.0,TC1,n_agents,100,baseline,1
767,383.5,0,0.0,TC1,n_agents,100,baseline,1
768,384.0,0,0.0,TC1,n_agents,100,baseline,1
769,384.5,0,0.0,TC1,n_agents,100,baseline,1
770,385.0,0,0.0,TC1,n_agents,100,baseline,1
771,385.5,0,0.0,TC1,n_agents,100,baseline,1
772,386.0,0,0.0,TC1,n_agents,100,baseline,1
773,386.5,0,0.0,TC1,n_agents,100,baseline,1
774,387.0,0,0.0,TC1,n_agents,100,baseline,1
775,387.5,0,0.0,TC1,n_agents,100,baseline,1
776,388.0,0,0.0,TC1,n_agents,100,baseline,1
777,388.5,0,0.0,TC1,n_agents,100,baseline,1
778,389.0,0,0.0,TC1,n_agents,100,baseline,1
779,389.5,0,0.0,TC1,n_agents,100,baseline,1
780,390.0,0,0.0,TC1,n_agents,100,baseline,1
781,390.5,0,0.0,TC1,n_agents,100,baseline,1
782,391.0,0,0.0,TC1,n_agents,100,baseline,1
783,391.5,0,0.0,TC1,n_agents,100,baseline,1
784,392.0,0,0.0,TC1,n_agents,100,baseline,1
785,392.5,0,0.0,TC1,n_agents,100,baseline,1
786,393.0,0,0.0,TC1,n_agents,100,baseline,1
787,393.5,0,0.0,TC1,n_agents,100,baseline,1
788,394.0,0,0.0,TC1,n_agents,100,baseline,1
789,394.5,0,0.0,TC1,n_agents,100,baseline,1
790,395.0,0,0.0,TC1,n_agents,100,baseline,1
791,395.5,0,0.0,TC1,n_agents,100,baseline,1
792,396.0,0,0.0,TC1,n_agents,100,baseline,1
793,396.5,0,0.0,TC1,n_agents,100,baseline,1
794,397.0,0,0.0,TC1,n_agents,100,baseline,1
795,397.5,0,0.0,TC1,n_agents,100,baseline,1
796,398.0,0,0.0,TC1,n_agents,100,baseline,1
797,398.5,0,0.0,TC1,n_agents,100,baseline,1
798,399.0,0,0.0,TC1,n_agents,100,baseline,1
799,399.5,0,0.0,TC1,n_agents,100,baseline,1
800,400.0,0,0.0,TC1,n_agents,100,baseline,1
0,0.0,0,0.0,TC1,n_agents,100,baseline,2
1,0.5,0,0.0,TC1,n_agents,100,baseline,2
2,1.0,0,0.0,TC1,n_agents,100,baseline,2
3,1.5,0,0.0,TC1,n_agents,100,baseline,2
4,2.0,0,0.0,TC1,n_agents,100,baseline,2
5,2.5,0,0.0,TC1,n_agents,100,baseline,2
6,3.0,0,0.0,TC1,n_agents,100,baseline,2
7,3.5,0,0.0,TC1,n_agents,100,baseline,2
8,4.0,0,0.0,TC1,n_agents,100,baseline,2
9,4.5,0,0.0,TC1,n_agents,100,baseline,2
10,5.0,0,0.0,TC1,n_agents,100,baseline,2
11,5.5,0,0.0,TC1,n_agents,100,baseline,2
12,6.0,0,0.0,TC1,n_agents,100,baseline,2
13,6.5,0,0.0,TC1,n_agents,100,baseline,2
14,7.0,0,0.0,TC1,n_agents,100,baseline,2
15,7.5,0,0.0,TC1,n_agents,100,baseline,2
16,8.0,0,0.0,TC1,n_agents,100,baseline,2
17,8.5,0,0.0,TC1,n_agents,100,baseline,2
18,9.0,0,0.0,TC1,n_agents,100,baseline,2
19,9.5,0,0.0,TC1,n_agents,100,baseline,2
20,10.0,0,0.0,TC1,n_agents,100,baseline,2
21,10.5,0,0.0,TC1,n_agents,100,baseline,2
22,11.0,0,0.0,TC1,n_agents,100,baseline,2
23,11.5,0,0.0,TC1,n_agents,100,baseline,2
24,12.0,0,0.0,TC1,n_agents,100,baseline,2
25,12.5,0,0.0,TC1,n_agents,100,baseline,2
26,13.0,0,0.0,TC1,n_agents,100,baseline,2
27,13.5,0,0.0,TC1,n_agents,100,baseline,2
28,14.0,0,0.0,TC1,n_agents,100,baseline,2
29,14.5,0,0.0,TC1,n_agents,100,baseline,2
30,15.0,0,0.0,TC1,n_agents,100,baseline,2
31,15.5,0,0.0,TC1,n_agents,100,baseline,2
32,16.0,0,0.0,TC1,n_agents,100,baseline,2
33,16.5,0,0.0,TC1,n_agents,100,baseline,2
34,17.0,0,0.0,TC1,n_agents,100,baseline,2
35,17.5,0,0.0,TC1,n_agents,100,baseline,2
36,18.0,0,0.0,TC1,n_agents,100,baseline,2
37,18.5,0,0.0,TC1,n_agents,100,baseline,2
38,19.0,0,0.0,TC1,n_agents,100,baseline,2
39,19.5,0,0.0,TC1,n_agents,100,baseline,2
40,20.0,0,0.0,TC1,n_agents,100,baseline,2
41,20.5,0,0.0,TC1,n_agents,100,baseline,2
42,21.0,0,0.0,TC1,n_agents,100,baseline,2
43,21.5,0,0.0,TC1,n_agents,100,baseline,2
44,22.0,0,0.0,TC1,n_agents,100,baseline,2
45,22.5,0,0.0,TC1,n_agents,100,baseline,2
46,23.0,0,0.0,TC1,n_agents,100,baseline,2
47,23.5,0,0.0,TC1,n_agents,100,baseline,2
48,24.0,0,0.0,TC1,n_agents,100,baseline,2
49,24.5,0,0.0,TC1,n_agents,100,baseline,2
50,25.0,0,0.0,TC1,n_agents,100,baseline,2
51,25.5,0,0.0,TC1,n_agents,100,baseline,2
52,26.0,0,0.0,TC1,n_agents,100,baseline,2
53,26.5,0,0.0,TC1,n_agents,100,baseline,2
54,27.0,0,0.0,TC1,n_agents,100,baseline,2
55,27.5,0,0.0,TC1,n_agents,100,baseline,2
56,28.0,0,0.0,TC1,n_agents,100,baseline,2
57,28.5,0,0.0,TC1,n_agents,100,baseline,2
58,29.0,0,0.0,TC1,n_agents,100,baseline,2
59,29.5,0,0.0,TC1,n_agents,100,baseline,2
60,30.0,0,0.0,TC1,n_agents,100,baseline,2
61,30.5,0,0.0,TC1,n_agents,100,baseline,2
62,31.0,0,0.0,TC1,n_agents,100,baseline,2
63,31.5,0,0.0,TC1,n_agents,100,baseline,2
64,32.0,0,0.0,TC1,n_agents,100,baseline,2
65,32.5,0,0.0,TC1,n_agents,100,baseline,2
66,33.0,0,0.0,TC1,n_agents,100,baseline,2
67,33.5,0,0.0,TC1,n_agents,100,baseline,2
68,34.0,0,0.0,TC1,n_agents,100,baseline,2
69,34.5,0,0.0,TC1,n_agents,100,baseline,2
70,35.0,0,0.0,TC1,n_agents,100,baseline,2
71,35.5,0,0.0,TC1,n_agents,100,baseline,2
72,36.0,0,0.0,TC1,n_agents,100,baseline,2
73,36.5,0,0.0,TC1,n_agents,100,baseline,2
74,37.0,0,0.0,TC1,n_agents,100,baseline,2
75,37.5,0,0.0,TC1,n_agents,100,baseline,2
76,38.0,0,0.0,TC1,n_agents,100,baseline,2
77,38.5,0,0.0,TC1,n_agents,100,baseline,2
78,39.0,0,0.0,TC1,n_agents,100,baseline,2
79,39.5,0,0.0,TC1,n_agents,100,baseline,2
80,40.0,0,0.0,TC1,n_agents,100,baseline,2
81,40.5,0,0.0,TC1,n_agents,100,baseline,2
82,41.0,0,0.0,TC1,n_agents,100,baseline,2
83,41.5,0,0.0,TC1,n_agents,100,baseline,2
84,42.0,0,0.0,TC1,n_agents,100,baseline,2
85,42.5,0,0.0,TC1,n_agents,100,baseline,2
86,43.0,0,0.0,TC1,n_agents,100,baseline,2
87,43.5,0,0.0,TC1,n_agents,100,baseline,2
88,44.0,0,0.0,TC1,n_agents,100,baseline,2
89,44.5,0,0.0,TC1,n_agents,100,baseline,2
90,45.0,0,0.0,TC1,n_agents,100,baseline,2
91,45.5,0,0.0,TC1,n_agents,100,baseline,2
92,46.0,0,0.0,TC1,n_agents,100,baseline,2
93,46.5,0,0.0,TC1,n_agents,100,baseline,2
94,47.0,0,0.0,TC1,n_agents,100,baseline,2
95,47.5,0,0.0,TC1,n_agents,100,baseline,2
96,48.0,0,0.0,TC1,n_agents,100,baseline,2
97,48.5,0,0.0,TC1,n_agents,100,baseline,2
98,49.0,0,0.0,TC1,n_agents,100,baseline,2
99,49.5,0,0.0,TC1,n_agents,100,baseline,2
100,50.0,0,0.0,TC1,n_agents,100,baseline,2
101,50.5,0,0.0,TC1,n_agents,100,baseline,2
102,51.0,0,0.0,TC1,n_agents,100,baseline,2
103,51.5,0,0.0,TC1,n_agents,100,baseline,2
104,52.0,0,0.0,TC1,n_agents,100,baseline,2
105,52.5,0,0.0,TC1,n_agents,100,baseline,2
106,53.0,0,0.0,TC1,n_agents,100,baseline,2
107,53.5,0,0.0,TC1,n_agents,100,baseline,2
108,54.0,0,0.0,TC1,n_agents,100,baseline,2
109,54.5,0,0.0,TC1,n_agents,100,baseline,2
110,55.0,0,0.0,TC1,n_agents,100,baseline,2
111,55.5,0,0.0,TC1,n_agents,100,baseline,2
112,56.0,0,0.0,TC1,n_agents,100,baseline,2
113,56.5,0,0.0,TC1,n_agents,100,baseline,2
114,57.0,0,0.0,TC1,n_agents,100,baseline,2
115,57.5,0,0.0,TC1,n_agents,100,baseline,2
116,58.0,0,0.0,TC1,n_agents,100,baseline,2
117,58.5,0,0.0,TC1,n_agents,100,baseline,2
118,59.0,0,0.0,TC1,n_agents,100,baseline,2
119,59.5,0,0.0,TC1,n_agents,100,baseline,2
120,60.0,0,0.0,TC1,n_agents,100,baseline,2
121,60.5,0,0.0,TC1,n_agents,100,baseline,2
122,61.0,0,0.0,TC1,n_agents,100,baseline,2
123,61.5,0,0.0,TC1,n_agents,100,baseline,2
124,62.0,0,0.0,TC1,n_agents,100,baseline,2
125,62.5,0,0.0,TC1,n_agents,100,baseline,2
126,63.0,0,0.0,TC1,n_agents,100,baseline,2
127,63.5,0,0.0,TC1,n_agents,100,baseline,2
128,64.0,0,0.0,TC1,n_agents,100,baseline,2
129,64.5,0,0.0,TC1,n_agents,100,baseline,2
130,65.0,0,0.0,TC1,n_agents,100,baseline,2
131,65.5,0,0.0,TC1,n_agents,100,baseline,2
132,66.0,0,0.0,TC1,n_agents,100,baseline,2
133,66.5,0,0.0,TC1,n_agents,100,baseline,2
134,67.0,0,0.0,TC1,n_agents,100,baseline,2
135,67.5,0,0.0,TC1,n_agents,100,baseline,2
136,68.0,0,0.0,TC1,n_agents,100,baseline,2
137,68.5,0,0.0,TC1,n_agents,100,baseline,2
138,69.0,0,0.0,TC1,n_agents,100,baseline,2
139,69.5,0,0.0,TC1,n_agents,100,baseline,2
140,70.0,0,0.0,TC1,n_agents,100,baseline,2
141,70.5,0,0.0,TC1,n_agents,100,baseline,2
142,71.0,0,0.0,TC1,n_agents,100,baseline,2
143,71.5,0,0.0,TC1,n_agents,100,baseline,2
144,72.0,0,0.0,TC1,n_agents,100,baseline,2
145,72.5,0,0.0,TC1,n_agents,100,baseline,2
146,73.0,0,0.0,TC1,n_agents,100,baseline,2
147,73.5,0,0.0,TC1,n_agents,100,baseline,2
148,74.0,0,0.0,TC1,n_agents,100,baseline,2
149,74.5,0,0.0,TC1,n_agents,100,baseline,2
150,75.0,0,0.0,TC1,n_agents,100,baseline,2
151,75.5,0,0.0,TC1,n_agents,100,baseline,2
152,76.0,0,0.0,TC1,n_agents,100,baseline,2
153,76.5,0,0.0,TC1,n_agents,100,baseline,2
154,77.0,0,0.0,TC1,n_agents,100,baseline,2
155,77.5,0,0.0,TC1,n_agents,100,baseline,2
156,78.0,0,0.0,TC1,n_agents,100,baseline,2
157,78.5,0,0.0,TC1,n_agents,100,baseline,2
158,79.0,0,0.0,TC1,n_agents,100,baseline,2
159,79.5,0,0.0,TC1,n_agents,100,baseline,2
160,80.0,0,0.0,TC1,n_agents,100,baseline,2
161,80.5,0,0.0,TC1,n_agents,100,baseline,2
162,81.0,0,0.0,TC1,n_agents,100,baseline,2
163,81.5,0,0.0,TC1,n_agents,100,baseline,2
164,82.0,0,0.0,TC1,n_agents,100,baseline,2
165,82.5,0,0.0,TC1,n_agents,100,baseline,2
166,83.0,0,0.0,TC1,n_agents,100,baseline,2
167,83.5,0,0.0,TC1,n_agents,100,baseline,2
168,84.0,0,0.0,TC1,n_agents,100,baseline,2
169,84.5,0,0.0,TC1,n_agents,100,baseline,2
170,85.0,0,0.0,TC1,n_agents,100,baseline,2
171,85.5,0,0.0,TC1,n_agents,100,baseline,2
172,86.0,0,0.0,TC1,n_agents,100,baseline,2
173,86.5,0,0.0,TC1,n_agents,100,baseline,2
174,87.0,0,0.0,TC1,n_agents,100,baseline,2
175,87.5,0,0.0,TC1,n_agents,100,baseline,2
176,88.0,0,0.0,TC1,n_agents,100,baseline,2
177,88.5,0,0.0,TC1,n_agents,100,baseline,2
178,89.0,0,0.0,TC1,n_agents,100,baseline,2
179,89.5,0,0.0,TC1,n_agents,100,baseline,2
180,90.0,0,0.0,TC1,n_agents,100,baseline,2
181,90.5,0,0.0,TC1,n_agents,100,baseline,2
182,91.0,0,0.0,TC1,n_agents,100,baseline,2
183,91.5,0,0.0,TC1,n_agents,100,baseline,2
184,92.0,0,0.0,TC1,n_agents,100,baseline,2
185,92.5,0,0.0,TC1,n_agents,100,baseline,2
186,93.0,0,0.0,TC1,n_agents,100,baseline,2
187,93.5,0,0.0,TC1,n_agents,100,baseline,2
188,94.0,0,0.0,TC1,n_agents,100,baseline,2
189,94.5,0,0.0,TC1,n_agents,100,baseline,2
190,95.0,0,0.0,TC1,n_agents,100,baseline,2
191,95.5,0,0.0,TC1,n_agents,100,baseline,2
192,96.0,0,0.0,TC1,n_agents,100,baseline,2
193,96.5,0,0.0,TC1,n_agents,100,baseline,2
194,97.0,0,0.0,TC1,n_agents,100,baseline,2
195,97.5,0,0.0,TC1,n_agents,100,baseline,2
196,98.0,0,0.0,TC1,n_agents,100,baseline,2
197,98.5,0,0.0,TC1,n_agents,100,baseline,2
198,99.0,0,0.0,TC1,n_agents,100,baseline,2
199,99.5,0,0.0,TC1,n_agents,100,baseline,2
200,100.0,0,0.0,TC1,n_agents,100,baseline,2
201,100.5,0,0.0,TC1,n_agents,100,baseline,2
202,101.0,0,0.0,TC1,n_agents,100,baseline,2
203,101.5,0,0.0,TC1,n_agents,100,baseline,2
204,102.0,0,0.0,TC1,n_agents,100,baseline,2
205,102.5,0,0.0,TC1,n_agents,100,baseline,2
206,103.0,0,0.0,TC1,n_agents,100,baseline,2
207,103.5,0,0.0,TC1,n_agents,100,baseline,2
208,104.0,0,0.0,TC1,n_agents,100,baseline,2
209,104.5,0,0.0,TC1,n_agents,100,baseline,2
210,105.0,0,0.0,TC1,n_agents,100,baseline,2
211,105.5,0,0.0,TC1,n_agents,100,baseline,2
212,106.0,0,0.0,TC1,n_agents,100,baseline,2
213,106.5,0,0.0,TC1,n_agents,100,baseline,2
214,107.0,0,0.0,TC1,n_agents,100,baseline,2
215,107.5,0,0.0,TC1,n_agents,100,baseline,2
216,108.0,0,0.0,TC1,n_agents,100,baseline,2
217,108.5,0,0.0,TC1,n_agents,100,baseline,2
218,109.0,0,0.0,TC1,n_agents,100,baseline,2
219,109.5,0,0.0,TC1,n_agents,100,baseline,2
220,110.0,0,0.0,TC1,n_agents,100,baseline,2
221,110.5,0,0.0,TC1,n_agents,100,baseline,2
222,111.0,0,0.0,TC1,n_agents,100,baseline,2
223,111.5,0,0.0,TC1,n_agents,100,baseline,2
224,112.0,0,0.0,TC1,n_agents,100,baseline,2
225,112.5,0,0.0,TC1,n_agents,100,baseline,2
226,113.0,0,0.0,TC1,n_agents,100,baseline,2
227,113.5,0,0.0,TC1,n_agents,100,baseline,2
228,114.0,0,0.0,TC1,n_agents,100,baseline,2
229,114.5,0,0.0,TC1,n_agents,100,baseline,2
230,115.0,0,0.0,TC1,n_agents,100,baseline,2
231,115.5,0,0.0,TC1,n_agents,100,baseline,2
232,116.0,0,0.0,TC1,n_agents,100,baseline,2
233,116.5,0,0.0,TC1,n_agents,100,baseline,2
234,117.0,0,0.0,TC1,n_agents,100,baseline,2
235,117.5,0,0.0,TC1,n_agents,100,baseline,2
236,118.0,0,0.0,TC1,n_agents,100,baseline,2
237,118.5,0,0.0,TC1,n_agents,100,baseline,2
238,119.0,0,0.0,TC1,n_agents,100,baseline,2
239,119.5,0,0.0,TC1,n_agents,100,baseline,2
240,120.0,0,0.0,TC1,n_agents,100,baseline,2
241,120.5,0,0.0,TC1,n_agents,100,baseline,2
242,121.0,0,0.0,TC1,n_agents,100,baseline,2
243,121.5,0,0.0,TC1,n_agents,100,baseline,2
244,122.0,0,0.0,TC1,n_agents,100,baseline,2
245,122.5,0,0.0,TC1,n_agents,100,baseline,2
246,123.0,0,0.0,TC1,n_agents,100,baseline,2
247,123.5,0,0.0,TC1,n_agents,100,baseline,2
248,124.0,0,0.0,TC1,n_agents,100,baseline,2
249,124.5,0,0.0,TC1,n_agents,100,baseline,2
250,125.0,0,0.0,TC1,n_agents,100,baseline,2
251,125.5,0,0.0,TC1,n_agents,100,baseline,2
252,126.0,0,0.0,TC1,n_agents,100,baseline,2
253,126.5,0,0.0,TC1,n_agents,100,baseline,2
254,127.0,0,0.0,TC1,n_agents,100,baseline,2
255,127.5,0,0.0,TC1,n_agents,100,baseline,2
256,128.0,0,0.0,TC1,n_agents,100,baseline,2
257,128.5,0,0.0,TC1,n_agents,100,baseline,2
258,129.0,0,0.0,TC1,n_agents,100,baseline,2
259,129.5,0,0.0,TC1,n_agents,100,baseline,2
260,130.0,0,0.0,TC1,n_agents,100,baseline,2
261,130.5,0,0.0,TC1,n_agents,100,baseline,2
262,131.0,0,0.0,TC1,n_agents,100,baseline,2
263,131.5,0,0.0,TC1,n_agents,100,baseline,2
264,132.0,0,0.0,TC1,n_agents,100,baseline,2
265,132.5,0,0.0,TC1,n_agents,100,baseline,2
266,133.0,0,0.0,TC1,n_agents,100,baseline,2
267,133.5,0,0.0,TC1,n_agents,100,baseline,2
268,134.0,0,0.0,TC1,n_agents,100,baseline,2
269,134.5,0,0.0,TC1,n_agents,100,baseline,2
270,135.0,0,0.0,TC1,n_agents,100,baseline,2
271,135.5,0,0.0,TC1,n_agents,100,baseline,2
272,136.0,0,0.0,TC1,n_agents,100,baseline,2
273,136.5,0,0.0,TC1,n_agents,100,baseline,2
274,137.0,0,0.0,TC1,n_agents,100,baseline,2
275,137.5,0,0.0,TC1,n_agents,100,baseline,2
276,138.0,0,0.0,TC1,n_agents,100,baseline,2
277,138.5,0,0.0,TC1,n_agents,100,baseline,2
278,139.0,0,0.0,TC1,n_agents,100,baseline,2
279,139.5,0,0.0,TC1,n_agents,100,baseline,2
280,140.0,0,0.0,TC1,n_agents,100,baseline,2
281,140.5,0,0.0,TC1,n_agents,100,baseline,2
282,141.0,0,0.0,TC1,n_agents,100,baseline,2
283,141.5,0,0.0,TC1,n_agents,100,baseline,2
284,142.0,0,0.0,TC1,n_agents,100,baseline,2
285,142.5,0,0.0,TC1,n_agents,100,baseline,2
286,143.0,0,0.0,TC1,n_agents,100,baseline,2
287,143.5,0,0.0,TC1,n_agents,100,baseline,2
288,144.0,0,0.0,TC1,n_agents,100,baseline,2
289,144.5,0,0.0,TC1,n_agents,100,baseline,2
290,145.0,0,0.0,TC1,n_agents,100,baseline,2
291,145.5,0,0.0,TC1,n_agents,100,baseline,2
292,146.0,0,0.0,TC1,n_agents,100,baseline,2
293,146.5,0,0.0,TC1,n_agents,100,baseline,2
294,147.0,0,0.0,TC1,n_agents,100,baseline,2
295,147.5,0,0.0,TC1,n_agents,100,baseline,2
296,148.0,0,0.0,TC1,n_agents,100,baseline,2
297,148.5,0,0.0,TC1,n_agents,100,baseline,2
298,149.0,0,0.0,TC1,n_agents,100,baseline,2
299,149.5,0,0.0,TC1,n_agents,100,baseline,2
300,150.0,0,0.0,TC1,n_agents,100,baseline,2
301,150.5,0,0.0,TC1,n_agents,100,baseline,2
302,151.0,0,0.0,TC1,n_agents,100,baseline,2
303,151.5,0,0.0,TC1,n_agents,100,baseline,2
304,152.0,0,0.0,TC1,n_agents,100,baseline,2
305,152.5,0,0.0,TC1,n_agents,100,baseline,2
306,153.0,0,0.0,TC1,n_agents,100,baseline,2
307,153.5,0,0.0,TC1,n_agents,100,baseline,2
308,154.0,0,0.0,TC1,n_agents,100,baseline,2
309,154.5,0,0.0,TC1,n_agents,100,baseline,2
310,155.0,0,0.0,TC1,n_agents,100,baseline,2
311,155.5,0,0.0,TC1,n_agents,100,baseline,2
312,156.0,0,0.0,TC1,n_agents,100,baseline,2
313,156.5,0,0.0,TC1,n_agents,100,baseline,2
314,157.0,0,0.0,TC1,n_agents,100,baseline,2
315,157.5,0,0.0,TC1,n_agents,100,baseline,2
316,158.0,0,0.0,TC1,n_agents,100,baseline,2
317,158.5,0,0.0,TC1,n_agents,100,baseline,2
318,159.0,0,0.0,TC1,n_agents,100,baseline,2
319,159.5,0,0.0,TC1,n_agents,100,baseline,2
320,160.0,0,0.0,TC1,n_agents,100,baseline,2
321,160.5,0,0.0,TC1,n_agents,100,baseline,2
322,161.0,0,0.0,TC1,n_agents,100,baseline,2
323,161.5,0,0.0,TC1,n_agents,100,baseline,2
324,162.0,0,0.0,TC1,n_agents,100,baseline,2
325,162.5,0,0.0,TC1,n_agents,100,baseline,2
326,163.0,0,0.0,TC1,n_agents,100,baseline,2
327,163.5,0,0.0,TC1,n_agents,100,baseline,2
328,164.0,0,0.0,TC1,n_agents,100,baseline,2
329,164.5,0,0.0,TC1,n_agents,100,baseline,2
330,165.0,0,0.0,TC1,n_agents,100,baseline,2
331,165.5,0,0.0,TC1,n_agents,100,baseline,2
332,166.0,0,0.0,TC1,n_agents,100,baseline,2
333,166.5,0,0.0,TC1,n_agents,100,baseline,2
334,167.0,0,0.0,TC1,n_agents,100,baseline,2
335,167.5,0,0.0,TC1,n_agents,100,baseline,2
336,168.0,0,0.0,TC1,n_agents,100,baseline,2
337,168.5,0,0.0,TC1,n_agents,100,baseline,2
338,169.0,0,0.0,TC1,n_agents,100,baseline,2
339,169.5,0,0.0,TC1,n_agents,100,baseline,2
340,170.0,0,0.0,TC1,n_agents,100,baseline,2
341,170.5,0,0.0,TC1,n_agents,100,baseline,2
342,171.0,0,0.0,TC1,n_agents,100,baseline,2
343,171.5,0,0.0,TC1,n_agents,100,baseline,2
344,172.0,0,0.0,TC1,n_agents,100,baseline,2
345,172.5,0,0.0,TC1,n_agents,100,baseline,2
346,173.0,0,0.0,TC1,n_agents,100,baseline,2
347,173.5,0,0.0,TC1,n_agents,100,baseline,2
348,174.0,0,0.0,TC1,n_agents,100,baseline,2
349,174.5,0,0.0,TC1,n_agents,100,baseline,2
350,175.0,0,0.0,TC1,n_agents,100,baseline,2
351,175.5,0,0.0,TC1,n_agents,100,baseline,2
352,176.0,0,0.0,TC1,n_agents,100,baseline,2
353,176.5,0,0.0,TC1,n_agents,100,baseline,2
354,177.0,0,0.0,TC1,n_agents,100,baseline,2
355,177.5,0,0.0,TC1,n_agents,100,baseline,2
356,178.0,0,0.0,TC1,n_agents,100,baseline,2
357,178.5,0,0.0,TC1,n_agents,100,baseline,2
358,179.0,0,0.0,TC1,n_agents,100,baseline,2
359,179.5,0,0.0,TC1,n_agents,100,baseline,2
360,180.0,0,0.0,TC1,n_agents,100,baseline,2
361,180.5,0,0.0,TC1,n_agents,100,baseline,2
362,181.0,0,0.0,TC1,n_agents,100,baseline,2
363,181.5,0,0.0,TC1,n_agents,100,baseline,2
364,182.0,0,0.0,TC1,n_agents,100,baseline,2
365,182.5,0,0.0,TC1,n_agents,100,baseline,2
366,183.0,0,0.0,TC1,n_agents,100,baseline,2
367,183.5,0,0.0,TC1,n_agents,100,baseline,2
368,184.0,0,0.0,TC1,n_agents,100,baseline,2
369,184.5,0,0.0,TC1,n_agents,100,baseline,2
370,185.0,0,0.0,TC1,n_agents,100,baseline,2
371,185.5,0,0.0,TC1,n_agents,100,baseline,2
372,186.0,0,0.0,TC1,n_agents,100,baseline,2
373,186.5,0,0.0,TC1,n_agents,100,baseline,2
374,187.0,0,0.0,TC1,n_agents,100,baseline,2
375,187.5,0,0.0,TC1,n_agents,100,baseline,2
376,188.0,0,0.0,TC1,n_agents,100,baseline,2
377,188.5,0,0.0,TC1,n_agents,100,baseline,2
378,189.0,0,0.0,TC1,n_agents,100,baseline,2
379,189.5,0,0.0,TC1,n_agents,100,baseline,2
380,190.0,0,0.0,TC1,n_agents,100,baseline,2
381,190.5,0,0.0,TC1,n_agents,100,baseline,2
382,191.0,0,0.0,TC1,n_agents,100,baseline,2
383,191.5,0,0.0,TC1,n_agents,100,baseline,2
384,192.0,0,0.0,TC1,n_agents,100,baseline,2
385,192.5,0,0.0,TC1,n_agents,100,baseline,2
386,193.0,0,0.0,TC1,n_agents,100,baseline,2
387,193.5,0,0.0,TC1,n_agents,100,baseline,2
388,194.0,0,0.0,TC1,n_agents,100,baseline,2
389,194.5,0,0.0,TC1,n_agents,100,baseline,2
390,195.0,0,0.0,TC1,n_agents,100,baseline,2
391,195.5,0,0.0,TC1,n_agents,100,baseline,2
392,196.0,0,0.0,TC1,n_agents,100,baseline,2
393,196.5,0,0.0,TC1,n_agents,100,baseline,2
394,197.0,0,0.0,TC1,n_agents,100,baseline,2
395,197.5,0,0.0,TC1,n_agents,100,baseline,2
396,198.0,0,0.0,TC1,n_agents,100,baseline,2
397,198.5,0,0.0,TC1,n_agents,100,baseline,2
398,199.0,0,0.0,TC1,n_agents,100,baseline,2
399,199.5,0,0.0,TC1,n_agents,100,baseline,2
400,200.0,0,0.0,TC1,n_agents,100,baseline,2
401,200.5,0,0.0,TC1,n_agents,100,baseline,2
402,201.0,0,0.0,TC1,n_agents,100,baseline,2
403,201.5,0,0.0,TC1,n_agents,100,baseline,2
404,202.0,0,0.0,TC1,n_agents,100,baseline,2
405,202.5,0,0.0,TC1,n_agents,100,baseline,2
406,203.0,0,0.0,TC1,n_agents,100,baseline,2
407,203.5,0,0.0,TC1,n_agents,100,baseline,2
408,204.0,0,0.0,TC1,n_agents,100,baseline,2
409,204.5,0,0.0,TC1,n_agents,100,baseline,2
410,205.0,0,0.0,TC1,n_agents,100,baseline,2
411,205.5,0,0.0,TC1,n_agents,100,baseline,2
412,206.0,0,0.0,TC1,n_agents,100,baseline,2
413,206.5,0,0.0,TC1,n_agents,100,baseline,2
414,207.0,0,0.0,TC1,n_agents,100,baseline,2
415,207.5,0,0.0,TC1,n_agents,100,baseline,2
416,208.0,0,0.0,TC1,n_agents,100,baseline,2
417,208.5,0,0.0,TC1,n_agents,100,baseline,2
418,209.0,0,0.0,TC1,n_agents,100,baseline,2
419,209.5,0,0.0,TC1,n_agents,100,baseline,2
420,210.0,0,0.0,TC1,n_agents,100,baseline,2
421,210.5,0,0.0,TC1,n_agents,100,baseline,2
422,211.0,0,0.0,TC1,n_agents,100,baseline,2
423,211.5,0,0.0,TC1,n_agents,100,baseline,2
424,212.0,0,0.0,TC1,n_agents,100,baseline,2
425,212.5,0,0.0,TC1,n_agents,100,baseline,2
426,213.0,0,0.0,TC1,n_agents,100,baseline,2
427,213.5,0,0.0,TC1,n_agents,100,baseline,2
428,214.0,0,0.0,TC1,n_agents,100,baseline,2
429,214.5,0,0.0,TC1,n_agents,100,baseline,2
430,215.0,0,0.0,TC1,n_agents,100,baseline,2
431,215.5,0,0.0,TC1,n_agents,100,baseline,2
432,216.0,0,0.0,TC1,n_agents,100,baseline,2
433,216.5,0,0.0,TC1,n_agents,100,baseline,2
434,217.0,0,0.0,TC1,n_agents,100,baseline,2
435,217.5,0,0.0,TC1,n_agents,100,baseline,2
436,218.0,0,0.0,TC1,n_agents,100,baseline,2
437,218.5,0,0.0,TC1,n_agents,100,baseline,2
438,219.0,0,0.0,TC1,n_agents,100,baseline,2
439,219.5,0,0.0,TC1,n_agents,100,baseline,2
440,220.0,0,0.0,TC1,n_agents,100,baseline,2
441,220.5,0,0.0,TC1,n_agents,100,baseline,2
442,221.0,0,0.0,TC1,n_agents,100,baseline,2
443,221.5,0,0.0,TC1,n_agents,100,baseline,2
444,222.0,0,0.0,TC1,n_agents,100,baseline,2
445,222.5,0,0.0,TC1,n_agents,100,baseline,2
446,223.0,0,0.0,TC1,n_agents,100,baseline,2
447,223.5,0,0.0,TC1,n_agents,100,baseline,2
448,224.0,0,0.0,TC1,n_agents,100,baseline,2
449,224.5,0,0.0,TC1,n_agents,100,baseline,2
450,225.0,0,0.0,TC1,n_agents,100,baseline,2
451,225.5,0,0.0,TC1,n_agents,100,baseline,2
452,226.0,0,0.0,TC1,n_agents,100,baseline,2
453,226.5,0,0.0,TC1,n_agents,100,baseline,2
454,227.0,0,0.0,TC1,n_agents,100,baseline,2
455,227.5,0,0.0,TC1,n_agents,100,baseline,2
456,228.0,0,0.0,TC1,n_agents,100,baseline,2
457,228.5,0,0.0,TC1,n_agents,100,baseline,2
458,229.0,0,0.0,TC1,n_agents,100,baseline,2
459,229.5,0,0.0,TC1,n_agents,100,baseline,2
460,230.0,0,0.0,TC1,n_agents,100,baseline,2
461,230.5,0,0.0,TC1,n_agents,100,baseline,2
462,231.0,0,0.0,TC1,n_agents,100,baseline,2
463,231.5,0,0.0,TC1,n_agents,100,baseline,2
464,232.0,0,0.0,TC1,n_agents,100,baseline,2
465,232.5,0,0.0,TC1,n_agents,100,baseline,2
466,233.0,0,0.0,TC1,n_agents,100,baseline,2
467,233.5,0,0.0,TC1,n_agents,100,baseline,2
468,234.0,0,0.0,TC1,n_agents,100,baseline,2
469,234.5,0,0.0,TC1,n_agents,100,baseline,2
470,235.0,0,0.0,TC1,n_agents,100,baseline,2
471,235.5,0,0.0,TC1,n_agents,100,baseline,2
472,236.0,0,0.0,TC1,n_agents,100,baseline,2
473,236.5,0,0.0,TC1,n_agents,100,baseline,2
474,237.0,0,0.0,TC1,n_agents,100,baseline,2
475,237.5,0,0.0,TC1,n_agents,100,baseline,2
476,238.0,0,0.0,TC1,n_agents,100,baseline,2
477,238.5,0,0.0,TC1,n_agents,100,baseline,2
478,239.0,0,0.0,TC1,n_agents,100,baseline,2
479,239.5,0,0.0,TC1,n_agents,100,baseline,2
480,240.0,0,0.0,TC1,n_agents,100,baseline,2
481,240.5,0,0.0,TC1,n_agents,100,baseline,2
482,241.0,0,0.0,TC1,n_agents,100,baseline,2
483,241.5,0,0.0,TC1,n_agents,100,baseline,2
484,242.0,0,0.0,TC1,n_agents,100,baseline,2
485,242.5,0,0.0,TC1,n_agents,100,baseline,2
486,243.0,0,0.0,TC1,n_agents,100,baseline,2
487,243.5,0,0.0,TC1,n_agents,100,baseline,2
488,244.0,0,0.0,TC1,n_agents,100,baseline,2
489,244.5,0,0.0,TC1,n_agents,100,baseline,2
490,245.0,0,0.0,TC1,n_agents,100,baseline,2
491,245.5,0,0.0,TC1,n_agents,100,baseline,2
492,246.0,0,0.0,TC1,n_agents,100,baseline,2
493,246.5,0,0.0,TC1,n_agents,100,baseline,2
494,247.0,0,0.0,TC1,n_agents,100,baseline,2
495,247.5,0,0.0,TC1,n_agents,100,baseline,2
496,248.0,0,0.0,TC1,n_agents,100,baseline,2
497,248.5,0,0.0,TC1,n_agents,100,baseline,2
498,249.0,0,0.0,TC1,n_agents,100,baseline,2
499,249.5,0,0.0,TC1,n_agents,100,baseline,2
500,250.0,0,0.0,TC1,n_agents,100,baseline,2
501,250.5,0,0.0,TC1,n_agents,100,baseline,2
502,251.0,0,0.0,TC1,n_agents,100,baseline,2
503,251.5,0,0.0,TC1,n_agents,100,baseline,2
504,252.0,0,0.0,TC1,n_agents,100,baseline,2
505,252.5,0,0.0,TC1,n_agents,100,baseline,2
506,253.0,0,0.0,TC1,n_agents,100,baseline,2
507,253.5,0,0.0,TC1,n_agents,100,baseline,2
508,254.0,0,0.0,TC1,n_agents,100,baseline,2
509,254.5,0,0.0,TC1,n_agents,100,baseline,2
510,255.0,0,0.0,TC1,n_agents,100,baseline,2
511,255.5,0,0.0,TC1,n_agents,100,baseline,2
512,256.0,0,0.0,TC1,n_agents,100,baseline,2
513,256.5,0,0.0,TC1,n_agents,100,baseline,2
514,257.0,0,0.0,TC1,n_agents,100,baseline,2
515,257.5,0,0.0,TC1,n_agents,100,baseline,2
516,258.0,0,0.0,TC1,n_agents,100,baseline,2
517,258.5,0,0.0,TC1,n_agents,100,baseline,2
518,259.0,0,0.0,TC1,n_agents,100,baseline,2
519,259.5,0,0.0,TC1,n_agents,100,baseline,2
520,260.0,0,0.0,TC1,n_agents,100,baseline,2
521,260.5,0,0.0,TC1,n_agents,100,baseline,2
522,261.0,0,0.0,TC1,n_agents,100,baseline,2
523,261.5,0,0.0,TC1,n_agents,100,baseline,2
524,262.0,0,0.0,TC1,n_agents,100,baseline,2
525,262.5,0,0.0,TC1,n_agents,100,baseline,2
526,263.0,0,0.0,TC1,n_agents,100,baseline,2
527,263.5,0,0.0,TC1,n_agents,100,baseline,2
528,264.0,0,0.0,TC1,n_agents,100,baseline,2
529,264.5,0,0.0,TC1,n_agents,100,baseline,2
530,265.0,0,0.0,TC1,n_agents,100,baseline,2
531,265.5,0,0.0,TC1,n_agents,100,baseline,2
532,266.0,0,0.0,TC1,n_agents,100,baseline,2
533,266.5,0,0.0,TC1,n_agents,100,baseline,2
534,267.0,0,0.0,TC1,n_agents,100,baseline,2
535,267.5,0,0.0,TC1,n_agents,100,baseline,2
536,268.0,0,0.0,TC1,n_agents,100,baseline,2
537,268.5,0,0.0,TC1,n_agents,100,baseline,2
538,269.0,0,0.0,TC1,n_agents,100,baseline,2
539,269.5,0,0.0,TC1,n_agents,100,baseline,2
540,270.0,0,0.0,TC1,n_agents,100,baseline,2
541,270.5,0,0.0,TC1,n_agents,100,baseline,2
542,271.0,0,0.0,TC1,n_agents,100,baseline,2
543,271.5,0,0.0,TC1,n_agents,100,baseline,2
544,272.0,0,0.0,TC1,n_agents,100,baseline,2
545,272.5,0,0.0,TC1,n_agents,100,baseline,2
546,273.0,0,0.0,TC1,n_agents,100,baseline,2
547,273.5,0,0.0,TC1,n_agents,100,baseline,2
548,274.0,0,0.0,TC1,n_agents,100,baseline,2
549,274.5,0,0.0,TC1,n_agents,100,baseline,2
550,275.0,0,0.0,TC1,n_agents,100,baseline,2
551,275.5,0,0.0,TC1,n_agents,100,baseline,2
552,276.0,0,0.0,TC1,n_agents,100,baseline,2
553,276.5,0,0.0,TC1,n_agents,100,baseline,2
554,277.0,0,0.0,TC1,n_agents,100,baseline,2
555,277.5,0,0.0,TC1,n_agents,100,baseline,2
556,278.0,0,0.0,TC1,n_agents,100,baseline,2
557,278.5,0,0.0,TC1,n_agents,100,baseline,2
558,279.0,0,0.0,TC1,n_agents,100,baseline,2
559,279.5,0,0.0,TC1,n_agents,100,baseline,2
560,280.0,0,0.0,TC1,n_agents,100,baseline,2
561,280.5,0,0.0,TC1,n_agents,100,baseline,2
562,281.0,0,0.0,TC1,n_agents,100,baseline,2
563,281.5,0,0.0,TC1,n_agents,100,baseline,2
564,282.0,0,0.0,TC1,n_agents,100,baseline,2
565,282.5,0,0.0,TC1,n_agents,100,baseline,2
566,283.0,0,0.0,TC1,n_agents,100,baseline,2
567,283.5,0,0.0,TC1,n_agents,100,baseline,2
568,284.0,0,0.0,TC1,n_agents,100,baseline,2
569,284.5,0,0.0,TC1,n_agents,100,baseline,2
570,285.0,0,0.0,TC1,n_agents,100,baseline,2
571,285.5,0,0.0,TC1,n_agents,100,baseline,2
572,286.0,0,0.0,TC1,n_agents,100,baseline,2
573,286.5,0,0.0,TC1,n_agents,100,baseline,2
574,287.0,0,0.0,TC1,n_agents,100,baseline,2
575,287.5,0,0.0,TC1,n_agents,100,baseline,2
576,288.0,0,0.0,TC1,n_agents,100,baseline,2
577,288.5,0,0.0,TC1,n_agents,100,baseline,2
578,289.0,0,0.0,TC1,n_agents,100,baseline,2
579,289.5,0,0.0,TC1,n_agents,100,baseline,2
580,290.0,0,0.0,TC1,n_agents,100,baseline,2
581,290.5,0,0.0,TC1,n_agents,100,baseline,2
582,291.0,0,0.0,TC1,n_agents,100,baseline,2
583,291.5,0,0.0,TC1,n_agents,100,baseline,2
584,292.0,0,0.0,TC1,n_agents,100,baseline,2
585,292.5,0,0.0,TC1,n_agents,100,baseline,2
586,293.0,0,0.0,TC1,n_agents,100,baseline,2
587,293.5,0,0.0,TC1,n_agents,100,baseline,2
588,294.0,0,0.0,TC1,n_agents,100,baseline,2
589,294.5,0,0.0,TC1,n_agents,100,baseline,2
590,295.0,0,0.0,TC1,n_agents,100,baseline,2
591,295.5,0,0.0,TC1,n_agents,100,baseline,2
592,296.0,0,0.0,TC1,n_agents,100,baseline,2
593,296.5,0,0.0,TC1,n_agents,100,baseline,2
594,297.0,0,0.0,TC1,n_agents,100,baseline,2
595,297.5,0,0.0,TC1,n_agents,100,baseline,2
596,298.0,0,0.0,TC1,n_agents,100,baseline,2
597,298.5,0,0.0,TC1,n_agents,100,baseline,2
598,299.0,0,0.0,TC1,n_agents,100,baseline,2
599,299.5,0,0.0,TC1,n_agents,100,baseline,2
600,300.0,0,0.0,TC1,n_agents,100,baseline,2
601,300.5,0,0.0,TC1,n_agents,100,baseline,2
602,301.0,0,0.0,TC1,n_agents,100,baseline,2
603,301.5,0,0.0,TC1,n_agents,100,baseline,2
604,302.0,0,0.0,TC1,n_agents,100,baseline,2
605,302.5,0,0.0,TC1,n_agents,100,baseline,2
606,303.0,0,0.0,TC1,n_agents,100,baseline,2
607,303.5,0,0.0,TC1,n_agents,100,baseline,2
608,304.0,0,0.0,TC1,n_agents,100,baseline,2
609,304.5,0,0.0,TC1,n_agents,100,baseline,2
610,305.0,0,0.0,TC1,n_agents,100,baseline,2
611,305.5,0,0.0,TC1,n_agents,100,baseline,2
612,306.0,0,0.0,TC1,n_agents,100,baseline,2
613,306.5,0,0.0,TC1,n_agents,100,baseline,2
614,307.0,0,0.0,TC1,n_agents,100,baseline,2
615,307.5,0,0.0,TC1,n_agents,100,baseline,2
616,308.0,0,0.0,TC1,n_agents,100,baseline,2
617,308.5,0,0.0,TC1,n_agents,100,baseline,2
618,309.0,0,0.0,TC1,n_agents,100,baseline,2
619,309.5,0,0.0,TC1,n_agents,100,baseline,2
620,310.0,0,0.0,TC1,n_agents,100,baseline,2
621,310.5,0,0.0,TC1,n_agents,100,baseline,2
622,311.0,0,0.0,TC1,n_agents,100,baseline,2
623,311.5,0,0.0,TC1,n_agents,100,baseline,2
624,312.0,0,0.0,TC1,n_agents,100,baseline,2
625,312.5,0,0.0,TC1,n_agents,100,baseline,2
626,313.0,0,0.0,TC1,n_agents,100,baseline,2
627,313.5,0,0.0,TC1,n_agents,100,baseline,2
628,314.0,0,0.0,TC1,n_agents,100,baseline,2
629,314.5,0,0.0,TC1,n_agents,100,baseline,2
630,315.0,0,0.0,TC1,n_agents,100,baseline,2
631,315.5,0,0.0,TC1,n_agents,100,baseline,2
632,316.0,0,0.0,TC1,n_agents,100,baseline,2
633,316.5,0,0.0,TC1,n_agents,100,baseline,2
634,317.0,0,0.0,TC1,n_agents,100,baseline,2
635,317.5,0,0.0,TC1,n_agents,100,baseline,2
636,318.0,0,0.0,TC1,n_agents,100,baseline,2
637,318.5,0,0.0,TC1,n_agents,100,baseline,2
638,319.0,0,0.0,TC1,n_agents,100,baseline,2
639,319.5,0,0.0,TC1,n_agents,100,baseline,2
640,320.0,0,0.0,TC1,n_agents,100,baseline,2
641,320.5,0,0.0,TC1,n_agents,100,baseline,2
642,321.0,0,0.0,TC1,n_agents,100,baseline,2
643,321.5,0,0.0,TC1,n_agents,100,baseline,2
644,322.0,0,0.0,TC1,n_agents,100,baseline,2
645,322.5,0,0.0,TC1,n_agents,100,baseline,2
646,323.0,0,0.0,TC1,n_agents,100,baseline,2
647,323.5,0,0.0,TC1,n_agents,100,baseline,2
648,324.0,0,0.0,TC1,n_agents,100,baseline,2
649,324.5,0,0.0,TC1,n_agents,100,baseline,2
650,325.0,0,0.0,TC1,n_agents,100,baseline,2
651,325.5,0,0.0,TC1,n_agents,100,baseline,2
652,326.0,0,0.0,TC1,n_agents,100,baseline,2
653,326.5,0,0.0,TC1,n_agents,100,baseline,2
654,327.0,0,0.0,TC1,n_agents,100,baseline,2
655,327.5,0,0.0,TC1,n_agents,100,baseline,2
656,328.0,0,0.0,TC1,n_agents,100,baseline,2
657,328.5,0,0.0,TC1,n_agents,100,baseline,2
658,329.0,0,0.0,TC1,n_agents,100,baseline,2
659,329.5,0,0.0,TC1,n_agents,100,baseline,2
660,330.0,0,0.0,TC1,n_agents,100,baseline,2
661,330.5,0,0.0,TC1,n_agents,100,baseline,2
662,331.0,0,0.0,TC1,n_agents,100,baseline,2
663,331.5,0,0.0,TC1,n_agents,100,baseline,2
664,332.0,0,0.0,TC1,n_agents,100,baseline,2
665,332.5,0,0.0,TC1,n_agents,100,baseline,2
666,333.0,0,0.0,TC1,n_agents,100,baseline,2
667,333.5,0,0.0,TC1,n_agents,100,baseline,2
668,334.0,0,0.0,TC1,n_agents,100,baseline,2
669,334.5,0,0.0,TC1,n_agents,100,baseline,2
670,335.0,0,0.0,TC1,n_agents,100,baseline,2
671,335.5,0,0.0,TC1,n_agents,100,baseline,2
672,336.0,0,0.0,TC1,n_agents,100,baseline,2
673,336.5,0,0.0,TC1,n_agents,100,baseline,2
674,337.0,0,0.0,TC1,n_agents,100,baseline,2
675,337.5,0,0.0,TC1,n_agents,100,baseline,2
676,338.0,0,0.0,TC1,n_agents,100,baseline,2
677,338.5,0,0.0,TC1,n_agents,100,baseline,2
678,339.0,0,0.0,TC1,n_agents,100,baseline,2
679,339.5,0,0.0,TC1,n_agents,100,baseline,2
680,340.0,0,0.0,TC1,n_agents,100,baseline,2
681,340.5,0,0.0,TC1,n_agents,100,baseline,2
682,341.0,0,0.0,TC1,n_agents,100,baseline,2
683,341.5,0,0.0,TC1,n_agents,100,baseline,2
684,342.0,0,0.0,TC1,n_agents,100,baseline,2
685,342.5,0,0.0,TC1,n_agents,100,baseline,2
686,343.0,0,0.0,TC1,n_agents,100,baseline,2
687,343.5,0,0.0,TC1,n_agents,100,baseline,2
688,344.0,0,0.0,TC1,n_agents,100,baseline,2
689,344.5,0,0.0,TC1,n_agents,100,baseline,2
690,345.0,0,0.0,TC1,n_agents,100,baseline,2
691,345.5,0,0.0,TC1,n_agents,100,baseline,2
692,346.0,0,0.0,TC1,n_agents,100,baseline,2
693,346.5,0,0.0,TC1,n_agents,100,baseline,2
694,347.0,0,0.0,TC1,n_agents,100,baseline,2
695,347.5,0,0.0,TC1,n_agents,100,baseline,2
696,348.0,0,0.0,TC1,n_agents,100,baseline,2
697,348.5,0,0.0,TC1,n_agents,100,baseline,2
698,349.0,0,0.0,TC1,n_agents,100,baseline,2
699,349.5,0,0.0,TC1,n_agents,100,baseline,2
700,350.0,0,0.0,TC1,n_agents,100,baseline,2
701,350.5,0,0.0,TC1,n_agents,100,baseline,2
702,351.0,0,0.0,TC1,n_agents,100,baseline,2
703,351.5,0,0.0,TC1,n_agents,100,baseline,2
704,352.0,0,0.0,TC1,n_agents,100,baseline,2
705,352.5,0,0.0,TC1,n_agents,100,baseline,2
706,353.0,0,0.0,TC1,n_agents,100,baseline,2
707,353.5,0,0.0,TC1,n_agents,100,baseline,2
708,354.0,0,0.0,TC1,n_agents,100,baseline,2
709,354.5,0,0.0,TC1,n_agents,100,baseline,2
710,355.0,0,0.0,TC1,n_agents,100,baseline,2
711,355.5,0,0.0,TC1,n_agents,100,baseline,2
712,356.0,0,0.0,TC1,n_agents,100,baseline,2
713,356.5,0,0.0,TC1,n_agents,100,baseline,2
714,357.0,0,0.0,TC1,n_agents,100,baseline,2
715,357.5,0,0.0,TC1,n_agents,100,baseline,2
716,358.0,0,0.0,TC1,n_agents,100,baseline,2
717,358.5,0,0.0,TC1,n_agents,100,baseline,2
718,359.0,0,0.0,TC1,n_agents,100,baseline,2
719,359.5,0,0.0,TC1,n_agents,100,baseline,2
720,360.0,0,0.0,TC1,n_agents,100,baseline,2
721,360.5,0,0.0,TC1,n_agents,100,baseline,2
722,361.0,0,0.0,TC1,n_agents,100,baseline,2
723,361.5,0,0.0,TC1,n_agents,100,baseline,2
724,362.0,0,0.0,TC1,n_agents,100,baseline,2
725,362.5,0,0.0,TC1,n_agents,100,baseline,2
726,363.0,0,0.0,TC1,n_agents,100,baseline,2
727,363.5,0,0.0,TC1,n_agents,100,baseline,2
728,364.0,0,0.0,TC1,n_agents,100,baseline,2
729,364.5,0,0.0,TC1,n_agents,100,baseline,2
730,365.0,0,0.0,TC1,n_agents,100,baseline,2
731,365.5,0,0.0,TC1,n_agents,100,baseline,2
732,366.0,0,0.0,TC1,n_agents,100,baseline,2
733,366.5,0,0.0,TC1,n_agents,100,baseline,2
734,367.0,0,0.0,TC1,n_agents,100,baseline,2
735,367.5,0,0.0,TC1,n_agents,100,baseline,2
736,368.0,0,0.0,TC1,n_agents,100,baseline,2
737,368.5,0,0.0,TC1,n_agents,100,baseline,2
738,369.0,0,0.0,TC1,n_agents,100,baseline,2
739,369.5,0,0.0,TC1,n_agents,100,baseline,2
740,370.0,0,0.0,TC1,n_agents,100,baseline,2
741,370.5,0,0.0,TC1,n_agents,100,baseline,2
742,371.0,0,0.0,TC1,n_agents,100,baseline,2
743,371.5,0,0.0,TC1,n_agents,100,baseline,2
744,372.0,0,0.0,TC1,n_agents,100,baseline,2
745,372.5,0,0.0,TC1,n_agents,100,baseline,2
746,373.0,0,0.0,TC1,n_agents,100,baseline,2
747,373.5,0,0.0,TC1,n_agents,100,baseline,2
748,374.0,0,0.0,TC1,n_agents,100,baseline,2
749,374.5,0,0.0,TC1,n_agents,100,baseline,2
750,375.0,0,0.0,TC1,n_agents,100,baseline,2
751,375.5,0,0.0,TC1,n_agents,100,baseline,2
752,376.0,0,0.0,TC1,n_agents,100,baseline,2
753,376.5,0,0.0,TC1,n_agents,100,baseline,2
754,377.0,0,0.0,TC1,n_agents,100,baseline,2
755,377.5,0,0.0,TC1,n_agents,100,baseline,2
756,378.0,0,0.0,TC1,n_agents,100,baseline,2
757,378.5,0,0.0,TC1,n_agents,100,baseline,2
758,379.0,0,0.0,TC1,n_agents,100,baseline,2
759,379.5,0,0.0,TC1,n_agents,100,baseline,2
760,380.0,0,0.0,TC1,n_agents,100,baseline,2
761,380.5,0,0.0,TC1,n_agents,100,baseline,2
762,381.0,0,0.0,TC1,n_agents,100,baseline,2
763,381.5,0,0.0,TC1,n_agents,100,baseline,2
764,382.0,0,0.0,TC1,n_agents,100,baseline,2
765,382.5,0,0.0,TC1,n_agents,100,baseline,2
766,383.0,0,0.0,TC1,n_agents,100,baseline,2
767,383.5,0,0.0,TC1,n_agents,100,baseline,2
768,384.0,0,0.0,TC1,n_agents,100,baseline,2
769,384.5,0,0.0,TC1,n_agents,100,baseline,2
770,385.0,0,0.0,TC1,n_agents,100,baseline,2
771,385.5,0,0.0,TC1,n_agents,100,baseline,2
772,386.0,0,0.0,TC1,n_agents,100,baseline,2
773,386.5,0,0.0,TC1,n_agents,100,baseline,2
774,387.0,0,0.0,TC1,n_agents,100,baseline,2
775,387.5,0,0.0,TC1,n_agents,100,baseline,2
776,388.0,0,0.0,TC1,n_agents,100,baseline,2
777,388.5,0,0.0,TC1,n_agents,100,baseline,2
778,389.0,0,0.0,TC1,n_agents,100,baseline,2
779,389.5,0,0.0,TC1,n_agents,100,baseline,2
780,390.0,0,0.0,TC1,n_agents,100,baseline,2
781,390.5,0,0.0,TC1,n_agents,100,baseline,2
782,391.0,0,0.0,TC1,n_agents,100,baseline,2
783,391.5,0,0.0,TC1,n_agents,100,baseline,2
784,392.0,0,0.0,TC1,n_agents,100,baseline,2
785,392.5,0,0.0,TC1,n_agents,100,baseline,2
786,393.0,0,0.0,TC1,n_agents,100,baseline,2
787,393.5,0,0.0,TC1,n_agents,100,baseline,2
788,394.0,0,0.0,TC1,n_agents,100,baseline,2
789,394.5,0,0.0,TC1,n_agents,100,baseline,2
790,395.0,0,0.0,TC1,n_agents,100,baseline,2
791,395.5,0,0.0,TC1,n_agents,100,baseline,2
792,396.0,0,0.0,TC1,n_agents,100,baseline,2
793,396.5,0,0.0,TC1,n_agents,100,baseline,2
794,397.0,0,0.0,TC1,n_agents,100,baseline,2
795,397.5,0,0.0,TC1,n_agents,100,baseline,2
796,398.0,0,0.0,TC1,n_agents,100,baseline,2
797,398.5,0,0.0,TC1,n_agents,100,baseline,2
798,399.0,0,0.0,TC1,n_agents,100,baseline,2
799,399.5,0,0.0,TC1,n_agents,100,baseline,2
800,400.0,0,0.0,TC1,n_agents,100,baseline,2
0,0.0,0,0.0,TC1,n_agents,100,baseline,3
1,0.5,0,0.0,TC1,n_agents,100,baseline,3
2,1.0,0,0.0,TC1,n_agents,100,baseline,3
3,1.5,0,0.0,TC1,n_agents,100,baseline,3
4,2.0,0,0.0,TC1,n_agents,100,baseline,3
5,2.5,0,0.0,TC1,n_agents,100,baseline,3
6,3.0,0,0.0,TC1,n_agents,100,baseline,3
7,3.5,0,0.0,TC1,n_agents,100,baseline,3
8,4.0,0,0.0,TC1,n_agents,100,baseline,3
9,4.5,0,0.0,TC1,n_agents,100,baseline,3
10,5.0,0,0.0,TC1,n_agents,100,baseline,3
11,5.5,0,0.0,TC1,n_agents,100,baseline,3
12,6.0,0,0.0,TC1,n_agents,100,baseline,3
13,6.5,0,0.0,TC1,n_agents,100,baseline,3
14,7.0,0,0.0,TC1,n_agents,100,baseline,3
15,7.5,0,0.0,TC1,n_agents,100,baseline,3
16,8.0,0,0.0,TC1,n_agents,100,baseline,3
17,8.5,0,0.0,TC1,n_agents,100,baseline,3
18,9.0,0,0.0,TC1,n_agents,100,baseline,3
19,9.5,0,0.0,TC1,n_agents,100,baseline,3
20,10.0,0,0.0,TC1,n_agents,100,baseline,3
21,10.5,0,0.0,TC1,n_agents,100,baseline,3
22,11.0,0,0.0,TC1,n_agents,100,baseline,3
23,11.5,0,0.0,TC1,n_agents,100,baseline,3
24,12.0,0,0.0,TC1,n_agents,100,baseline,3
25,12.5,0,0.0,TC1,n_agents,100,baseline,3
26,13.0,0,0.0,TC1,n_agents,100,baseline,3
27,13.5,0,0.0,TC1,n_agents,100,baseline,3
28,14.0,0,0.0,TC1,n_agents,100,baseline,3
29,14.5,0,0.0,TC1,n_agents,100,baseline,3
30,15.0,0,0.0,TC1,n_agents,100,baseline,3
31,15.5,0,0.0,TC1,n_agents,100,baseline,3
32,16.0,0,0.0,TC1,n_agents,100,baseline,3
33,16.5,0,0.0,TC1,n_agents,100,baseline,3
34,17.0,0,0.0,TC1,n_agents,100,baseline,3
35,17.5,0,0.0,TC1,n_agents,100,baseline,3
36,18.0,0,0.0,TC1,n_agents,100,baseline,3
37,18.5,0,0.0,TC1,n_agents,100,baseline,3
38,19.0,0,0.0,TC1,n_agents,100,baseline,3
39,19.5,0,0.0,TC1,n_agents,100,baseline,3
40,20.0,0,0.0,TC1,n_agents,100,baseline,3
41,20.5,0,0.0,TC1,n_agents,100,baseline,3
42,21.0,0,0.0,TC1,n_agents,100,baseline,3
43,21.5,0,0.0,TC1,n_agents,100,baseline,3
44,22.0,0,0.0,TC1,n_agents,100,baseline,3
45,22.5,0,0.0,TC1,n_agents,100,baseline,3
46,23.0,0,0.0,TC1,n_agents,100,baseline,3
47,23.5,0,0.0,TC1,n_agents,100,baseline,3
48,24.0,0,0.0,TC1,n_agents,100,baseline,3
49,24.5,0,0.0,TC1,n_agents,100,baseline,3
50,25.0,0,0.0,TC1,n_agents,100,baseline,3
51,25.5,0,0.0,TC1,n_agents,100,baseline,3
52,26.0,0,0.0,TC1,n_agents,100,baseline,3
53,26.5,0,0.0,TC1,n_agents,100,baseline,3
54,27.0,0,0.0,TC1,n_agents,100,baseline,3
55,27.5,0,0.0,TC1,n_agents,100,baseline,3
56,28.0,0,0.0,TC1,n_agents,100,baseline,3
57,28.5,0,0.0,TC1,n_agents,100,baseline,3
58,29.0,0,0.0,TC1,n_agents,100,baseline,3
59,29.5,0,0.0,TC1,n_agents,100,baseline,3
60,30.0,0,0.0,TC1,n_agents,100,baseline,3
61,30.5,0,0.0,TC1,n_agents,100,baseline,3
62,31.0,0,0.0,TC1,n_agents,100,baseline,3
63,31.5,0,0.0,TC1,n_agents,100,baseline,3
64,32.0,0,0.0,TC1,n_agents,100,baseline,3
65,32.5,0,0.0,TC1,n_agents,100,baseline,3
66,33.0,0,0.0,TC1,n_agents,100,baseline,3
67,33.5,0,0.0,TC1,n_agents,100,baseline,3
68,34.0,0,0.0,TC1,n_agents,100,baseline,3
69,34.5,0,0.0,TC1,n_agents,100,baseline,3
70,35.0,0,0.0,TC1,n_agents,100,baseline,3
71,35.5,0,0.0,TC1,n_agents,100,baseline,3
72,36.0,0,0.0,TC1,n_agents,100,baseline,3
73,36.5,0,0.0,TC1,n_agents,100,baseline,3
74,37.0,0,0.0,TC1,n_agents,100,baseline,3
75,37.5,0,0.0,TC1,n_agents,100,baseline,3
76,38.0,0,0.0,TC1,n_agents,100,baseline,3
77,38.5,0,0.0,TC1,n_agents,100,baseline,3
78,39.0,0,0.0,TC1,n_agents,100,baseline,3
79,39.5,0,0.0,TC1,n_agents,100,baseline,3
80,40.0,0,0.0,TC1,n_agents,100,baseline,3
81,40.5,0,0.0,TC1,n_agents,100,baseline,3
82,41.0,0,0.0,TC1,n_agents,100,baseline,3
83,41.5,0,0.0,TC1,n_agents,100,baseline,3
84,42.0,0,0.0,TC1,n_agents,100,baseline,3
85,42.5,0,0.0,TC1,n_agents,100,baseline,3
86,43.0,0,0.0,TC1,n_agents,100,baseline,3
87,43.5,0,0.0,TC1,n_agents,100,baseline,3
88,44.0,0,0.0,TC1,n_agents,100,baseline,3
89,44.5,0,0.0,TC1,n_agents,100,baseline,3
90,45.0,0,0.0,TC1,n_agents,100,baseline,3
91,45.5,0,0.0,TC1,n_agents,100,baseline,3
92,46.0,0,0.0,TC1,n_agents,100,baseline,3
93,46.5,0,0.0,TC1,n_agents,100,baseline,3
94,47.0,0,0.0,TC1,n_agents,100,baseline,3
95,47.5,0,0.0,TC1,n_agents,100,baseline,3
96,48.0,0,0.0,TC1,n_agents,100,baseline,3
97,48.5,0,0.0,TC1,n_agents,100,baseline,3
98,49.0,0,0.0,TC1,n_agents,100,baseline,3
99,49.5,0,0.0,TC1,n_agents,100,baseline,3
100,50.0,0,0.0,TC1,n_agents,100,baseline,3
101,50.5,0,0.0,TC1,n_agents,100,baseline,3
102,51.0,0,0.0,TC1,n_agents,100,baseline,3
103,51.5,0,0.0,TC1,n_agents,100,baseline,3
104,52.0,0,0.0,TC1,n_agents,100,baseline,3
105,52.5,0,0.0,TC1,n_agents,100,baseline,3
106,53.0,0,0.0,TC1,n_agents,100,baseline,3
107,53.5,0,0.0,TC1,n_agents,100,baseline,3
108,54.0,0,0.0,TC1,n_agents,100,baseline,3
109,54.5,0,0.0,TC1,n_agents,100,baseline,3
110,55.0,0,0.0,TC1,n_agents,100,baseline,3
111,55.5,0,0.0,TC1,n_agents,100,baseline,3
112,56.0,0,0.0,TC1,n_agents,100,baseline,3
113,56.5,0,0.0,TC1,n_agents,100,baseline,3
114,57.0,0,0.0,TC1,n_agents,100,baseline,3
115,57.5,0,0.0,TC1,n_agents,100,baseline,3
116,58.0,0,0.0,TC1,n_agents,100,baseline,3
117,58.5,0,0.0,TC1,n_agents,100,baseline,3
118,59.0,0,0.0,TC1,n_agents,100,baseline,3
119,59.5,0,0.0,TC1,n_agents,100,baseline,3
120,60.0,0,0.0,TC1,n_agents,100,baseline,3
121,60.5,0,0.0,TC1,n_agents,100,baseline,3
122,61.0,0,0.0,TC1,n_agents,100,baseline,3
123,61.5,0,0.0,TC1,n_agents,100,baseline,3
124,62.0,0,0.0,TC1,n_agents,100,baseline,3
125,62.5,0,0.0,TC1,n_agents,100,baseline,3
126,63.0,0,0.0,TC1,n_agents,100,baseline,3
127,63.5,0,0.0,TC1,n_agents,100,baseline,3
128,64.0,0,0.0,TC1,n_agents,100,baseline,3
129,64.5,0,0.0,TC1,n_agents,100,baseline,3
130,65.0,0,0.0,TC1,n_agents,100,baseline,3
131,65.5,0,0.0,TC1,n_agents,100,baseline,3
132,66.0,0,0.0,TC1,n_agents,100,baseline,3
133,66.5,0,0.0,TC1,n_agents,100,baseline,3
134,67.0,0,0.0,TC1,n_agents,100,baseline,3
135,67.5,0,0.0,TC1,n_agents,100,baseline,3
136,68.0,0,0.0,TC1,n_agents,100,baseline,3
137,68.5,0,0.0,TC1,n_agents,100,baseline,3
138,69.0,0,0.0,TC1,n_agents,100,baseline,3
139,69.5,0,0.0,TC1,n_agents,100,baseline,3
140,70.0,0,0.0,TC1,n_agents,100,baseline,3
141,70.5,0,0.0,TC1,n_agents,100,baseline,3
142,71.0,0,0.0,TC1,n_agents,100,baseline,3
143,71.5,0,0.0,TC1,n_agents,100,baseline,3
144,72.0,0,0.0,TC1,n_agents,100,baseline,3
145,72.5,0,0.0,TC1,n_agents,100,baseline,3
146,73.0,0,0.0,TC1,n_agents,100,baseline,3
147,73.5,0,0.0,TC1,n_agents,100,baseline,3
148,74.0,0,0.0,TC1,n_agents,100,baseline,3
149,74.5,0,0.0,TC1,n_agents,100,baseline,3
150,75.0,0,0.0,TC1,n_agents,100,baseline,3
151,75.5,0,0.0,TC1,n_agents,100,baseline,3
152,76.0,0,0.0,TC1,n_agents,100,baseline,3
153,76.5,0,0.0,TC1,n_agents,100,baseline,3
154,77.0,0,0.0,TC1,n_agents,100,baseline,3
155,77.5,0,0.0,TC1,n_agents,100,baseline,3
156,78.0,0,0.0,TC1,n_agents,100,baseline,3
157,78.5,0,0.0,TC1,n_agents,100,baseline,3
158,79.0,0,0.0,TC1,n_agents,100,baseline,3
159,79.5,0,0.0,TC1,n_agents,100,baseline,3
160,80.0,0,0.0,TC1,n_agents,100,baseline,3
161,80.5,0,0.0,TC1,n_agents,100,baseline,3
162,81.0,0,0.0,TC1,n_agents,100,baseline,3
163,81.5,0,0.0,TC1,n_agents,100,baseline,3
164,82.0,0,0.0,TC1,n_agents,100,baseline,3
165,82.5,0,0.0,TC1,n_agents,100,baseline,3
166,83.0,0,0.0,TC1,n_agents,100,baseline,3
167,83.5,0,0.0,TC1,n_agents,100,baseline,3
168,84.0,0,0.0,TC1,n_agents,100,baseline,3
169,84.5,0,0.0,TC1,n_agents,100,baseline,3
170,85.0,0,0.0,TC1,n_agents,100,baseline,3
171,85.5,0,0.0,TC1,n_agents,100,baseline,3
172,86.0,0,0.0,TC1,n_agents,100,baseline,3
173,86.5,0,0.0,TC1,n_agents,100,baseline,3
174,87.0,0,0.0,TC1,n_agents,100,baseline,3
175,87.5,0,0.0,TC1,n_agents,100,baseline,3
176,88.0,0,0.0,TC1,n_agents,100,baseline,3
177,88.5,0,0.0,TC1,n_agents,100,baseline,3
178,89.0,0,0.0,TC1,n_agents,100,baseline,3
179,89.5,0,0.0,TC1,n_agents,100,baseline,3
180,90.0,0,0.0,TC1,n_agents,100,baseline,3
181,90.5,0,0.0,TC1,n_agents,100,baseline,3
182,91.0,0,0.0,TC1,n_agents,100,baseline,3
183,91.5,0,0.0,TC1,n_agents,100,baseline,3
184,92.0,0,0.0,TC1,n_agents,100,baseline,3
185,92.5,0,0.0,TC1,n_agents,100,baseline,3
186,93.0,0,0.0,TC1,n_agents,100,baseline,3
187,93.5,0,0.0,TC1,n_agents,100,baseline,3
188,94.0,0,0.0,TC1,n_agents,100,baseline,3
189,94.5,0,0.0,TC1,n_agents,100,baseline,3
190,95.0,0,0.0,TC1,n_agents,100,baseline,3
191,95.5,0,0.0,TC1,n_agents,100,baseline,3
192,96.0,0,0.0,TC1,n_agents,100,baseline,3
193,96.5,0,0.0,TC1,n_agents,100,baseline,3
194,97.0,0,0.0,TC1,n_agents,100,baseline,3
195,97.5,0,0.0,TC1,n_agents,100,baseline,3
196,98.0,0,0.0,TC1,n_agents,100,baseline,3
197,98.5,0,0.0,TC1,n_agents,100,baseline,3
198,99.0,0,0.0,TC1,n_agents,100,baseline,3
199,99.5,0,0.0,TC1,n_agents,100,baseline,3
200,100.0,0,0.0,TC1,n_agents,100,baseline,3
201,100.5,0,0.0,TC1,n_agents,100,baseline,3
202,101.0,0,0.0,TC1,n_agents,100,baseline,3
203,101.5,0,0.0,TC1,n_agents,100,baseline,3
204,102.0,0,0.0,TC1,n_agents,100,baseline,3
205,102.5,0,0.0,TC1,n_agents,100,baseline,3
206,103.0,0,0.0,TC1,n_agents,100,baseline,3
207,103.5,0,0.0,TC1,n_agents,100,baseline,3
208,104.0,0,0.0,TC1,n_agents,100,baseline,3
209,104.5,0,0.0,TC1,n_agents,100,baseline,3
210,105.0,0,0.0,TC1,n_agents,100,baseline,3
211,105.5,0,0.0,TC1,n_agents,100,baseline,3
212,106.0,0,0.0,TC1,n_agents,100,baseline,3
213,106.5,0,0.0,TC1,n_agents,100,baseline,3
214,107.0,0,0.0,TC1,n_agents,100,baseline,3
215,107.5,0,0.0,TC1,n_agents,100,baseline,3
216,108.0,0,0.0,TC1,n_agents,100,baseline,3
217,108.5,0,0.0,TC1,n_agents,100,baseline,3
218,109.0,0,0.0,TC1,n_agents,100,baseline,3
219,109.5,0,0.0,TC1,n_agents,100,baseline,3
220,110.0,0,0.0,TC1,n_agents,100,baseline,3
221,110.5,0,0.0,TC1,n_agents,100,baseline,3
222,111.0,0,0.0,TC1,n_agents,100,baseline,3
223,111.5,0,0.0,TC1,n_agents,100,baseline,3
224,112.0,0,0.0,TC1,n_agents,100,baseline,3
225,112.5,0,0.0,TC1,n_agents,100,baseline,3
226,113.0,0,0.0,TC1,n_agents,100,baseline,3
227,113.5,0,0.0,TC1,n_agents,100,baseline,3
228,114.0,0,0.0,TC1,n_agents,100,baseline,3
229,114.5,0,0.0,TC1,n_agents,100,baseline,3
230,115.0,0,0.0,TC1,n_agents,100,baseline,3
231,115.5,0,0.0,TC1,n_agents,100,baseline,3
232,116.0,0,0.0,TC1,n_agents,100,baseline,3
233,116.5,0,0.0,TC1,n_agents,100,baseline,3
234,117.0,0,0.0,TC1,n_agents,100,baseline,3
235,117.5,0,0.0,TC1,n_agents,100,baseline,3
236,118.0,0,0.0,TC1,n_agents,100,baseline,3
237,118.5,0,0.0,TC1,n_agents,100,baseline,3
238,119.0,0,0.0,TC1,n_agents,100,baseline,3
239,119.5,0,0.0,TC1,n_agents,100,baseline,3
240,120.0,0,0.0,TC1,n_agents,100,baseline,3
241,120.5,0,0.0,TC1,n_agents,100,baseline,3
242,121.0,0,0.0,TC1,n_agents,100,baseline,3
243,121.5,0,0.0,TC1,n_agents,100,baseline,3
244,122.0,0,0.0,TC1,n_agents,100,baseline,3
245,122.5,0,0.0,TC1,n_agents,100,baseline,3
246,123.0,0,0.0,TC1,n_agents,100,baseline,3
247,123.5,0,0.0,TC1,n_agents,100,baseline,3
248,124.0,0,0.0,TC1,n_agents,100,baseline,3
249,124.5,0,0.0,TC1,n_agents,100,baseline,3
250,125.0,0,0.0,TC1,n_agents,100,baseline,3
251,125.5,0,0.0,TC1,n_agents,100,baseline,3
252,126.0,0,0.0,TC1,n_agents,100,baseline,3
253,126.5,0,0.0,TC1,n_agents,100,baseline,3
254,127.0,0,0.0,TC1,n_agents,100,baseline,3
255,127.5,0,0.0,TC1,n_agents,100,baseline,3
256,128.0,0,0.0,TC1,n_agents,100,baseline,3
257,128.5,0,0.0,TC1,n_agents,100,baseline,3
258,129.0,0,0.0,TC1,n_agents,100,baseline,3
259,129.5,0,0.0,TC1,n_agents,100,baseline,3
260,130.0,0,0.0,TC1,n_agents,100,baseline,3
261,130.5,0,0.0,TC1,n_agents,100,baseline,3
262,131.0,0,0.0,TC1,n_agents,100,baseline,3
263,131.5,0,0.0,TC1,n_agents,100,baseline,3
264,132.0,0,0.0,TC1,n_agents,100,baseline,3
265,132.5,0,0.0,TC1,n_agents,100,baseline,3
266,133.0,0,0.0,TC1,n_agents,100,baseline,3
267,133.5,0,0.0,TC1,n_agents,100,baseline,3
268,134.0,0,0.0,TC1,n_agents,100,baseline,3
269,134.5,0,0.0,TC1,n_agents,100,baseline,3
270,135.0,0,0.0,TC1,n_agents,100,baseline,3
271,135.5,0,0.0,TC1,n_agents,100,baseline,3
272,136.0,0,0.0,TC1,n_agents,100,baseline,3
273,136.5,0,0.0,TC1,n_agents,100,baseline,3
274,137.0,0,0.0,TC1,n_agents,100,baseline,3
275,137.5,0,0.0,TC1,n_agents,100,baseline,3
276,138.0,0,0.0,TC1,n_agents,100,baseline,3
277,138.5,0,0.0,TC1,n_agents,100,baseline,3
278,139.0,0,0.0,TC1,n_agents,100,baseline,3
279,139.5,0,0.0,TC1,n_agents,100,baseline,3
280,140.0,0,0.0,TC1,n_agents,100,baseline,3
281,140.5,0,0.0,TC1,n_agents,100,baseline,3
282,141.0,0,0.0,TC1,n_agents,100,baseline,3
283,141.5,0,0.0,TC1,n_agents,100,baseline,3
284,142.0,0,0.0,TC1,n_agents,100,baseline,3
285,142.5,0,0.0,TC1,n_agents,100,baseline,3
286,143.0,0,0.0,TC1,n_agents,100,baseline,3
287,143.5,0,0.0,TC1,n_agents,100,baseline,3
288,144.0,0,0.0,TC1,n_agents,100,baseline,3
289,144.5,0,0.0,TC1,n_agents,100,baseline,3
290,145.0,0,0.0,TC1,n_agents,100,baseline,3
291,145.5,0,0.0,TC1,n_agents,100,baseline,3
292,146.0,0,0.0,TC1,n_agents,100,baseline,3
293,146.5,0,0.0,TC1,n_agents,100,baseline,3
294,147.0,0,0.0,TC1,n_agents,100,baseline,3
295,147.5,0,0.0,TC1,n_agents,100,baseline,3
296,148.0,0,0.0,TC1,n_agents,100,baseline,3
297,148.5,0,0.0,TC1,n_agents,100,baseline,3
298,149.0,0,0.0,TC1,n_agents,100,baseline,3
299,149.5,0,0.0,TC1,n_agents,100,baseline,3
300,150.0,0,0.0,TC1,n_agents,100,baseline,3
301,150.5,0,0.0,TC1,n_agents,100,baseline,3
302,151.0,0,0.0,TC1,n_agents,100,baseline,3
303,151.5,0,0.0,TC1,n_agents,100,baseline,3
304,152.0,0,0.0,TC1,n_agents,100,baseline,3
305,152.5,0,0.0,TC1,n_agents,100,baseline,3
306,153.0,0,0.0,TC1,n_agents,100,baseline,3
307,153.5,0,0.0,TC1,n_agents,100,baseline,3
308,154.0,0,0.0,TC1,n_agents,100,baseline,3
309,154.5,0,0.0,TC1,n_agents,100,baseline,3
310,155.0,0,0.0,TC1,n_agents,100,baseline,3
311,155.5,0,0.0,TC1,n_agents,100,baseline,3
312,156.0,0,0.0,TC1,n_agents,100,baseline,3
313,156.5,0,0.0,TC1,n_agents,100,baseline,3
314,157.0,0,0.0,TC1,n_agents,100,baseline,3
315,157.5,0,0.0,TC1,n_agents,100,baseline,3
316,158.0,0,0.0,TC1,n_agents,100,baseline,3
317,158.5,0,0.0,TC1,n_agents,100,baseline,3
318,159.0,0,0.0,TC1,n_agents,100,baseline,3
319,159.5,0,0.0,TC1,n_agents,100,baseline,3
320,160.0,0,0.0,TC1,n_agents,100,baseline,3
321,160.5,0,0.0,TC1,n_agents,100,baseline,3
322,161.0,0,0.0,TC1,n_agents,100,baseline,3
323,161.5,0,0.0,TC1,n_agents,100,baseline,3
324,162.0,0,0.0,TC1,n_agents,100,baseline,3
325,162.5,0,0.0,TC1,n_agents,100,baseline,3
326,163.0,0,0.0,TC1,n_agents,100,baseline,3
327,163.5,0,0.0,TC1,n_agents,100,baseline,3
328,164.0,0,0.0,TC1,n_agents,100,baseline,3
329,164.5,0,0.0,TC1,n_agents,100,baseline,3
330,165.0,0,0.0,TC1,n_agents,100,baseline,3
331,165.5,0,0.0,TC1,n_agents,100,baseline,3
332,166.0,0,0.0,TC1,n_agents,100,baseline,3
333,166.5,0,0.0,TC1,n_agents,100,baseline,3
334,167.0,0,0.0,TC1,n_agents,100,baseline,3
335,167.5,0,0.0,TC1,n_agents,100,baseline,3
336,168.0,0,0.0,TC1,n_agents,100,baseline,3
337,168.5,0,0.0,TC1,n_agents,100,baseline,3
338,169.0,0,0.0,TC1,n_agents,100,baseline,3
339,169.5,0,0.0,TC1,n_agents,100,baseline,3
340,170.0,0,0.0,TC1,n_agents,100,baseline,3
341,170.5,0,0.0,TC1,n_agents,100,baseline,3
342,171.0,0,0.0,TC1,n_agents,100,baseline,3
343,171.5,0,0.0,TC1,n_agents,100,baseline,3
344,172.0,0,0.0,TC1,n_agents,100,baseline,3
345,172.5,0,0.0,TC1,n_agents,100,baseline,3
346,173.0,0,0.0,TC1,n_agents,100,baseline,3
347,173.5,0,0.0,TC1,n_agents,100,baseline,3
348,174.0,0,0.0,TC1,n_agents,100,baseline,3
349,174.5,0,0.0,TC1,n_agents,100,baseline,3
350,175.0,0,0.0,TC1,n_agents,100,baseline,3
351,175.5,0,0.0,TC1,n_agents,100,baseline,3
352,176.0,0,0.0,TC1,n_agents,100,baseline,3
353,176.5,0,0.0,TC1,n_agents,100,baseline,3
354,177.0,0,0.0,TC1,n_agents,100,baseline,3
355,177.5,0,0.0,TC1,n_agents,100,baseline,3
356,178.0,0,0.0,TC1,n_agents,100,baseline,3
357,178.5,0,0.0,TC1,n_agents,100,baseline,3
358,179.0,0,0.0,TC1,n_agents,100,baseline,3
359,179.5,0,0.0,TC1,n_agents,100,baseline,3
360,180.0,0,0.0,TC1,n_agents,100,baseline,3
361,180.5,0,0.0,TC1,n_agents,100,baseline,3
362,181.0,0,0.0,TC1,n_agents,100,baseline,3
363,181.5,0,0.0,TC1,n_agents,100,baseline,3
364,182.0,0,0.0,TC1,n_agents,100,baseline,3
365,182.5,0,0.0,TC1,n_agents,100,baseline,3
366,183.0,0,0.0,TC1,n_agents,100,baseline,3
367,183.5,0,0.0,TC1,n_agents,100,baseline,3
368,184.0,0,0.0,TC1,n_agents,100,baseline,3
369,184.5,0,0.0,TC1,n_agents,100,baseline,3
370,185.0,0,0.0,TC1,n_agents,100,baseline,3
371,185.5,0,0.0,TC1,n_agents,100,baseline,3
372,186.0,0,0.0,TC1,n_agents,100,baseline,3
373,186.5,0,0.0,TC1,n_agents,100,baseline,3
374,187.0,0,0.0,TC1,n_agents,100,baseline,3
375,187.5,0,0.0,TC1,n_agents,100,baseline,3
376,188.0,0,0.0,TC1,n_agents,100,baseline,3
377,188.5,0,0.0,TC1,n_agents,100,baseline,3
378,189.0,0,0.0,TC1,n_agents,100,baseline,3
379,189.5,0,0.0,TC1,n_agents,100,baseline,3
380,190.0,0,0.0,TC1,n_agents,100,baseline,3
381,190.5,0,0.0,TC1,n_agents,100,baseline,3
382,191.0,0,0.0,TC1,n_agents,100,baseline,3
383,191.5,0,0.0,TC1,n_agents,100,baseline,3
384,192.0,0,0.0,TC1,n_agents,100,baseline,3
385,192.5,0,0.0,TC1,n_agents,100,baseline,3
386,193.0,0,0.0,TC1,n_agents,100,baseline,3
387,193.5,0,0.0,TC1,n_agents,100,baseline,3
388,194.0,0,0.0,TC1,n_agents,100,baseline,3
389,194.5,0,0.0,TC1,n_agents,100,baseline,3
390,195.0,0,0.0,TC1,n_agents,100,baseline,3
391,195.5,0,0.0,TC1,n_agents,100,baseline,3
392,196.0,0,0.0,TC1,n_agents,100,baseline,3
393,196.5,0,0.0,TC1,n_agents,100,baseline,3
394,197.0,0,0.0,TC1,n_agents,100,baseline,3
395,197.5,0,0.0,TC1,n_agents,100,baseline,3
396,198.0,0,0.0,TC1,n_agents,100,baseline,3
397,198.5,0,0.0,TC1,n_agents,100,baseline,3
398,199.0,0,0.0,TC1,n_agents,100,baseline,3
399,199.5,0,0.0,TC1,n_agents,100,baseline,3
400,200.0,0,0.0,TC1,n_agents,100,baseline,3
401,200.5,0,0.0,TC1,n_agents,100,baseline,3
402,201.0,0,0.0,TC1,n_agents,100,baseline,3
403,201.5,0,0.0,TC1,n_agents,100,baseline,3
404,202.0,0,0.0,TC1,n_agents,100,baseline,3
405,202.5,0,0.0,TC1,n_agents,100,baseline,3
406,203.0,0,0.0,TC1,n_agents,100,baseline,3
407,203.5,0,0.0,TC1,n_agents,100,baseline,3
408,204.0,0,0.0,TC1,n_agents,100,baseline,3
409,204.5,0,0.0,TC1,n_agents,100,baseline,3
410,205.0,0,0.0,TC1,n_agents,100,baseline,3
411,205.5,0,0.0,TC1,n_agents,100,baseline,3
412,206.0,0,0.0,TC1,n_agents,100,baseline,3
413,206.5,0,0.0,TC1,n_agents,100,baseline,3
414,207.0,0,0.0,TC1,n_agents,100,baseline,3
415,207.5,0,0.0,TC1,n_agents,100,baseline,3
416,208.0,0,0.0,TC1,n_agents,100,baseline,3
417,208.5,0,0.0,TC1,n_agents,100,baseline,3
418,209.0,0,0.0,TC1,n_agents,100,baseline,3
419,209.5,0,0.0,TC1,n_agents,100,baseline,3
420,210.0,0,0.0,TC1,n_agents,100,baseline,3
421,210.5,0,0.0,TC1,n_agents,100,baseline,3
422,211.0,0,0.0,TC1,n_agents,100,baseline,3
423,211.5,0,0.0,TC1,n_agents,100,baseline,3
424,212.0,0,0.0,TC1,n_agents,100,baseline,3
425,212.5,0,0.0,TC1,n_agents,100,baseline,3
426,213.0,0,0.0,TC1,n_agents,100,baseline,3
427,213.5,0,0.0,TC1,n_agents,100,baseline,3
428,214.0,0,0.0,TC1,n_agents,100,baseline,3
429,214.5,0,0.0,TC1,n_agents,100,baseline,3
430,215.0,0,0.0,TC1,n_agents,100,baseline,3
431,215.5,0,0.0,TC1,n_agents,100,baseline,3
432,216.0,0,0.0,TC1,n_agents,100,baseline,3
433,216.5,0,0.0,TC1,n_agents,100,baseline,3
434,217.0,0,0.0,TC1,n_agents,100,baseline,3
435,217.5,0,0.0,TC1,n_agents,100,baseline,3
436,218.0,0,0.0,TC1,n_agents,100,baseline,3
437,218.5,0,0.0,TC1,n_agents,100,baseline,3
438,219.0,0,0.0,TC1,n_agents,100,baseline,3
439,219.5,0,0.0,TC1,n_agents,100,baseline,3
440,220.0,0,0.0,TC1,n_agents,100,baseline,3
441,220.5,0,0.0,TC1,n_agents,100,baseline,3
442,221.0,0,0.0,TC1,n_agents,100,baseline,3
443,221.5,0,0.0,TC1,n_agents,100,baseline,3
444,222.0,0,0.0,TC1,n_agents,100,baseline,3
445,222.5,0,0.0,TC1,n_agents,100,baseline,3
446,223.0,0,0.0,TC1,n_agents,100,baseline,3
447,223.5,0,0.0,TC1,n_agents,100,baseline,3
448,224.0,0,0.0,TC1,n_agents,100,baseline,3
449,224.5,0,0.0,TC1,n_agents,100,baseline,3
450,225.0,0,0.0,TC1,n_agents,100,baseline,3
451,225.5,0,0.0,TC1,n_agents,100,baseline,3
452,226.0,0,0.0,TC1,n_agents,100,baseline,3
453,226.5,0,0.0,TC1,n_agents,100,baseline,3
454,227.0,0,0.0,TC1,n_agents,100,baseline,3
455,227.5,0,0.0,TC1,n_agents,100,baseline,3
456,228.0,0,0.0,TC1,n_agents,100,baseline,3
457,228.5,0,0.0,TC1,n_agents,100,baseline,3
458,229.0,0,0.0,TC1,n_agents,100,baseline,3
459,229.5,0,0.0,TC1,n_agents,100,baseline,3
460,230.0,0,0.0,TC1,n_agents,100,baseline,3
461,230.5,0,0.0,TC1,n_agents,100,baseline,3
462,231.0,0,0.0,TC1,n_agents,100,baseline,3
463,231.5,0,0.0,TC1,n_agents,100,baseline,3
464,232.0,0,0.0,TC1,n_agents,100,baseline,3
465,232.5,0,0.0,TC1,n_agents,100,baseline,3
466,233.0,0,0.0,TC1,n_agents,100,baseline,3
467,233.5,0,0.0,TC1,n_agents,100,baseline,3
468,234.0,0,0.0,TC1,n_agents,100,baseline,3
469,234.5,0,0.0,TC1,n_agents,100,baseline,3
470,235.0,0,0.0,TC1,n_agents,100,baseline,3
471,235.5,0,0.0,TC1,n_agents,100,baseline,3
472,236.0,0,0.0,TC1,n_agents,100,baseline,3
473,236.5,0,0.0,TC1,n_agents,100,baseline,3
474,237.0,0,0.0,TC1,n_agents,100,baseline,3
475,237.5,0,0.0,TC1,n_agents,100,baseline,3
476,238.0,0,0.0,TC1,n_agents,100,baseline,3
477,238.5,0,0.0,TC1,n_agents,100,baseline,3
478,239.0,0,0.0,TC1,n_agents,100,baseline,3
479,239.5,0,0.0,TC1,n_agents,100,baseline,3
480,240.0,0,0.0,TC1,n_agents,100,baseline,3
481,240.5,0,0.0,TC1,n_agents,100,baseline,3
482,241.0,0,0.0,TC1,n_agents,100,baseline,3
483,241.5,0,0.0,TC1,n_agents,100,baseline,3
484,242.0,0,0.0,TC1,n_agents,100,baseline,3
485,242.5,0,0.0,TC1,n_agents,100,baseline,3
486,243.0,0,0.0,TC1,n_agents,100,baseline,3
487,243.5,0,0.0,TC1,n_agents,100,baseline,3
488,244.0,0,0.0,TC1,n_agents,100,baseline,3
489,244.5,0,0.0,TC1,n_agents,100,baseline,3
490,245.0,0,0.0,TC1,n_agents,100,baseline,3
491,245.5,0,0.0,TC1,n_agents,100,baseline,3
492,246.0,0,0.0,TC1,n_agents,100,baseline,3
493,246.5,0,0.0,TC1,n_agents,100,baseline,3
494,247.0,0,0.0,TC1,n_agents,100,baseline,3
495,247.5,0,0.0,TC1,n_agents,100,baseline,3
496,248.0,0,0.0,TC1,n_agents,100,baseline,3
497,248.5,0,0.0,TC1,n_agents,100,baseline,3
498,249.0,0,0.0,TC1,n_agents,100,baseline,3
499,249.5,0,0.0,TC1,n_agents,100,baseline,3
500,250.0,0,0.0,TC1,n_agents,100,baseline,3
501,250.5,0,0.0,TC1,n_agents,100,baseline,3
502,251.0,0,0.0,TC1,n_agents,100,baseline,3
503,251.5,0,0.0,TC1,n_agents,100,baseline,3
504,252.0,0,0.0,TC1,n_agents,100,baseline,3
505,252.5,0,0.0,TC1,n_agents,100,baseline,3
506,253.0,0,0.0,TC1,n_agents,100,baseline,3
507,253.5,0,0.0,TC1,n_agents,100,baseline,3
508,254.0,0,0.0,TC1,n_agents,100,baseline,3
509,254.5,0,0.0,TC1,n_agents,100,baseline,3
510,255.0,0,0.0,TC1,n_agents,100,baseline,3
511,255.5,0,0.0,TC1,n_agents,100,baseline,3
512,256.0,0,0.0,TC1,n_agents,100,baseline,3
513,256.5,0,0.0,TC1,n_agents,100,baseline,3
514,257.0,0,0.0,TC1,n_agents,100,baseline,3
515,257.5,0,0.0,TC1,n_agents,100,baseline,3
516,258.0,0,0.0,TC1,n_agents,100,baseline,3
517,258.5,0,0.0,TC1,n_agents,100,baseline,3
518,259.0,0,0.0,TC1,n_agents,100,baseline,3
519,259.5,0,0.0,TC1,n_agents,100,baseline,3
520,260.0,0,0.0,TC1,n_agents,100,baseline,3
521,260.5,0,0.0,TC1,n_agents,100,baseline,3
522,261.0,0,0.0,TC1,n_agents,100,baseline,3
523,261.5,0,0.0,TC1,n_agents,100,baseline,3
524,262.0,0,0.0,TC1,n_agents,100,baseline,3
525,262.5,0,0.0,TC1,n_agents,100,baseline,3
526,263.0,0,0.0,TC1,n_agents,100,baseline,3
527,263.5,0,0.0,TC1,n_agents,100,baseline,3
528,264.0,0,0.0,TC1,n_agents,100,baseline,3
529,264.5,0,0.0,TC1,n_agents,100,baseline,3
530,265.0,0,0.0,TC1,n_agents,100,baseline,3
531,265.5,0,0.0,TC1,n_agents,100,baseline,3
532,266.0,0,0.0,TC1,n_agents,100,baseline,3
533,266.5,0,0.0,TC1,n_agents,100,baseline,3
534,267.0,0,0.0,TC1,n_agents,100,baseline,3
535,267.5,0,0.0,TC1,n_agents,100,baseline,3
536,268.0,0,0.0,TC1,n_agents,100,baseline,3
537,268.5,0,0.0,TC1,n_agents,100,baseline,3
538,269.0,0,0.0,TC1,n_agents,100,baseline,3
539,269.5,0,0.0,TC1,n_agents,100,baseline,3
540,270.0,0,0.0,TC1,n_agents,100,baseline,3
541,270.5,0,0.0,TC1,n_agents,100,baseline,3
542,271.0,0,0.0,TC1,n_agents,100,baseline,3
543,271.5,0,0.0,TC1,n_agents,100,baseline,3
544,272.0,0,0.0,TC1,n_agents,100,baseline,3
545,272.5,0,0.0,TC1,n_agents,100,baseline,3
546,273.0,0,0.0,TC1,n_agents,100,baseline,3
547,273.5,0,0.0,TC1,n_agents,100,baseline,3
548,274.0,0,0.0,TC1,n_agents,100,baseline,3
549,274.5,0,0.0,TC1,n_agents,100,baseline,3
550,275.0,0,0.0,TC1,n_agents,100,baseline,3
551,275.5,0,0.0,TC1,n_agents,100,baseline,3
552,276.0,0,0.0,TC1,n_agents,100,baseline,3
553,276.5,0,0.0,TC1,n_agents,100,baseline,3
554,277.0,0,0.0,TC1,n_agents,100,baseline,3
555,277.5,0,0.0,TC1,n_agents,100,baseline,3
556,278.0,0,0.0,TC1,n_agents,100,baseline,3
557,278.5,0,0.0,TC1,n_agents,100,baseline,3
558,279.0,0,0.0,TC1,n_agents,100,baseline,3
559,279.5,0,0.0,TC1,n_agents,100,baseline,3
560,280.0,0,0.0,TC1,n_agents,100,baseline,3
561,280.5,0,0.0,TC1,n_agents,100,baseline,3
562,281.0,0,0.0,TC1,n_agents,100,baseline,3
563,281.5,0,0.0,TC1,n_agents,100,baseline,3
564,282.0,0,0.0,TC1,n_agents,100,baseline,3
565,282.5,0,0.0,TC1,n_agents,100,baseline,3
566,283.0,0,0.0,TC1,n_agents,100,baseline,3
567,283.5,0,0.0,TC1,n_agents,100,baseline,3
568,284.0,0,0.0,TC1,n_agents,100,baseline,3
569,284.5,0,0.0,TC1,n_agents,100,baseline,3
570,285.0,0,0.0,TC1,n_agents,100,baseline,3
571,285.5,0,0.0,TC1,n_agents,100,baseline,3
572,286.0,0,0.0,TC1,n_agents,100,baseline,3
573,286.5,0,0.0,TC1,n_agents,100,baseline,3
574,287.0,0,0.0,TC1,n_agents,100,baseline,3
575,287.5,0,0.0,TC1,n_agents,100,baseline,3
576,288.0,0,0.0,TC1,n_agents,100,baseline,3
577,288.5,0,0.0,TC1,n_agents,100,baseline,3
578,289.0,0,0.0,TC1,n_agents,100,baseline,3
579,289.5,0,0.0,TC1,n_agents,100,baseline,3
580,290.0,0,0.0,TC1,n_agents,100,baseline,3
581,290.5,0,0.0,TC1,n_agents,100,baseline,3
582,291.0,0,0.0,TC1,n_agents,100,baseline,3
583,291.5,0,0.0,TC1,n_agents,100,baseline,3
584,292.0,0,0.0,TC1,n_agents,100,baseline,3
585,292.5,0,0.0,TC1,n_agents,100,baseline,3
586,293.0,0,0.0,TC1,n_agents,100,baseline,3
587,293.5,0,0.0,TC1,n_agents,100,baseline,3
588,294.0,0,0.0,TC1,n_agents,100,baseline,3
589,294.5,0,0.0,TC1,n_agents,100,baseline,3
590,295.0,0,0.0,TC1,n_agents,100,baseline,3
591,295.5,0,0.0,TC1,n_agents,100,baseline,3
592,296.0,0,0.0,TC1,n_agents,100,baseline,3
593,296.5,0,0.0,TC1,n_agents,100,baseline,3
594,297.0,0,0.0,TC1,n_agents,100,baseline,3
595,297.5,0,0.0,TC1,n_agents,100,baseline,3
596,298.0,0,0.0,TC1,n_agents,100,baseline,3
597,298.5,0,0.0,TC1,n_agents,100,baseline,3
598,299.0,0,0.0,TC1,n_agents,100,baseline,3
599,299.5,0,0.0,TC1,n_agents,100,baseline,3
600,300.0,0,0.0,TC1,n_agents,100,baseline,3
601,300.5,0,0.0,TC1,n_agents,100,baseline,3
602,301.0,0,0.0,TC1,n_agents,100,baseline,3
603,301.5,0,0.0,TC1,n_agents,100,baseline,3
604,302.0,0,0.0,TC1,n_agents,100,baseline,3
605,302.5,0,0.0,TC1,n_agents,100,baseline,3
606,303.0,0,0.0,TC1,n_agents,100,baseline,3
607,303.5,0,0.0,TC1,n_agents,100,baseline,3
608,304.0,0,0.0,TC1,n_agents,100,baseline,3
609,304.5,0,0.0,TC1,n_agents,100,baseline,3
610,305.0,0,0.0,TC1,n_agents,100,baseline,3
611,305.5,0,0.0,TC1,n_agents,100,baseline,3
612,306.0,0,0.0,TC1,n_agents,100,baseline,3
613,306.5,0,0.0,TC1,n_agents,100,baseline,3
614,307.0,0,0.0,TC1,n_agents,100,baseline,3
615,307.5,0,0.0,TC1,n_agents,100,baseline,3
616,308.0,0,0.0,TC1,n_agents,100,baseline,3
617,308.5,0,0.0,TC1,n_agents,100,baseline,3
618,309.0,0,0.0,TC1,n_agents,100,baseline,3
619,309.5,0,0.0,TC1,n_agents,100,baseline,3
620,310.0,0,0.0,TC1,n_agents,100,baseline,3
621,310.5,0,0.0,TC1,n_agents,100,baseline,3
622,311.0,0,0.0,TC1,n_agents,100,baseline,3
623,311.5,0,0.0,TC1,n_agents,100,baseline,3
624,312.0,0,0.0,TC1,n_agents,100,baseline,3
625,312.5,0,0.0,TC1,n_agents,100,baseline,3
626,313.0,0,0.0,TC1,n_agents,100,baseline,3
627,313.5,0,0.0,TC1,n_agents,100,baseline,3
628,314.0,0,0.0,TC1,n_agents,100,baseline,3
629,314.5,0,0.0,TC1,n_agents,100,baseline,3
630,315.0,0,0.0,TC1,n_agents,100,baseline,3
631,315.5,0,0.0,TC1,n_agents,100,baseline,3
632,316.0,0,0.0,TC1,n_agents,100,baseline,3
633,316.5,0,0.0,TC1,n_agents,100,baseline,3
634,317.0,0,0.0,TC1,n_agents,100,baseline,3
635,317.5,0,0.0,TC1,n_agents,100,baseline,3
636,318.0,0,0.0,TC1,n_agents,100,baseline,3
637,318.5,0,0.0,TC1,n_agents,100,baseline,3
638,319.0,0,0.0,TC1,n_agents,100,baseline,3
639,319.5,0,0.0,TC1,n_agents,100,baseline,3
640,320.0,0,0.0,TC1,n_agents,100,baseline,3
641,320.5,0,0.0,TC1,n_agents,100,baseline,3
642,321.0,0,0.0,TC1,n_agents,100,baseline,3
643,321.5,0,0.0,TC1,n_agents,100,baseline,3
644,322.0,0,0.0,TC1,n_agents,100,baseline,3
645,322.5,0,0.0,TC1,n_agents,100,baseline,3
646,323.0,0,0.0,TC1,n_agents,100,baseline,3
647,323.5,0,0.0,TC1,n_agents,100,baseline,3
648,324.0,0,0.0,TC1,n_agents,100,baseline,3
649,324.5,0,0.0,TC1,n_agents,100,baseline,3
650,325.0,0,0.0,TC1,n_agents,100,baseline,3
651,325.5,0,0.0,TC1,n_agents,100,baseline,3
652,326.0,0,0.0,TC1,n_agents,100,baseline,3
653,326.5,0,0.0,TC1,n_agents,100,baseline,3
654,327.0,0,0.0,TC1,n_agents,100,baseline,3
655,327.5,0,0.0,TC1,n_agents,100,baseline,3
656,328.0,0,0.0,TC1,n_agents,100,baseline,3
657,328.5,0,0.0,TC1,n_agents,100,baseline,3
658,329.0,0,0.0,TC1,n_agents,100,baseline,3
659,329.5,0,0.0,TC1,n_agents,100,baseline,3
660,330.0,0,0.0,TC1,n_agents,100,baseline,3
661,330.5,0,0.0,TC1,n_agents,100,baseline,3
662,331.0,0,0.0,TC1,n_agents,100,baseline,3
663,331.5,0,0.0,TC1,n_agents,100,baseline,3
664,332.0,0,0.0,TC1,n_agents,100,baseline,3
665,332.5,0,0.0,TC1,n_agents,100,baseline,3
666,333.0,0,0.0,TC1,n_agents,100,baseline,3
667,333.5,0,0.0,TC1,n_agents,100,baseline,3
668,334.0,0,0.0,TC1,n_agents,100,baseline,3
669,334.5,0,0.0,TC1,n_agents,100,baseline,3
670,335.0,0,0.0,TC1,n_agents,100,baseline,3
671,335.5,0,0.0,TC1,n_agents,100,baseline,3
672,336.0,0,0.0,TC1,n_agents,100,baseline,3
673,336.5,0,0.0,TC1,n_agents,100,baseline,3
674,337.0,0,0.0,TC1,n_agents,100,baseline,3
675,337.5,0,0.0,TC1,n_agents,100,baseline,3
676,338.0,0,0.0,TC1,n_agents,100,baseline,3
677,338.5,0,0.0,TC1,n_agents,100,baseline,3
678,339.0,0,0.0,TC1,n_agents,100,baseline,3
679,339.5,0,0.0,TC1,n_agents,100,baseline,3
680,340.0,0,0.0,TC1,n_agents,100,baseline,3
681,340.5,0,0.0,TC1,n_agents,100,baseline,3
682,341.0,0,0.0,TC1,n_agents,100,baseline,3
683,341.5,0,0.0,TC1,n_agents,100,baseline,3
684,342.0,0,0.0,TC1,n_agents,100,baseline,3
685,342.5,0,0.0,TC1,n_agents,100,baseline,3
686,343.0,0,0.0,TC1,n_agents,100,baseline,3
687,343.5,0,0.0,TC1,n_agents,100,baseline,3
688,344.0,0,0.0,TC1,n_agents,100,baseline,3
689,344.5,0,0.0,TC1,n_agents,100,baseline,3
690,345.0,0,0.0,TC1,n_agents,100,baseline,3
691,345.5,0,0.0,TC1,n_agents,100,baseline,3
692,346.0,0,0.0,TC1,n_agents,100,baseline,3
693,346.5,0,0.0,TC1,n_agents,100,baseline,3
694,347.0,0,0.0,TC1,n_agents,100,baseline,3
695,347.5,0,0.0,TC1,n_agents,100,baseline,3
696,348.0,0,0.0,TC1,n_agents,100,baseline,3
697,348.5,0,0.0,TC1,n_agents,100,baseline,3
698,349.0,0,0.0,TC1,n_agents,100,baseline,3
699,349.5,0,0.0,TC1,n_agents,100,baseline,3
700,350.0,0,0.0,TC1,n_agents,100,baseline,3
701,350.5,0,0.0,TC1,n_agents,100,baseline,3
702,351.0,0,0.0,TC1,n_agents,100,baseline,3
703,351.5,0,0.0,TC1,n_agents,100,baseline,3
704,352.0,0,0.0,TC1,n_agents,100,baseline,3
705,352.5,0,0.0,TC1,n_agents,100,baseline,3
706,353.0,0,0.0,TC1,n_agents,100,baseline,3
707,353.5,0,0.0,TC1,n_agents,100,baseline,3
708,354.0,0,0.0,TC1,n_agents,100,baseline,3
709,354.5,0,0.0,TC1,n_agents,100,baseline,3
710,355.0,0,0.0,TC1,n_agents,100,baseline,3
711,355.5,0,0.0,TC1,n_agents,100,baseline,3
712,356.0,0,0.0,TC1,n_agents,100,baseline,3
713,356.5,0,0.0,TC1,n_agents,100,baseline,3
714,357.0,0,0.0,TC1,n_agents,100,baseline,3
715,357.5,0,0.0,TC1,n_agents,100,baseline,3
716,358.0,0,0.0,TC1,n_agents,100,baseline,3
717,358.5,0,0.0,TC1,n_agents,100,baseline,3
718,359.0,0,0.0,TC1,n_agents,100,baseline,3
719,359.5,0,0.0,TC1,n_agents,100,baseline,3
720,360.0,0,0.0,TC1,n_agents,100,baseline,3
721,360.5,0,0.0,TC1,n_agents,100,baseline,3
722,361.0,0,0.0,TC1,n_agents,100,baseline,3
723,361.5,0,0.0,TC1,n_agents,100,baseline,3
724,362.0,0,0.0,TC1,n_agents,100,baseline,3
725,362.5,0,0.0,TC1,n_agents,100,baseline,3
726,363.0,0,0.0,TC1,n_agents,100,baseline,3
727,363.5,0,0.0,TC1,n_agents,100,baseline,3
728,364.0,0,0.0,TC1,n_agents,100,baseline,3
729,364.5,0,0.0,TC1,n_agents,100,baseline,3
730,365.0,0,0.0,TC1,n_agents,100,baseline,3
731,365.5,0,0.0,TC1,n_agents,100,baseline,3
732,366.0,0,0.0,TC1,n_agents,100,baseline,3
733,366.5,0,0.0,TC1,n_agents,100,baseline,3
734,367.0,0,0.0,TC1,n_agents,100,baseline,3
735,367.5,0,0.0,TC1,n_agents,100,baseline,3
736,368.0,0,0.0,TC1,n_agents,100,baseline,3
737,368.5,0,0.0,TC1,n_agents,100,baseline,3
738,369.0,0,0.0,TC1,n_agents,100,baseline,3
739,369.5,0,0.0,TC1,n_agents,100,baseline,3
740,370.0,0,0.0,TC1,n_agents,100,baseline,3
741,370.5,0,0.0,TC1,n_agents,100,baseline,3
742,371.0,0,0.0,TC1,n_agents,100,baseline,3
743,371.5,0,0.0,TC1,n_agents,100,baseline,3
744,372.0,0,0.0,TC1,n_agents,100,baseline,3
745,372.5,0,0.0,TC1,n_agents,100,baseline,3
746,373.0,0,0.0,TC1,n_agents,100,baseline,3
747,373.5,0,0.0,TC1,n_agents,100,baseline,3
748,374.0,0,0.0,TC1,n_agents,100,baseline,3
749,374.5,0,0.0,TC1,n_agents,100,baseline,3
750,375.0,0,0.0,TC1,n_agents,100,baseline,3
751,375.5,0,0.0,TC1,n_agents,100,baseline,3
752,376.0,0,0.0,TC1,n_agents,100,baseline,3
753,376.5,0,0.0,TC1,n_agents,100,baseline,3
754,377.0,0,0.0,TC1,n_agents,100,baseline,3
755,377.5,0,0.0,TC1,n_agents,100,baseline,3
756,378.0,0,0.0,TC1,n_agents,100,baseline,3
757,378.5,0,0.0,TC1,n_agents,100,baseline,3
758,379.0,0,0.0,TC1,n_agents,100,baseline,3
759,379.5,0,0.0,TC1,n_agents,100,baseline,3
760,380.0,0,0.0,TC1,n_agents,100,baseline,3
761,380.5,0,0.0,TC1,n_agents,100,baseline,3
762,381.0,0,0.0,TC1,n_agents,100,baseline,3
763,381.5,0,0.0,TC1,n_agents,100,baseline,3
764,382.0,0,0.0,TC1,n_agents,100,baseline,3
765,382.5,0,0.0,TC1,n_agents,100,baseline,3
766,383.0,0,0.0,TC1,n_agents,100,baseline,3
767,383.5,0,0.0,TC1,n_agents,100,baseline,3
768,384.0,0,0.0,TC1,n_agents,100,baseline,3
769,384.5,0,0.0,TC1,n_agents,100,baseline,3
770,385.0,0,0.0,TC1,n_agents,100,baseline,3
771,385.5,0,0.0,TC1,n_agents,100,baseline,3
772,386.0,0,0.0,TC1,n_agents,100,baseline,3
773,386.5,0,0.0,TC1,n_agents,100,baseline,3
774,387.0,0,0.0,TC1,n_agents,100,baseline,3
775,387.5,0,0.0,TC1,n_agents,100,baseline,3
776,388.0,0,0.0,TC1,n_agents,100,baseline,3
777,388.5,0,0.0,TC1,n_agents,100,baseline,3
778,389.0,0,0.0,TC1,n_agents,100,baseline,3
779,389.5,0,0.0,TC1,n_agents,100,baseline,3
780,390.0,0,0.0,TC1,n_agents,100,baseline,3
781,390.5,0,0.0,TC1,n_agents,100,baseline,3
782,391.0,0,0.0,TC1,n_agents,100,baseline,3
783,391.5,0,0.0,TC1,n_agents,100,baseline,3
784,392.0,0,0.0,TC1,n_agents,100,baseline,3
785,392.5,0,0.0,TC1,n_agents,100,baseline,3
786,393.0,0,0.0,TC1,n_agents,100,baseline,3
787,393.5,0,0.0,TC1,n_agents,100,baseline,3
788,394.0,0,0.0,TC1,n_agents,100,baseline,3
789,394.5,0,0.0,TC1,n_agents,100,baseline,3
790,395.0,0,0.0,TC1,n_agents,100,baseline,3
791,395.5,0,0.0,TC1,n_agents,100,baseline,3
792,396.0,0,0.0,TC1,n_agents,100,baseline,3
793,396.5,0,0.0,TC1,n_agents,100,baseline,3
794,397.0,0,0.0,TC1,n_agents,100,baseline,3
795,397.5,0,0.0,TC1,n_agents,100,baseline,3
796,398.0,0,0.0,TC1,n_agents,100,baseline,3
797,398.5,0,0.0,TC1,n_agents,100,baseline,3
798,399.0,0,0.0,TC1,n_agents,100,baseline,3
799,399.5,0,0.0,TC1,n_agents,100,baseline,3
800,400.0,0,0.0,TC1,n_agents,100,baseline,3
0,0.0,0,0.0,TC1,n_agents,500,baseline,1
1,0.5,0,0.0,TC1,n_agents,500,baseline,1
2,1.0,0,0.0,TC1,n_agents,500,baseline,1
3,1.5,0,0.0,TC1,n_agents,500,baseline,1
4,2.0,0,0.0,TC1,n_agents,500,baseline,1
5,2.5,0,0.0,TC1,n_agents,500,baseline,1
6,3.0,0,0.0,TC1,n_agents,500,baseline,1
7,3.5,0,0.0,TC1,n_agents,500,baseline,1
8,4.0,0,0.0,TC1,n_agents,500,baseline,1
9,4.5,0,0.0,TC1,n_agents,500,baseline,1
10,5.0,0,0.0,TC1,n_agents,500,baseline,1
11,5.5,0,0.0,TC1,n_agents,500,baseline,1
12,6.0,0,0.0,TC1,n_agents,500,baseline,1
13,6.5,0,0.0,TC1,n_agents,500,baseline,1
14,7.0,0,0.0,TC1,n_agents,500,baseline,1
15,7.5,0,0.0,TC1,n_agents,500,baseline,1
16,8.0,0,0.0,TC1,n_agents,500,baseline,1
17,8.5,0,0.0,TC1,n_agents,500,baseline,1
18,9.0,0,0.0,TC1,n_agents,500,baseline,1
19,9.5,0,0.0,TC1,n_agents,500,baseline,1
20,10.0,0,0.0,TC1,n_agents,500,baseline,1
21,10.5,0,0.0,TC1,n_agents,500,baseline,1
22,11.0,0,0.0,TC1,n_agents,500,baseline,1
23,11.5,0,0.0,TC1,n_agents,500,baseline,1
24,12.0,0,0.0,TC1,n_agents,500,baseline,1
25,12.5,0,0.0,TC1,n_agents,500,baseline,1
26,13.0,0,0.0,TC1,n_agents,500,baseline,1
27,13.5,0,0.0,TC1,n_agents,500,baseline,1
28,14.0,0,0.0,TC1,n_agents,500,baseline,1
29,14.5,0,0.0,TC1,n_agents,500,baseline,1
30,15.0,0,0.0,TC1,n_agents,500,baseline,1
31,15.5,0,0.0,TC1,n_agents,500,baseline,1
32,16.0,0,0.0,TC1,n_agents,500,baseline,1
33,16.5,0,0.0,TC1,n_agents,500,baseline,1
34,17.0,0,0.0,TC1,n_agents,500,baseline,1
35,17.5,0,0.0,TC1,n_agents,500,baseline,1
36,18.0,0,0.0,TC1,n_agents,500,baseline,1
37,18.5,0,0.0,TC1,n_agents,500,baseline,1
38,19.0,0,0.0,TC1,n_agents,500,baseline,1
39,19.5,0,0.0,TC1,n_agents,500,baseline,1
40,20.0,0,0.0,TC1,n_agents,500,baseline,1
41,20.5,0,0.0,TC1,n_agents,500,baseline,1
42,21.0,0,0.0,TC1,n_agents,500,baseline,1
43,21.5,0,0.0,TC1,n_agents,500,baseline,1
44,22.0,0,0.0,TC1,n_agents,500,baseline,1
45,22.5,0,0.0,TC1,n_agents,500,baseline,1
46,23.0,0,0.0,TC1,n_agents,500,baseline,1
47,23.5,0,0.0,TC1,n_agents,500,baseline,1
48,24.0,0,0.0,TC1,n_agents,500,baseline,1
49,24.5,0,0.0,TC1,n_agents,500,baseline,1
50,25.0,0,0.0,TC1,n_agents,500,baseline,1
51,25.5,0,0.0,TC1,n_agents,500,baseline,1
52,26.0,0,0.0,TC1,n_agents,500,baseline,1
53,26.5,0,0.0,TC1,n_agents,500,baseline,1
54,27.0,0,0.0,TC1,n_agents,500,baseline,1
55,27.5,0,0.0,TC1,n_agents,500,baseline,1
56,28.0,0,0.0,TC1,n_agents,500,baseline,1
57,28.5,0,0.0,TC1,n_agents,500,baseline,1
58,29.0,0,0.0,TC1,n_agents,500,baseline,1
59,29.5,0,0.0,TC1,n_agents,500,baseline,1
60,30.0,0,0.0,TC1,n_agents,500,baseline,1
61,30.5,0,0.0,TC1,n_agents,500,baseline,1
62,31.0,0,0.0,TC1,n_agents,500,baseline,1
63,31.5,0,0.0,TC1,n_agents,500,baseline,1
64,32.0,0,0.0,TC1,n_agents,500,baseline,1
65,32.5,0,0.0,TC1,n_agents,500,baseline,1
66,33.0,0,0.0,TC1,n_agents,500,baseline,1
67,33.5,0,0.0,TC1,n_agents,500,baseline,1
68,34.0,0,0.0,TC1,n_agents,500,baseline,1
69,34.5,0,0.0,TC1,n_agents,500,baseline,1
70,35.0,0,0.0,TC1,n_agents,500,baseline,1
71,35.5,0,0.0,TC1,n_agents,500,baseline,1
72,36.0,0,0.0,TC1,n_agents,500,baseline,1
73,36.5,0,0.0,TC1,n_agents,500,baseline,1
74,37.0,0,0.0,TC1,n_agents,500,baseline,1
75,37.5,0,0.0,TC1,n_agents,500,baseline,1
76,38.0,0,0.0,TC1,n_agents,500,baseline,1
77,38.5,0,0.0,TC1,n_agents,500,baseline,1
78,39.0,0,0.0,TC1,n_agents,500,baseline,1
79,39.5,0,0.0,TC1,n_agents,500,baseline,1
80,40.0,0,0.0,TC1,n_agents,500,baseline,1
81,40.5,0,0.0,TC1,n_agents,500,baseline,1
82,41.0,0,0.0,TC1,n_agents,500,baseline,1
83,41.5,0,0.0,TC1,n_agents,500,baseline,1
84,42.0,0,0.0,TC1,n_agents,500,baseline,1
85,42.5,0,0.0,TC1,n_agents,500,baseline,1
86,43.0,0,0.0,TC1,n_agents,500,baseline,1
87,43.5,0,0.0,TC1,n_agents,500,baseline,1
88,44.0,0,0.0,TC1,n_agents,500,baseline,1
89,44.5,0,0.0,TC1,n_agents,500,baseline,1
90,45.0,0,0.0,TC1,n_agents,500,baseline,1
91,45.5,0,0.0,TC1,n_agents,500,baseline,1
92,46.0,0,0.0,TC1,n_agents,500,baseline,1
93,46.5,0,0.0,TC1,n_agents,500,baseline,1
94,47.0,0,0.0,TC1,n_agents,500,baseline,1
95,47.5,0,0.0,TC1,n_agents,500,baseline,1
96,48.0,0,0.0,TC1,n_agents,500,baseline,1
97,48.5,0,0.0,TC1,n_agents,500,baseline,1
98,49.0,0,0.0,TC1,n_agents,500,baseline,1
99,49.5,0,0.0,TC1,n_agents,500,baseline,1
100,50.0,0,0.0,TC1,n_agents,500,baseline,1
101,50.5,0,0.0,TC1,n_agents,500,baseline,1
102,51.0,0,0.0,TC1,n_agents,500,baseline,1
103,51.5,0,0.0,TC1,n_agents,500,baseline,1
104,52.0,0,0.0,TC1,n_agents,500,baseline,1
105,52.5,0,0.0,TC1,n_agents,500,baseline,1
106,53.0,0,0.0,TC1,n_agents,500,baseline,1
107,53.5,0,0.0,TC1,n_agents,500,baseline,1
108,54.0,0,0.0,TC1,n_agents,500,baseline,1
109,54.5,0,0.0,TC1,n_agents,500,baseline,1
110,55.0,0,0.0,TC1,n_agents,500,baseline,1
111,55.5,0,0.0,TC1,n_agents,500,baseline,1
112,56.0,0,0.0,TC1,n_agents,500,baseline,1
113,56.5,0,0.0,TC1,n_agents,500,baseline,1
114,57.0,0,0.0,TC1,n_agents,500,baseline,1
115,57.5,0,0.0,TC1,n_agents,500,baseline,1
116,58.0,0,0.0,TC1,n_agents,500,baseline,1
117,58.5,0,0.0,TC1,n_agents,500,baseline,1
118,59.0,0,0.0,TC1,n_agents,500,baseline,1
119,59.5,0,0.0,TC1,n_agents,500,baseline,1
120,60.0,0,0.0,TC1,n_agents,500,baseline,1
121,60.5,0,0.0,TC1,n_agents,500,baseline,1
122,61.0,0,0.0,TC1,n_agents,500,baseline,1
123,61.5,0,0.0,TC1,n_agents,500,baseline,1
124,62.0,0,0.0,TC1,n_agents,500,baseline,1
125,62.5,0,0.0,TC1,n_agents,500,baseline,1
126,63.0,0,0.0,TC1,n_agents,500,baseline,1
127,63.5,0,0.0,TC1,n_agents,500,baseline,1
128,64.0,0,0.0,TC1,n_agents,500,baseline,1
129,64.5,0,0.0,TC1,n_agents,500,baseline,1
130,65.0,0,0.0,TC1,n_agents,500,baseline,1
131,65.5,0,0.0,TC1,n_agents,500,baseline,1
132,66.0,0,0.0,TC1,n_agents,500,baseline,1
133,66.5,0,0.0,TC1,n_agents,500,baseline,1
134,67.0,0,0.0,TC1,n_agents,500,baseline,1
135,67.5,0,0.0,TC1,n_agents,500,baseline,1
136,68.0,0,0.0,TC1,n_agents,500,baseline,1
137,68.5,0,0.0,TC1,n_agents,500,baseline,1
138,69.0,0,0.0,TC1,n_agents,500,baseline,1
139,69.5,0,0.0,TC1,n_agents,500,baseline,1
140,70.0,0,0.0,TC1,n_agents,500,baseline,1
141,70.5,0,0.0,TC1,n_agents,500,baseline,1
142,71.0,0,0.0,TC1,n_agents,500,baseline,1
143,71.5,0,0.0,TC1,n_agents,500,baseline,1
144,72.0,0,0.0,TC1,n_agents,500,baseline,1
145,72.5,0,0.0,TC1,n_agents,500,baseline,1
146,73.0,0,0.0,TC1,n_agents,500,baseline,1
147,73.5,0,0.0,TC1,n_agents,500,baseline,1
148,74.0,0,0.0,TC1,n_agents,500,baseline,1
149,74.5,0,0.0,TC1,n_agents,500,baseline,1
150,75.0,0,0.0,TC1,n_agents,500,baseline,1
151,75.5,0,0.0,TC1,n_agents,500,baseline,1
152,76.0,0,0.0,TC1,n_agents,500,baseline,1
153,76.5,0,0.0,TC1,n_agents,500,baseline,1
154,77.0,0,0.0,TC1,n_agents,500,baseline,1
155,77.5,0,0.0,TC1,n_agents,500,baseline,1
156,78.0,0,0.0,TC1,n_agents,500,baseline,1
157,78.5,0,0.0,TC1,n_agents,500,baseline,1
158,79.0,0,0.0,TC1,n_agents,500,baseline,1
159,79.5,0,0.0,TC1,n_agents,500,baseline,1
160,80.0,0,0.0,TC1,n_agents,500,baseline,1
161,80.5,0,0.0,TC1,n_agents,500,baseline,1
162,81.0,0,0.0,TC1,n_agents,500,baseline,1
163,81.5,0,0.0,TC1,n_agents,500,baseline,1
164,82.0,0,0.0,TC1,n_agents,500,baseline,1
165,82.5,0,0.0,TC1,n_agents,500,baseline,1
166,83.0,0,0.0,TC1,n_agents,500,baseline,1
167,83.5,0,0.0,TC1,n_agents,500,baseline,1
168,84.0,0,0.0,TC1,n_agents,500,baseline,1
169,84.5,0,0.0,TC1,n_agents,500,baseline,1
170,85.0,0,0.0,TC1,n_agents,500,baseline,1
171,85.5,0,0.0,TC1,n_agents,500,baseline,1
172,86.0,0,0.0,TC1,n_agents,500,baseline,1
173,86.5,0,0.0,TC1,n_agents,500,baseline,1
174,87.0,0,0.0,TC1,n_agents,500,baseline,1
175,87.5,0,0.0,TC1,n_agents,500,baseline,1
176,88.0,0,0.0,TC1,n_agents,500,baseline,1
177,88.5,0,0.0,TC1,n_agents,500,baseline,1
178,89.0,0,0.0,TC1,n_agents,500,baseline,1
179,89.5,0,0.0,TC1,n_agents,500,baseline,1
180,90.0,0,0.0,TC1,n_agents,500,baseline,1
181,90.5,0,0.0,TC1,n_agents,500,baseline,1
182,91.0,0,0.0,TC1,n_agents,500,baseline,1
183,91.5,0,0.0,TC1,n_agents,500,baseline,1
184,92.0,0,0.0,TC1,n_agents,500,baseline,1
185,92.5,0,0.0,TC1,n_agents,500,baseline,1
186,93.0,0,0.0,TC1,n_agents,500,baseline,1
187,93.5,0,0.0,TC1,n_agents,500,baseline,1
188,94.0,0,0.0,TC1,n_agents,500,baseline,1
189,94.5,0,0.0,TC1,n_agents,500,baseline,1
190,95.0,0,0.0,TC1,n_agents,500,baseline,1
191,95.5,0,0.0,TC1,n_agents,500,baseline,1
192,96.0,0,0.0,TC1,n_agents,500,baseline,1
193,96.5,0,0.0,TC1,n_agents,500,baseline,1
194,97.0,0,0.0,TC1,n_agents,500,baseline,1
195,97.5,0,0.0,TC1,n_agents,500,baseline,1
196,98.0,0,0.0,TC1,n_agents,500,baseline,1
197,98.5,0,0.0,TC1,n_agents,500,baseline,1
198,99.0,0,0.0,TC1,n_agents,500,baseline,1
199,99.5,0,0.0,TC1,n_agents,500,baseline,1
200,100.0,0,0.0,TC1,n_agents,500,baseline,1
201,100.5,0,0.0,TC1,n_agents,500,baseline,1
202,101.0,0,0.0,TC1,n_agents,500,baseline,1
203,101.5,0,0.0,TC1,n_agents,500,baseline,1
204,102.0,0,0.0,TC1,n_agents,500,baseline,1
205,102.5,0,0.0,TC1,n_agents,500,baseline,1
206,103.0,0,0.0,TC1,n_agents,500,baseline,1
207,103.5,0,0.0,TC1,n_agents,500,baseline,1
208,104.0,0,0.0,TC1,n_agents,500,baseline,1
209,104.5,0,0.0,TC1,n_agents,500,baseline,1
210,105.0,0,0.0,TC1,n_agents,500,baseline,1
211,105.5,0,0.0,TC1,n_agents,500,baseline,1
212,106.0,0,0.0,TC1,n_agents,500,baseline,1
213,106.5,0,0.0,TC1,n_agents,500,baseline,1
214,107.0,0,0.0,TC1,n_agents,500,baseline,1
215,107.5,0,0.0,TC1,n_agents,500,baseline,1
216,108.0,0,0.0,TC1,n_agents,500,baseline,1
217,108.5,0,0.0,TC1,n_agents,500,baseline,1
218,109.0,0,0.0,TC1,n_agents,500,baseline,1
219,109.5,0,0.0,TC1,n_agents,500,baseline,1
220,110.0,0,0.0,TC1,n_agents,500,baseline,1
221,110.5,0,0.0,TC1,n_agents,500,baseline,1
222,111.0,0,0.0,TC1,n_agents,500,baseline,1
223,111.5,0,0.0,TC1,n_agents,500,baseline,1
224,112.0,0,0.0,TC1,n_agents,500,baseline,1
225,112.5,0,0.0,TC1,n_agents,500,baseline,1
226,113.0,0,0.0,TC1,n_agents,500,baseline,1
227,113.5,0,0.0,TC1,n_agents,500,baseline,1
228,114.0,0,0.0,TC1,n_agents,500,baseline,1
229,114.5,0,0.0,TC1,n_agents,500,baseline,1
230,115.0,0,0.0,TC1,n_agents,500,baseline,1
231,115.5,0,0.0,TC1,n_agents,500,baseline,1
232,116.0,0,0.0,TC1,n_agents,500,baseline,1
233,116.5,0,0.0,TC1,n_agents,500,baseline,1
234,117.0,0,0.0,TC1,n_agents,500,baseline,1
235,117.5,0,0.0,TC1,n_agents,500,baseline,1
236,118.0,0,0.0,TC1,n_agents,500,baseline,1
237,118.5,0,0.0,TC1,n_agents,500,baseline,1
238,119.0,0,0.0,TC1,n_agents,500,baseline,1
239,119.5,0,0.0,TC1,n_agents,500,baseline,1
240,120.0,0,0.0,TC1,n_agents,500,baseline,1
241,120.5,0,0.0,TC1,n_agents,500,baseline,1
242,121.0,0,0.0,TC1,n_agents,500,baseline,1
243,121.5,0,0.0,TC1,n_agents,500,baseline,1
244,122.0,0,0.0,TC1,n_agents,500,baseline,1
245,122.5,0,0.0,TC1,n_agents,500,baseline,1
246,123.0,0,0.0,TC1,n_agents,500,baseline,1
247,123.5,0,0.0,TC1,n_agents,500,baseline,1
248,124.0,0,0.0,TC1,n_agents,500,baseline,1
249,124.5,0,0.0,TC1,n_agents,500,baseline,1
250,125.0,0,0.0,TC1,n_agents,500,baseline,1
251,125.5,0,0.0,TC1,n_agents,500,baseline,1
252,126.0,0,0.0,TC1,n_agents,500,baseline,1
253,126.5,0,0.0,TC1,n_agents,500,baseline,1
254,127.0,0,0.0,TC1,n_agents,500,baseline,1
255,127.5,0,0.0,TC1,n_agents,500,baseline,1
256,128.0,0,0.0,TC1,n_agents,500,baseline,1
257,128.5,0,0.0,TC1,n_agents,500,baseline,1
258,129.0,0,0.0,TC1,n_agents,500,baseline,1
259,129.5,0,0.0,TC1,n_agents,500,baseline,1
260,130.0,0,0.0,TC1,n_agents,500,baseline,1
261,130.5,0,0.0,TC1,n_agents,500,baseline,1
262,131.0,0,0.0,TC1,n_agents,500,baseline,1
263,131.5,0,0.0,TC1,n_agents,500,baseline,1
264,132.0,0,0.0,TC1,n_agents,500,baseline,1
265,132.5,0,0.0,TC1,n_agents,500,baseline,1
266,133.0,0,0.0,TC1,n_agents,500,baseline,1
267,133.5,0,0.0,TC1,n_agents,500,baseline,1
268,134.0,0,0.0,TC1,n_agents,500,baseline,1
269,134.5,0,0.0,TC1,n_agents,500,baseline,1
270,135.0,0,0.0,TC1,n_agents,500,baseline,1
271,135.5,0,0.0,TC1,n_agents,500,baseline,1
272,136.0,0,0.0,TC1,n_agents,500,baseline,1
273,136.5,0,0.0,TC1,n_agents,500,baseline,1
274,137.0,0,0.0,TC1,n_agents,500,baseline,1
275,137.5,0,0.0,TC1,n_agents,500,baseline,1
276,138.0,0,0.0,TC1,n_agents,500,baseline,1
277,138.5,0,0.0,TC1,n_agents,500,baseline,1
278,139.0,0,0.0,TC1,n_agents,500,baseline,1
279,139.5,0,0.0,TC1,n_agents,500,baseline,1
280,140.0,0,0.0,TC1,n_agents,500,baseline,1
281,140.5,0,0.0,TC1,n_agents,500,baseline,1
282,141.0,0,0.0,TC1,n_agents,500,baseline,1
283,141.5,0,0.0,TC1,n_agents,500,baseline,1
284,142.0,0,0.0,TC1,n_agents,500,baseline,1
285,142.5,0,0.0,TC1,n_agents,500,baseline,1
286,143.0,0,0.0,TC1,n_agents,500,baseline,1
287,143.5,0,0.0,TC1,n_agents,500,baseline,1
288,144.0,0,0.0,TC1,n_agents,500,baseline,1
289,144.5,0,0.0,TC1,n_agents,500,baseline,1
290,145.0,0,0.0,TC1,n_agents,500,baseline,1
291,145.5,0,0.0,TC1,n_agents,500,baseline,1
292,146.0,0,0.0,TC1,n_agents,500,baseline,1
293,146.5,0,0.0,TC1,n_agents,500,baseline,1
294,147.0,0,0.0,TC1,n_agents,500,baseline,1
295,147.5,0,0.0,TC1,n_agents,500,baseline,1
296,148.0,0,0.0,TC1,n_agents,500,baseline,1
297,148.5,0,0.0,TC1,n_agents,500,baseline,1
298,149.0,0,0.0,TC1,n_agents,500,baseline,1
299,149.5,0,0.0,TC1,n_agents,500,baseline,1
300,150.0,0,0.0,TC1,n_agents,500,baseline,1
301,150.5,0,0.0,TC1,n_agents,500,baseline,1
302,151.0,0,0.0,TC1,n_agents,500,baseline,1
303,151.5,0,0.0,TC1,n_agents,500,baseline,1
304,152.0,0,0.0,TC1,n_agents,500,baseline,1
305,152.5,0,0.0,TC1,n_agents,500,baseline,1
306,153.0,0,0.0,TC1,n_agents,500,baseline,1
307,153.5,0,0.0,TC1,n_agents,500,baseline,1
308,154.0,0,0.0,TC1,n_agents,500,baseline,1
309,154.5,0,0.0,TC1,n_agents,500,baseline,1
310,155.0,0,0.0,TC1,n_agents,500,baseline,1
311,155.5,0,0.0,TC1,n_agents,500,baseline,1
312,156.0,0,0.0,TC1,n_agents,500,baseline,1
313,156.5,0,0.0,TC1,n_agents,500,baseline,1
314,157.0,0,0.0,TC1,n_agents,500,baseline,1
315,157.5,0,0.0,TC1,n_agents,500,baseline,1
316,158.0,0,0.0,TC1,n_agents,500,baseline,1
317,158.5,0,0.0,TC1,n_agents,500,baseline,1
318,159.0,0,0.0,TC1,n_agents,500,baseline,1
319,159.5,0,0.0,TC1,n_agents,500,baseline,1
320,160.0,0,0.0,TC1,n_agents,500,baseline,1
321,160.5,0,0.0,TC1,n_agents,500,baseline,1
322,161.0,0,0.0,TC1,n_agents,500,baseline,1
323,161.5,0,0.0,TC1,n_agents,500,baseline,1
324,162.0,0,0.0,TC1,n_agents,500,baseline,1
325,162.5,0,0.0,TC1,n_agents,500,baseline,1
326,163.0,0,0.0,TC1,n_agents,500,baseline,1
327,163.5,0,0.0,TC1,n_agents,500,baseline,1
328,164.0,0,0.0,TC1,n_agents,500,baseline,1
329,164.5,0,0.0,TC1,n_agents,500,baseline,1
330,165.0,0,0.0,TC1,n_agents,500,baseline,1
331,165.5,0,0.0,TC1,n_agents,500,baseline,1
332,166.0,0,0.0,TC1,n_agents,500,baseline,1
333,166.5,0,0.0,TC1,n_agents,500,baseline,1
334,167.0,0,0.0,TC1,n_agents,500,baseline,1
335,167.5,0,0.0,TC1,n_agents,500,baseline,1
336,168.0,0,0.0,TC1,n_agents,500,baseline,1
337,168.5,0,0.0,TC1,n_agents,500,baseline,1
338,169.0,0,0.0,TC1,n_agents,500,baseline,1
339,169.5,0,0.0,TC1,n_agents,500,baseline,1
340,170.0,0,0.0,TC1,n_agents,500,baseline,1
341,170.5,0,0.0,TC1,n_agents,500,baseline,1
342,171.0,0,0.0,TC1,n_agents,500,baseline,1
343,171.5,0,0.0,TC1,n_agents,500,baseline,1
344,172.0,0,0.0,TC1,n_agents,500,baseline,1
345,172.5,0,0.0,TC1,n_agents,500,baseline,1
346,173.0,0,0.0,TC1,n_agents,500,baseline,1
347,173.5,0,0.0,TC1,n_agents,500,baseline,1
348,174.0,0,0.0,TC1,n_agents,500,baseline,1
349,174.5,0,0.0,TC1,n_agents,500,baseline,1
350,175.0,0,0.0,TC1,n_agents,500,baseline,1
351,175.5,0,0.0,TC1,n_agents,500,baseline,1
352,176.0,0,0.0,TC1,n_agents,500,baseline,1
353,176.5,0,0.0,TC1,n_agents,500,baseline,1
354,177.0,0,0.0,TC1,n_agents,500,baseline,1
355,177.5,0,0.0,TC1,n_agents,500,baseline,1
356,178.0,0,0.0,TC1,n_agents,500,baseline,1
357,178.5,0,0.0,TC1,n_agents,500,baseline,1
358,179.0,0,0.0,TC1,n_agents,500,baseline,1
359,179.5,0,0.0,TC1,n_agents,500,baseline,1
360,180.0,0,0.0,TC1,n_agents,500,baseline,1
361,180.5,0,0.0,TC1,n_agents,500,baseline,1
362,181.0,0,0.0,TC1,n_agents,500,baseline,1
363,181.5,0,0.0,TC1,n_agents,500,baseline,1
364,182.0,0,0.0,TC1,n_agents,500,baseline,1
365,182.5,0,0.0,TC1,n_agents,500,baseline,1
366,183.0,0,0.0,TC1,n_agents,500,baseline,1
367,183.5,0,0.0,TC1,n_agents,500,baseline,1
368,184.0,0,0.0,TC1,n_agents,500,baseline,1
369,184.5,0,0.0,TC1,n_agents,500,baseline,1
370,185.0,0,0.0,TC1,n_agents,500,baseline,1
371,185.5,0,0.0,TC1,n_agents,500,baseline,1
372,186.0,0,0.0,TC1,n_agents,500,baseline,1
373,186.5,0,0.0,TC1,n_agents,500,baseline,1
374,187.0,0,0.0,TC1,n_agents,500,baseline,1
375,187.5,0,0.0,TC1,n_agents,500,baseline,1
376,188.0,0,0.0,TC1,n_agents,500,baseline,1
377,188.5,0,0.0,TC1,n_agents,500,baseline,1
378,189.0,0,0.0,TC1,n_agents,500,baseline,1
379,189.5,0,0.0,TC1,n_agents,500,baseline,1
380,190.0,0,0.0,TC1,n_agents,500,baseline,1
381,190.5,0,0.0,TC1,n_agents,500,baseline,1
382,191.0,0,0.0,TC1,n_agents,500,baseline,1
383,191.5,0,0.0,TC1,n_agents,500,baseline,1
384,192.0,0,0.0,TC1,n_agents,500,baseline,1
385,192.5,0,0.0,TC1,n_agents,500,baseline,1
386,193.0,0,0.0,TC1,n_agents,500,baseline,1
387,193.5,0,0.0,TC1,n_agents,500,baseline,1
388,194.0,0,0.0,TC1,n_agents,500,baseline,1
389,194.5,0,0.0,TC1,n_agents,500,baseline,1
390,195.0,0,0.0,TC1,n_agents,500,baseline,1
391,195.5,0,0.0,TC1,n_agents,500,baseline,1
392,196.0,0,0.0,TC1,n_agents,500,baseline,1
393,196.5,0,0.0,TC1,n_agents,500,baseline,1
394,197.0,0,0.0,TC1,n_agents,500,baseline,1
395,197.5,0,0.0,TC1,n_agents,500,baseline,1
396,198.0,0,0.0,TC1,n_agents,500,baseline,1
397,198.5,0,0.0,TC1,n_agents,500,baseline,1
398,199.0,0,0.0,TC1,n_agents,500,baseline,1
399,199.5,0,0.0,TC1,n_agents,500,baseline,1
400,200.0,0,0.0,TC1,n_agents,500,baseline,1
401,200.5,0,0.0,TC1,n_agents,500,baseline,1
402,201.0,0,0.0,TC1,n_agents,500,baseline,1
403,201.5,0,0.0,TC1,n_agents,500,baseline,1
404,202.0,0,0.0,TC1,n_agents,500,baseline,1
405,202.5,0,0.0,TC1,n_agents,500,baseline,1
406,203.0,0,0.0,TC1,n_agents,500,baseline,1
407,203.5,0,0.0,TC1,n_agents,500,baseline,1
408,204.0,0,0.0,TC1,n_agents,500,baseline,1
409,204.5,0,0.0,TC1,n_agents,500,baseline,1
410,205.0,0,0.0,TC1,n_agents,500,baseline,1
411,205.5,0,0.0,TC1,n_agents,500,baseline,1
412,206.0,0,0.0,TC1,n_agents,500,baseline,1
413,206.5,0,0.0,TC1,n_agents,500,baseline,1
414,207.0,0,0.0,TC1,n_agents,500,baseline,1
415,207.5,0,0.0,TC1,n_agents,500,baseline,1
416,208.0,0,0.0,TC1,n_agents,500,baseline,1
417,208.5,0,0.0,TC1,n_agents,500,baseline,1
418,209.0,0,0.0,TC1,n_agents,500,baseline,1
419,209.5,0,0.0,TC1,n_agents,500,baseline,1
420,210.0,0,0.0,TC1,n_agents,500,baseline,1
421,210.5,0,0.0,TC1,n_agents,500,baseline,1
422,211.0,0,0.0,TC1,n_agents,500,baseline,1
423,211.5,0,0.0,TC1,n_agents,500,baseline,1
424,212.0,0,0.0,TC1,n_agents,500,baseline,1
425,212.5,0,0.0,TC1,n_agents,500,baseline,1
426,213.0,0,0.0,TC1,n_agents,500,baseline,1
427,213.5,0,0.0,TC1,n_agents,500,baseline,1
428,214.0,0,0.0,TC1,n_agents,500,baseline,1
429,214.5,0,0.0,TC1,n_agents,500,baseline,1
430,215.0,0,0.0,TC1,n_agents,500,baseline,1
431,215.5,0,0.0,TC1,n_agents,500,baseline,1
432,216.0,0,0.0,TC1,n_agents,500,baseline,1
433,216.5,0,0.0,TC1,n_agents,500,baseline,1
434,217.0,0,0.0,TC1,n_agents,500,baseline,1
435,217.5,0,0.0,TC1,n_agents,500,baseline,1
436,218.0,0,0.0,TC1,n_agents,500,baseline,1
437,218.5,0,0.0,TC1,n_agents,500,baseline,1
438,219.0,0,0.0,TC1,n_agents,500,baseline,1
439,219.5,0,0.0,TC1,n_agents,500,baseline,1
440,220.0,0,0.0,TC1,n_agents,500,baseline,1
441,220.5,0,0.0,TC1,n_agents,500,baseline,1
442,221.0,0,0.0,TC1,n_agents,500,baseline,1
443,221.5,0,0.0,TC1,n_agents,500,baseline,1
444,222.0,0,0.0,TC1,n_agents,500,baseline,1
445,222.5,0,0.0,TC1,n_agents,500,baseline,1
446,223.0,0,0.0,TC1,n_agents,500,baseline,1
447,223.5,0,0.0,TC1,n_agents,500,baseline,1
448,224.0,0,0.0,TC1,n_agents,500,baseline,1
449,224.5,0,0.0,TC1,n_agents,500,baseline,1
450,225.0,0,0.0,TC1,n_agents,500,baseline,1
451,225.5,0,0.0,TC1,n_agents,500,baseline,1
452,226.0,0,0.0,TC1,n_agents,500,baseline,1
453,226.5,0,0.0,TC1,n_agents,500,baseline,1
454,227.0,0,0.0,TC1,n_agents,500,baseline,1
455,227.5,0,0.0,TC1,n_agents,500,baseline,1
456,228.0,0,0.0,TC1,n_agents,500,baseline,1
457,228.5,0,0.0,TC1,n_agents,500,baseline,1
458,229.0,0,0.0,TC1,n_agents,500,baseline,1
459,229.5,0,0.0,TC1,n_agents,500,baseline,1
460,230.0,0,0.0,TC1,n_agents,500,baseline,1
461,230.5,0,0.0,TC1,n_agents,500,baseline,1
462,231.0,0,0.0,TC1,n_agents,500,baseline,1
463,231.5,0,0.0,TC1,n_agents,500,baseline,1
464,232.0,0,0.0,TC1,n_agents,500,baseline,1
465,232.5,0,0.0,TC1,n_agents,500,baseline,1
466,233.0,0,0.0,TC1,n_agents,500,baseline,1
467,233.5,0,0.0,TC1,n_agents,500,baseline,1
468,234.0,0,0.0,TC1,n_agents,500,baseline,1
469,234.5,0,0.0,TC1,n_agents,500,baseline,1
470,235.0,0,0.0,TC1,n_agents,500,baseline,1
471,235.5,0,0.0,TC1,n_agents,500,baseline,1
472,236.0,0,0.0,TC1,n_agents,500,baseline,1
473,236.5,0,0.0,TC1,n_agents,500,baseline,1
474,237.0,0,0.0,TC1,n_agents,500,baseline,1
475,237.5,0,0.0,TC1,n_agents,500,baseline,1
476,238.0,0,0.0,TC1,n_agents,500,baseline,1
477,238.5,0,0.0,TC1,n_agents,500,baseline,1
478,239.0,0,0.0,TC1,n_agents,500,baseline,1
479,239.5,0,0.0,TC1,n_agents,500,baseline,1
480,240.0,0,0.0,TC1,n_agents,500,baseline,1
481,240.5,0,0.0,TC1,n_agents,500,baseline,1
482,241.0,0,0.0,TC1,n_agents,500,baseline,1
483,241.5,0,0.0,TC1,n_agents,500,baseline,1
484,242.0,0,0.0,TC1,n_agents,500,baseline,1
485,242.5,0,0.0,TC1,n_agents,500,baseline,1
486,243.0,0,0.0,TC1,n_agents,500,baseline,1
487,243.5,0,0.0,TC1,n_agents,500,baseline,1
488,244.0,0,0.0,TC1,n_agents,500,baseline,1
489,244.5,0,0.0,TC1,n_agents,500,baseline,1
490,245.0,0,0.0,TC1,n_agents,500,baseline,1
491,245.5,0,0.0,TC1,n_agents,500,baseline,1
492,246.0,0,0.0,TC1,n_agents,500,baseline,1
493,246.5,0,0.0,TC1,n_agents,500,baseline,1
494,247.0,0,0.0,TC1,n_agents,500,baseline,1
495,247.5,0,0.0,TC1,n_agents,500,baseline,1
496,248.0,0,0.0,TC1,n_agents,500,baseline,1
497,248.5,0,0.0,TC1,n_agents,500,baseline,1
498,249.0,0,0.0,TC1,n_agents,500,baseline,1
499,249.5,0,0.0,TC1,n_agents,500,baseline,1
500,250.0,0,0.0,TC1,n_agents,500,baseline,1
501,250.5,0,0.0,TC1,n_agents,500,baseline,1
502,251.0,0,0.0,TC1,n_agents,500,baseline,1
503,251.5,0,0.0,TC1,n_agents,500,baseline,1
504,252.0,0,0.0,TC1,n_agents,500,baseline,1
505,252.5,0,0.0,TC1,n_agents,500,baseline,1
506,253.0,0,0.0,TC1,n_agents,500,baseline,1
507,253.5,0,0.0,TC1,n_agents,500,baseline,1
508,254.0,0,0.0,TC1,n_agents,500,baseline,1
509,254.5,0,0.0,TC1,n_agents,500,baseline,1
510,255.0,0,0.0,TC1,n_agents,500,baseline,1
511,255.5,0,0.0,TC1,n_agents,500,baseline,1
512,256.0,0,0.0,TC1,n_agents,500,baseline,1
513,256.5,0,0.0,TC1,n_agents,500,baseline,1
514,257.0,0,0.0,TC1,n_agents,500,baseline,1
515,257.5,0,0.0,TC1,n_agents,500,baseline,1
516,258.0,0,0.0,TC1,n_agents,500,baseline,1
517,258.5,0,0.0,TC1,n_agents,500,baseline,1
518,259.0,0,0.0,TC1,n_agents,500,baseline,1
519,259.5,0,0.0,TC1,n_agents,500,baseline,1
520,260.0,0,0.0,TC1,n_agents,500,baseline,1
521,260.5,0,0.0,TC1,n_agents,500,baseline,1
522,261.0,0,0.0,TC1,n_agents,500,baseline,1
523,261.5,0,0.0,TC1,n_agents,500,baseline,1
524,262.0,0,0.0,TC1,n_agents,500,baseline,1
525,262.5,0,0.0,TC1,n_agents,500,baseline,1
526,263.0,0,0.0,TC1,n_agents,500,baseline,1
527,263.5,0,0.0,TC1,n_agents,500,baseline,1
528,264.0,0,0.0,TC1,n_agents,500,baseline,1
529,264.5,0,0.0,TC1,n_agents,500,baseline,1
530,265.0,0,0.0,TC1,n_agents,500,baseline,1
531,265.5,0,0.0,TC1,n_agents,500,baseline,1
532,266.0,0,0.0,TC1,n_agents,500,baseline,1
533,266.5,0,0.0,TC1,n_agents,500,baseline,1
534,267.0,0,0.0,TC1,n_agents,500,baseline,1
535,267.5,0,0.0,TC1,n_agents,500,baseline,1
536,268.0,0,0.0,TC1,n_agents,500,baseline,1
537,268.5,0,0.0,TC1,n_agents,500,baseline,1
538,269.0,0,0.0,TC1,n_agents,500,baseline,1
539,269.5,0,0.0,TC1,n_agents,500,baseline,1
540,270.0,0,0.0,TC1,n_agents,500,baseline,1
541,270.5,0,0.0,TC1,n_agents,500,baseline,1
542,271.0,0,0.0,TC1,n_agents,500,baseline,1
543,271.5,0,0.0,TC1,n_agents,500,baseline,1
544,272.0,0,0.0,TC1,n_agents,500,baseline,1
545,272.5,0,0.0,TC1,n_agents,500,baseline,1
546,273.0,0,0.0,TC1,n_agents,500,baseline,1
547,273.5,0,0.0,TC1,n_agents,500,baseline,1
548,274.0,0,0.0,TC1,n_agents,500,baseline,1
549,274.5,0,0.0,TC1,n_agents,500,baseline,1
550,275.0,0,0.0,TC1,n_agents,500,baseline,1
551,275.5,0,0.0,TC1,n_agents,500,baseline,1
552,276.0,0,0.0,TC1,n_agents,500,baseline,1
553,276.5,0,0.0,TC1,n_agents,500,baseline,1
554,277.0,0,0.0,TC1,n_agents,500,baseline,1
555,277.5,0,0.0,TC1,n_agents,500,baseline,1
556,278.0,0,0.0,TC1,n_agents,500,baseline,1
557,278.5,0,0.0,TC1,n_agents,500,baseline,1
558,279.0,0,0.0,TC1,n_agents,500,baseline,1
559,279.5,0,0.0,TC1,n_agents,500,baseline,1
560,280.0,0,0.0,TC1,n_agents,500,baseline,1
561,280.5,0,0.0,TC1,n_agents,500,baseline,1
562,281.0,0,0.0,TC1,n_agents,500,baseline,1
563,281.5,0,0.0,TC1,n_agents,500,baseline,1
564,282.0,0,0.0,TC1,n_agents,500,baseline,1
565,282.5,0,0.0,TC1,n_agents,500,baseline,1
566,283.0,0,0.0,TC1,n_agents,500,baseline,1
567,283.5,0,0.0,TC1,n_agents,500,baseline,1
568,284.0,0,0.0,TC1,n_agents,500,baseline,1
569,284.5,0,0.0,TC1,n_agents,500,baseline,1
570,285.0,0,0.0,TC1,n_agents,500,baseline,1
571,285.5,0,0.0,TC1,n_agents,500,baseline,1
572,286.0,0,0.0,TC1,n_agents,500,baseline,1
573,286.5,0,0.0,TC1,n_agents,500,baseline,1
574,287.0,0,0.0,TC1,n_agents,500,baseline,1
575,287.5,0,0.0,TC1,n_agents,500,baseline,1
576,288.0,0,0.0,TC1,n_agents,500,baseline,1
577,288.5,0,0.0,TC1,n_agents,500,baseline,1
578,289.0,0,0.0,TC1,n_agents,500,baseline,1
579,289.5,0,0.0,TC1,n_agents,500,baseline,1
580,290.0,0,0.0,TC1,n_agents,500,baseline,1
581,290.5,0,0.0,TC1,n_agents,500,baseline,1
582,291.0,0,0.0,TC1,n_agents,500,baseline,1
583,291.5,0,0.0,TC1,n_agents,500,baseline,1
584,292.0,0,0.0,TC1,n_agents,500,baseline,1
585,292.5,0,0.0,TC1,n_agents,500,baseline,1
586,293.0,0,0.0,TC1,n_agents,500,baseline,1
587,293.5,0,0.0,TC1,n_agents,500,baseline,1
588,294.0,0,0.0,TC1,n_agents,500,baseline,1
589,294.5,0,0.0,TC1,n_agents,500,baseline,1
590,295.0,0,0.0,TC1,n_agents,500,baseline,1
591,295.5,0,0.0,TC1,n_agents,500,baseline,1
592,296.0,0,0.0,TC1,n_agents,500,baseline,1
593,296.5,0,0.0,TC1,n_agents,500,baseline,1
594,297.0,0,0.0,TC1,n_agents,500,baseline,1
595,297.5,0,0.0,TC1,n_agents,500,baseline,1
596,298.0,0,0.0,TC1,n_agents,500,baseline,1
597,298.5,0,0.0,TC1,n_agents,500,baseline,1
598,299.0,0,0.0,TC1,n_agents,500,baseline,1
599,299.5,0,0.0,TC1,n_agents,500,baseline,1
600,300.0,0,0.0,TC1,n_agents,500,baseline,1
601,300.5,0,0.0,TC1,n_agents,500,baseline,1
602,301.0,0,0.0,TC1,n_agents,500,baseline,1
603,301.5,0,0.0,TC1,n_agents,500,baseline,1
604,302.0,0,0.0,TC1,n_agents,500,baseline,1
605,302.5,0,0.0,TC1,n_agents,500,baseline,1
606,303.0,0,0.0,TC1,n_agents,500,baseline,1
607,303.5,0,0.0,TC1,n_agents,500,baseline,1
608,304.0,0,0.0,TC1,n_agents,500,baseline,1
609,304.5,0,0.0,TC1,n_agents,500,baseline,1
610,305.0,0,0.0,TC1,n_agents,500,baseline,1
611,305.5,0,0.0,TC1,n_agents,500,baseline,1
612,306.0,0,0.0,TC1,n_agents,500,baseline,1
613,306.5,0,0.0,TC1,n_agents,500,baseline,1
614,307.0,0,0.0,TC1,n_agents,500,baseline,1
615,307.5,0,0.0,TC1,n_agents,500,baseline,1
616,308.0,0,0.0,TC1,n_agents,500,baseline,1
617,308.5,0,0.0,TC1,n_agents,500,baseline,1
618,309.0,0,0.0,TC1,n_agents,500,baseline,1
619,309.5,0,0.0,TC1,n_agents,500,baseline,1
620,310.0,0,0.0,TC1,n_agents,500,baseline,1
621,310.5,0,0.0,TC1,n_agents,500,baseline,1
622,311.0,0,0.0,TC1,n_agents,500,baseline,1
623,311.5,0,0.0,TC1,n_agents,500,baseline,1
624,312.0,0,0.0,TC1,n_agents,500,baseline,1
625,312.5,0,0.0,TC1,n_agents,500,baseline,1
626,313.0,0,0.0,TC1,n_agents,500,baseline,1
627,313.5,0,0.0,TC1,n_agents,500,baseline,1
628,314.0,0,0.0,TC1,n_agents,500,baseline,1
629,314.5,0,0.0,TC1,n_agents,500,baseline,1
630,315.0,0,0.0,TC1,n_agents,500,baseline,1
631,315.5,0,0.0,TC1,n_agents,500,baseline,1
632,316.0,0,0.0,TC1,n_agents,500,baseline,1
633,316.5,0,0.0,TC1,n_agents,500,baseline,1
634,317.0,0,0.0,TC1,n_agents,500,baseline,1
635,317.5,0,0.0,TC1,n_agents,500,baseline,1
636,318.0,0,0.0,TC1,n_agents,500,baseline,1
637,318.5,0,0.0,TC1,n_agents,500,baseline,1
638,319.0,0,0.0,TC1,n_agents,500,baseline,1
639,319.5,0,0.0,TC1,n_agents,500,baseline,1
640,320.0,0,0.0,TC1,n_agents,500,baseline,1
641,320.5,0,0.0,TC1,n_agents,500,baseline,1
642,321.0,0,0.0,TC1,n_agents,500,baseline,1
643,321.5,0,0.0,TC1,n_agents,500,baseline,1
644,322.0,0,0.0,TC1,n_agents,500,baseline,1
645,322.5,0,0.0,TC1,n_agents,500,baseline,1
646,323.0,0,0.0,TC1,n_agents,500,baseline,1
647,323.5,0,0.0,TC1,n_agents,500,baseline,1
648,324.0,0,0.0,TC1,n_agents,500,baseline,1
649,324.5,0,0.0,TC1,n_agents,500,baseline,1
650,325.0,0,0.0,TC1,n_agents,500,baseline,1
651,325.5,0,0.0,TC1,n_agents,500,baseline,1
652,326.0,0,0.0,TC1,n_agents,500,baseline,1
653,326.5,0,0.0,TC1,n_agents,500,baseline,1
654,327.0,0,0.0,TC1,n_agents,500,baseline,1
655,327.5,0,0.0,TC1,n_agents,500,baseline,1
656,328.0,0,0.0,TC1,n_agents,500,baseline,1
657,328.5,0,0.0,TC1,n_agents,500,baseline,1
658,329.0,0,0.0,TC1,n_agents,500,baseline,1
659,329.5,0,0.0,TC1,n_agents,500,baseline,1
660,330.0,0,0.0,TC1,n_agents,500,baseline,1
661,330.5,0,0.0,TC1,n_agents,500,baseline,1
662,331.0,0,0.0,TC1,n_agents,500,baseline,1
663,331.5,0,0.0,TC1,n_agents,500,baseline,1
664,332.0,0,0.0,TC1,n_agents,500,baseline,1
665,332.5,0,0.0,TC1,n_agents,500,baseline,1
666,333.0,0,0.0,TC1,n_agents,500,baseline,1
667,333.5,0,0.0,TC1,n_agents,500,baseline,1
668,334.0,0,0.0,TC1,n_agents,500,baseline,1
669,334.5,0,0.0,TC1,n_agents,500,baseline,1
670,335.0,0,0.0,TC1,n_agents,500,baseline,1
671,335.5,0,0.0,TC1,n_agents,500,baseline,1
672,336.0,0,0.0,TC1,n_agents,500,baseline,1
673,336.5,0,0.0,TC1,n_agents,500,baseline,1
674,337.0,0,0.0,TC1,n_agents,500,baseline,1
675,337.5,0,0.0,TC1,n_agents,500,baseline,1
676,338.0,0,0.0,TC1,n_agents,500,baseline,1
677,338.5,0,0.0,TC1,n_agents,500,baseline,1
678,339.0,0,0.0,TC1,n_agents,500,baseline,1
679,339.5,0,0.0,TC1,n_agents,500,baseline,1
680,340.0,0,0.0,TC1,n_agents,500,baseline,1
681,340.5,0,0.0,TC1,n_agents,500,baseline,1
682,341.0,0,0.0,TC1,n_agents,500,baseline,1
683,341.5,0,0.0,TC1,n_agents,500,baseline,1
684,342.0,0,0.0,TC1,n_agents,500,baseline,1
685,342.5,0,0.0,TC1,n_agents,500,baseline,1
686,343.0,0,0.0,TC1,n_agents,500,baseline,1
687,343.5,0,0.0,TC1,n_agents,500,baseline,1
688,344.0,0,0.0,TC1,n_agents,500,baseline,1
689,344.5,0,0.0,TC1,n_agents,500,baseline,1
690,345.0,0,0.0,TC1,n_agents,500,baseline,1
691,345.5,0,0.0,TC1,n_agents,500,baseline,1
692,346.0,0,0.0,TC1,n_agents,500,baseline,1
693,346.5,0,0.0,TC1,n_agents,500,baseline,1
694,347.0,0,0.0,TC1,n_agents,500,baseline,1
695,347.5,0,0.0,TC1,n_agents,500,baseline,1
696,348.0,0,0.0,TC1,n_agents,500,baseline,1
697,348.5,0,0.0,TC1,n_agents,500,baseline,1
698,349.0,0,0.0,TC1,n_agents,500,baseline,1
699,349.5,0,0.0,TC1,n_agents,500,baseline,1
700,350.0,0,0.0,TC1,n_agents,500,baseline,1
701,350.5,0,0.0,TC1,n_agents,500,baseline,1
702,351.0,0,0.0,TC1,n_agents,500,baseline,1
703,351.5,0,0.0,TC1,n_agents,500,baseline,1
704,352.0,0,0.0,TC1,n_agents,500,baseline,1
705,352.5,0,0.0,TC1,n_agents,500,baseline,1
706,353.0,0,0.0,TC1,n_agents,500,baseline,1
707,353.5,0,0.0,TC1,n_agents,500,baseline,1
708,354.0,0,0.0,TC1,n_agents,500,baseline,1
709,354.5,0,0.0,TC1,n_agents,500,baseline,1
710,355.0,0,0.0,TC1,n_agents,500,baseline,1
711,355.5,0,0.0,TC1,n_agents,500,baseline,1
712,356.0,0,0.0,TC1,n_agents,500,baseline,1
713,356.5,0,0.0,TC1,n_agents,500,baseline,1
714,357.0,0,0.0,TC1,n_agents,500,baseline,1
715,357.5,0,0.0,TC1,n_agents,500,baseline,1
716,358.0,0,0.0,TC1,n_agents,500,baseline,1
717,358.5,0,0.0,TC1,n_agents,500,baseline,1
718,359.0,0,0.0,TC1,n_agents,500,baseline,1
719,359.5,0,0.0,TC1,n_agents,500,baseline,1
720,360.0,0,0.0,TC1,n_agents,500,baseline,1
721,360.5,0,0.0,TC1,n_agents,500,baseline,1
722,361.0,0,0.0,TC1,n_agents,500,baseline,1
723,361.5,0,0.0,TC1,n_agents,500,baseline,1
724,362.0,0,0.0,TC1,n_agents,500,baseline,1
725,362.5,0,0.0,TC1,n_agents,500,baseline,1
726,363.0,0,0.0,TC1,n_agents,500,baseline,1
727,363.5,0,0.0,TC1,n_agents,500,baseline,1
728,364.0,0,0.0,TC1,n_agents,500,baseline,1
729,364.5,0,0.0,TC1,n_agents,500,baseline,1
730,365.0,0,0.0,TC1,n_agents,500,baseline,1
731,365.5,0,0.0,TC1,n_agents,500,baseline,1
732,366.0,0,0.0,TC1,n_agents,500,baseline,1
733,366.5,0,0.0,TC1,n_agents,500,baseline,1
734,367.0,0,0.0,TC1,n_agents,500,baseline,1
735,367.5,0,0.0,TC1,n_agents,500,baseline,1
736,368.0,0,0.0,TC1,n_agents,500,baseline,1
737,368.5,0,0.0,TC1,n_agents,500,baseline,1
738,369.0,0,0.0,TC1,n_agents,500,baseline,1
739,369.5,0,0.0,TC1,n_agents,500,baseline,1
740,370.0,0,0.0,TC1,n_agents,500,baseline,1
741,370.5,0,0.0,TC1,n_agents,500,baseline,1
742,371.0,0,0.0,TC1,n_agents,500,baseline,1
743,371.5,0,0.0,TC1,n_agents,500,baseline,1
744,372.0,0,0.0,TC1,n_agents,500,baseline,1
745,372.5,0,0.0,TC1,n_agents,500,baseline,1
746,373.0,0,0.0,TC1,n_agents,500,baseline,1
747,373.5,0,0.0,TC1,n_agents,500,baseline,1
748,374.0,0,0.0,TC1,n_agents,500,baseline,1
749,374.5,0,0.0,TC1,n_agents,500,baseline,1
750,375.0,0,0.0,TC1,n_agents,500,baseline,1
751,375.5,0,0.0,TC1,n_agents,500,baseline,1
752,376.0,0,0.0,TC1,n_agents,500,baseline,1
753,376.5,0,0.0,TC1,n_agents,500,baseline,1
754,377.0,0,0.0,TC1,n_agents,500,baseline,1
755,377.5,0,0.0,TC1,n_agents,500,baseline,1
756,378.0,0,0.0,TC1,n_agents,500,baseline,1
757,378.5,0,0.0,TC1,n_agents,500,baseline,1
758,379.0,0,0.0,TC1,n_agents,500,baseline,1
759,379.5,0,0.0,TC1,n_agents,500,baseline,1
760,380.0,0,0.0,TC1,n_agents,500,baseline,1
761,380.5,0,0.0,TC1,n_agents,500,baseline,1
762,381.0,0,0.0,TC1,n_agents,500,baseline,1
763,381.5,0,0.0,TC1,n_agents,500,baseline,1
764,382.0,0,0.0,TC1,n_agents,500,baseline,1
765,382.5,0,0.0,TC1,n_agents,500,baseline,1
766,383.0,0,0.0,TC1,n_agents,500,baseline,1
767,383.5,0,0.0,TC1,n_agents,500,baseline,1
768,384.0,0,0.0,TC1,n_agents,500,baseline,1
769,384.5,0,0.0,TC1,n_agents,500,baseline,1
770,385.0,0,0.0,TC1,n_agents,500,baseline,1
771,385.5,0,0.0,TC1,n_agents,500,baseline,1
772,386.0,0,0.0,TC1,n_agents,500,baseline,1
773,386.5,0,0.0,TC1,n_agents,500,baseline,1
774,387.0,0,0.0,TC1,n_agents,500,baseline,1
775,387.5,0,0.0,TC1,n_agents,500,baseline,1
776,388.0,0,0.0,TC1,n_agents,500,baseline,1
777,388.5,0,0.0,TC1,n_agents,500,baseline,1
778,389.0,0,0.0,TC1,n_agents,500,baseline,1
779,389.5,0,0.0,TC1,n_agents,500,baseline,1
780,390.0,0,0.0,TC1,n_agents,500,baseline,1
781,390.5,0,0.0,TC1,n_agents,500,baseline,1
782,391.0,0,0.0,TC1,n_agents,500,baseline,1
783,391.5,0,0.0,TC1,n_agents,500,baseline,1
784,392.0,0,0.0,TC1,n_agents,500,baseline,1
785,392.5,0,0.0,TC1,n_agents,500,baseline,1
786,393.0,0,0.0,TC1,n_agents,500,baseline,1
787,393.5,0,0.0,TC1,n_agents,500,baseline,1
788,394.0,0,0.0,TC1,n_agents,500,baseline,1
789,394.5,0,0.0,TC1,n_agents,500,baseline,1
790,395.0,0,0.0,TC1,n_agents,500,baseline,1
791,395.5,0,0.0,TC1,n_agents,500,baseline,1
792,396.0,0,0.0,TC1,n_agents,500,baseline,1
793,396.5,0,0.0,TC1,n_agents,500,baseline,1
794,397.0,0,0.0,TC1,n_agents,500,baseline,1
795,397.5,0,0.0,TC1,n_agents,500,baseline,1
796,398.0,0,0.0,TC1,n_agents,500,baseline,1
797,398.5,0,0.0,TC1,n_agents,500,baseline,1
798,399.0,0,0.0,TC1,n_agents,500,baseline,1
799,399.5,0,0.0,TC1,n_agents,500,baseline,1
800,400.0,0,0.0,TC1,n_agents,500,baseline,1
0,0.0,0,0.0,TC1,n_agents,500,baseline,2
1,0.5,0,0.0,TC1,n_agents,500,baseline,2
2,1.0,0,0.0,TC1,n_agents,500,baseline,2
3,1.5,0,0.0,TC1,n_agents,500,baseline,2
4,2.0,0,0.0,TC1,n_agents,500,baseline,2
5,2.5,0,0.0,TC1,n_agents,500,baseline,2
6,3.0,0,0.0,TC1,n_agents,500,baseline,2
7,3.5,0,0.0,TC1,n_agents,500,baseline,2
8,4.0,0,0.0,TC1,n_agents,500,baseline,2
9,4.5,0,0.0,TC1,n_agents,500,baseline,2
10,5.0,0,0.0,TC1,n_agents,500,baseline,2
11,5.5,0,0.0,TC1,n_agents,500,baseline,2
12,6.0,0,0.0,TC1,n_agents,500,baseline,2
13,6.5,0,0.0,TC1,n_agents,500,baseline,2
14,7.0,0,0.0,TC1,n_agents,500,baseline,2
15,7.5,0,0.0,TC1,n_agents,500,baseline,2
16,8.0,0,0.0,TC1,n_agents,500,baseline,2
17,8.5,0,0.0,TC1,n_agents,500,baseline,2
18,9.0,0,0.0,TC1,n_agents,500,baseline,2
19,9.5,0,0.0,TC1,n_agents,500,baseline,2
20,10.0,0,0.0,TC1,n_agents,500,baseline,2
21,10.5,0,0.0,TC1,n_agents,500,baseline,2
22,11.0,0,0.0,TC1,n_agents,500,baseline,2
23,11.5,0,0.0,TC1,n_agents,500,baseline,2
24,12.0,0,0.0,TC1,n_agents,500,baseline,2
25,12.5,0,0.0,TC1,n_agents,500,baseline,2
26,13.0,0,0.0,TC1,n_agents,500,baseline,2
27,13.5,0,0.0,TC1,n_agents,500,baseline,2
28,14.0,0,0.0,TC1,n_agents,500,baseline,2
29,14.5,0,0.0,TC1,n_agents,500,baseline,2
30,15.0,0,0.0,TC1,n_agents,500,baseline,2
31,15.5,0,0.0,TC1,n_agents,500,baseline,2
32,16.0,0,0.0,TC1,n_agents,500,baseline,2
33,16.5,0,0.0,TC1,n_agents,500,baseline,2
34,17.0,0,0.0,TC1,n_agents,500,baseline,2
35,17.5,0,0.0,TC1,n_agents,500,baseline,2
36,18.0,0,0.0,TC1,n_agents,500,baseline,2
37,18.5,0,0.0,TC1,n_agents,500,baseline,2
38,19.0,0,0.0,TC1,n_agents,500,baseline,2
39,19.5,0,0.0,TC1,n_agents,500,baseline,2
40,20.0,0,0.0,TC1,n_agents,500,baseline,2
41,20.5,0,0.0,TC1,n_agents,500,baseline,2
42,21.0,0,0.0,TC1,n_agents,500,baseline,2
43,21.5,0,0.0,TC1,n_agents,500,baseline,2
44,22.0,0,0.0,TC1,n_agents,500,baseline,2
45,22.5,0,0.0,TC1,n_agents,500,baseline,2
46,23.0,0,0.0,TC1,n_agents,500,baseline,2
47,23.5,0,0.0,TC1,n_agents,500,baseline,2
48,24.0,0,0.0,TC1,n_agents,500,baseline,2
49,24.5,0,0.0,TC1,n_agents,500,baseline,2
50,25.0,0,0.0,TC1,n_agents,500,baseline,2
51,25.5,0,0.0,TC1,n_agents,500,baseline,2
52,26.0,0,0.0,TC1,n_agents,500,baseline,2
53,26.5,0,0.0,TC1,n_agents,500,baseline,2
54,27.0,0,0.0,TC1,n_agents,500,baseline,2
55,27.5,0,0.0,TC1,n_agents,500,baseline,2
56,28.0,0,0.0,TC1,n_agents,500,baseline,2
57,28.5,0,0.0,TC1,n_agents,500,baseline,2
58,29.0,0,0.0,TC1,n_agents,500,baseline,2
59,29.5,0,0.0,TC1,n_agents,500,baseline,2
60,30.0,0,0.0,TC1,n_agents,500,baseline,2
61,30.5,0,0.0,TC1,n_agents,500,baseline,2
62,31.0,0,0.0,TC1,n_agents,500,baseline,2
63,31.5,0,0.0,TC1,n_agents,500,baseline,2
64,32.0,0,0.0,TC1,n_agents,500,baseline,2
65,32.5,0,0.0,TC1,n_agents,500,baseline,2
66,33.0,0,0.0,TC1,n_agents,500,baseline,2
67,33.5,0,0.0,TC1,n_agents,500,baseline,2
68,34.0,0,0.0,TC1,n_agents,500,baseline,2
69,34.5,0,0.0,TC1,n_agents,500,baseline,2
70,35.0,0,0.0,TC1,n_agents,500,baseline,2
71,35.5,0,0.0,TC1,n_agents,500,baseline,2
72,36.0,0,0.0,TC1,n_agents,500,baseline,2
73,36.5,0,0.0,TC1,n_agents,500,baseline,2
74,37.0,0,0.0,TC1,n_agents,500,baseline,2
75,37.5,0,0.0,TC1,n_agents,500,baseline,2
76,38.0,0,0.0,TC1,n_agents,500,baseline,2
77,38.5,0,0.0,TC1,n_agents,500,baseline,2
78,39.0,0,0.0,TC1,n_agents,500,baseline,2
79,39.5,0,0.0,TC1,n_agents,500,baseline,2
80,40.0,0,0.0,TC1,n_agents,500,baseline,2
81,40.5,0,0.0,TC1,n_agents,500,baseline,2
82,41.0,0,0.0,TC1,n_agents,500,baseline,2
83,41.5,0,0.0,TC1,n_agents,500,baseline,2
84,42.0,0,0.0,TC1,n_agents,500,baseline,2
85,42.5,0,0.0,TC1,n_agents,500,baseline,2
86,43.0,0,0.0,TC1,n_agents,500,baseline,2
87,43.5,0,0.0,TC1,n_agents,500,baseline,2
88,44.0,0,0.0,TC1,n_agents,500,baseline,2
89,44.5,0,0.0,TC1,n_agents,500,baseline,2
90,45.0,0,0.0,TC1,n_agents,500,baseline,2
91,45.5,0,0.0,TC1,n_agents,500,baseline,2
92,46.0,0,0.0,TC1,n_agents,500,baseline,2
93,46.5,0,0.0,TC1,n_agents,500,baseline,2
94,47.0,0,0.0,TC1,n_agents,500,baseline,2
95,47.5,0,0.0,TC1,n_agents,500,baseline,2
96,48.0,0,0.0,TC1,n_agents,500,baseline,2
97,48.5,0,0.0,TC1,n_agents,500,baseline,2
98,49.0,0,0.0,TC1,n_agents,500,baseline,2
99,49.5,0,0.0,TC1,n_agents,500,baseline,2
100,50.0,0,0.0,TC1,n_agents,500,baseline,2
101,50.5,0,0.0,TC1,n_agents,500,baseline,2
102,51.0,0,0.0,TC1,n_agents,500,baseline,2
103,51.5,0,0.0,TC1,n_agents,500,baseline,2
104,52.0,0,0.0,TC1,n_agents,500,baseline,2
105,52.5,0,0.0,TC1,n_agents,500,baseline,2
106,53.0,0,0.0,TC1,n_agents,500,baseline,2
107,53.5,0,0.0,TC1,n_agents,500,baseline,2
108,54.0,0,0.0,TC1,n_agents,500,baseline,2
109,54.5,0,0.0,TC1,n_agents,500,baseline,2
110,55.0,0,0.0,TC1,n_agents,500,baseline,2
111,55.5,0,0.0,TC1,n_agents,500,baseline,2
112,56.0,0,0.0,TC1,n_agents,500,baseline,2
113,56.5,0,0.0,TC1,n_agents,500,baseline,2
114,57.0,0,0.0,TC1,n_agents,500,baseline,2
115,57.5,0,0.0,TC1,n_agents,500,baseline,2
116,58.0,0,0.0,TC1,n_agents,500,baseline,2
117,58.5,0,0.0,TC1,n_agents,500,baseline,2
118,59.0,0,0.0,TC1,n_agents,500,baseline,2
119,59.5,0,0.0,TC1,n_agents,500,baseline,2
120,60.0,0,0.0,TC1,n_agents,500,baseline,2
121,60.5,0,0.0,TC1,n_agents,500,baseline,2
122,61.0,0,0.0,TC1,n_agents,500,baseline,2
123,61.5,0,0.0,TC1,n_agents,500,baseline,2
124,62.0,0,0.0,TC1,n_agents,500,baseline,2
125,62.5,0,0.0,TC1,n_agents,500,baseline,2
126,63.0,0,0.0,TC1,n_agents,500,baseline,2
127,63.5,0,0.0,TC1,n_agents,500,baseline,2
128,64.0,0,0.0,TC1,n_agents,500,baseline,2
129,64.5,0,0.0,TC1,n_agents,500,baseline,2
130,65.0,0,0.0,TC1,n_agents,500,baseline,2
131,65.5,0,0.0,TC1,n_agents,500,baseline,2
132,66.0,0,0.0,TC1,n_agents,500,baseline,2
133,66.5,0,0.0,TC1,n_agents,500,baseline,2
134,67.0,0,0.0,TC1,n_agents,500,baseline,2
135,67.5,0,0.0,TC1,n_agents,500,baseline,2
136,68.0,0,0.0,TC1,n_agents,500,baseline,2
137,68.5,0,0.0,TC1,n_agents,500,baseline,2
138,69.0,0,0.0,TC1,n_agents,500,baseline,2
139,69.5,0,0.0,TC1,n_agents,500,baseline,2
140,70.0,0,0.0,TC1,n_agents,500,baseline,2
141,70.5,0,0.0,TC1,n_agents,500,baseline,2
142,71.0,0,0.0,TC1,n_agents,500,baseline,2
143,71.5,0,0.0,TC1,n_agents,500,baseline,2
144,72.0,0,0.0,TC1,n_agents,500,baseline,2
145,72.5,0,0.0,TC1,n_agents,500,baseline,2
146,73.0,0,0.0,TC1,n_agents,500,baseline,2
147,73.5,0,0.0,TC1,n_agents,500,baseline,2
148,74.0,0,0.0,TC1,n_agents,500,baseline,2
149,74.5,0,0.0,TC1,n_agents,500,baseline,2
150,75.0,0,0.0,TC1,n_agents,500,baseline,2
151,75.5,0,0.0,TC1,n_agents,500,baseline,2
152,76.0,0,0.0,TC1,n_agents,500,baseline,2
153,76.5,0,0.0,TC1,n_agents,500,baseline,2
154,77.0,0,0.0,TC1,n_agents,500,baseline,2
155,77.5,0,0.0,TC1,n_agents,500,baseline,2
156,78.0,0,0.0,TC1,n_agents,500,baseline,2
157,78.5,0,0.0,TC1,n_agents,500,baseline,2
158,79.0,0,0.0,TC1,n_agents,500,baseline,2
159,79.5,0,0.0,TC1,n_agents,500,baseline,2
160,80.0,0,0.0,TC1,n_agents,500,baseline,2
161,80.5,0,0.0,TC1,n_agents,500,baseline,2
162,81.0,0,0.0,TC1,n_agents,500,baseline,2
163,81.5,0,0.0,TC1,n_agents,500,baseline,2
164,82.0,0,0.0,TC1,n_agents,500,baseline,2
165,82.5,0,0.0,TC1,n_agents,500,baseline,2
166,83.0,0,0.0,TC1,n_agents,500,baseline,2
167,83.5,0,0.0,TC1,n_agents,500,baseline,2
168,84.0,0,0.0,TC1,n_agents,500,baseline,2
169,84.5,0,0.0,TC1,n_agents,500,baseline,2
170,85.0,0,0.0,TC1,n_agents,500,baseline,2
171,85.5,0,0.0,TC1,n_agents,500,baseline,2
172,86.0,0,0.0,TC1,n_agents,500,baseline,2
173,86.5,0,0.0,TC1,n_agents,500,baseline,2
174,87.0,0,0.0,TC1,n_agents,500,baseline,2
175,87.5,0,0.0,TC1,n_agents,500,baseline,2
176,88.0,0,0.0,TC1,n_agents,500,baseline,2
177,88.5,0,0.0,TC1,n_agents,500,baseline,2
178,89.0,0,0.0,TC1,n_agents,500,baseline,2
179,89.5,0,0.0,TC1,n_agents,500,baseline,2
180,90.0,0,0.0,TC1,n_agents,500,baseline,2
181,90.5,0,0.0,TC1,n_agents,500,baseline,2
182,91.0,0,0.0,TC1,n_agents,500,baseline,2
183,91.5,0,0.0,TC1,n_agents,500,baseline,2
184,92.0,0,0.0,TC1,n_agents,500,baseline,2
185,92.5,0,0.0,TC1,n_agents,500,baseline,2
186,93.0,0,0.0,TC1,n_agents,500,baseline,2
187,93.5,0,0.0,TC1,n_agents,500,baseline,2
188,94.0,0,0.0,TC1,n_agents,500,baseline,2
189,94.5,0,0.0,TC1,n_agents,500,baseline,2
190,95.0,0,0.0,TC1,n_agents,500,baseline,2
191,95.5,0,0.0,TC1,n_agents,500,baseline,2
192,96.0,0,0.0,TC1,n_agents,500,baseline,2
193,96.5,0,0.0,TC1,n_agents,500,baseline,2
194,97.0,0,0.0,TC1,n_agents,500,baseline,2
195,97.5,0,0.0,TC1,n_agents,500,baseline,2
196,98.0,0,0.0,TC1,n_agents,500,baseline,2
197,98.5,0,0.0,TC1,n_agents,500,baseline,2
198,99.0,0,0.0,TC1,n_agents,500,baseline,2
199,99.5,0,0.0,TC1,n_agents,500,baseline,2
200,100.0,0,0.0,TC1,n_agents,500,baseline,2
201,100.5,0,0.0,TC1,n_agents,500,baseline,2
202,101.0,0,0.0,TC1,n_agents,500,baseline,2
203,101.5,0,0.0,TC1,n_agents,500,baseline,2
204,102.0,0,0.0,TC1,n_agents,500,baseline,2
205,102.5,0,0.0,TC1,n_agents,500,baseline,2
206,103.0,0,0.0,TC1,n_agents,500,baseline,2
207,103.5,0,0.0,TC1,n_agents,500,baseline,2
208,104.0,0,0.0,TC1,n_agents,500,baseline,2
209,104.5,0,0.0,TC1,n_agents,500,baseline,2
210,105.0,0,0.0,TC1,n_agents,500,baseline,2
211,105.5,0,0.0,TC1,n_agents,500,baseline,2
212,106.0,0,0.0,TC1,n_agents,500,baseline,2
213,106.5,0,0.0,TC1,n_agents,500,baseline,2
214,107.0,0,0.0,TC1,n_agents,500,baseline,2
215,107.5,0,0.0,TC1,n_agents,500,baseline,2
216,108.0,0,0.0,TC1,n_agents,500,baseline,2
217,108.5,0,0.0,TC1,n_agents,500,baseline,2
218,109.0,0,0.0,TC1,n_agents,500,baseline,2
219,109.5,0,0.0,TC1,n_agents,500,baseline,2
220,110.0,0,0.0,TC1,n_agents,500,baseline,2
221,110.5,0,0.0,TC1,n_agents,500,baseline,2
222,111.0,0,0.0,TC1,n_agents,500,baseline,2
223,111.5,0,0.0,TC1,n_agents,500,baseline,2
224,112.0,0,0.0,TC1,n_agents,500,baseline,2
225,112.5,0,0.0,TC1,n_agents,500,baseline,2
226,113.0,0,0.0,TC1,n_agents,500,baseline,2
227,113.5,0,0.0,TC1,n_agents,500,baseline,2
228,114.0,0,0.0,TC1,n_agents,500,baseline,2
229,114.5,0,0.0,TC1,n_agents,500,baseline,2
230,115.0,0,0.0,TC1,n_agents,500,baseline,2
231,115.5,0,0.0,TC1,n_agents,500,baseline,2
232,116.0,0,0.0,TC1,n_agents,500,baseline,2
233,116.5,0,0.0,TC1,n_agents,500,baseline,2
234,117.0,0,0.0,TC1,n_agents,500,baseline,2
235,117.5,0,0.0,TC1,n_agents,500,baseline,2
236,118.0,0,0.0,TC1,n_agents,500,baseline,2
237,118.5,0,0.0,TC1,n_agents,500,baseline,2
238,119.0,0,0.0,TC1,n_agents,500,baseline,2
239,119.5,0,0.0,TC1,n_agents,500,baseline,2
240,120.0,0,0.0,TC1,n_agents,500,baseline,2
241,120.5,0,0.0,TC1,n_agents,500,baseline,2
242,121.0,0,0.0,TC1,n_agents,500,baseline,2
243,121.5,0,0.0,TC1,n_agents,500,baseline,2
244,122.0,0,0.0,TC1,n_agents,500,baseline,2
245,122.5,0,0.0,TC1,n_agents,500,baseline,2
246,123.0,0,0.0,TC1,n_agents,500,baseline,2
247,123.5,0,0.0,TC1,n_agents,500,baseline,2
248,124.0,0,0.0,TC1,n_agents,500,baseline,2
249,124.5,0,0.0,TC1,n_agents,500,baseline,2
250,125.0,0,0.0,TC1,n_agents,500,baseline,2
251,125.5,0,0.0,TC1,n_agents,500,baseline,2
252,126.0,0,0.0,TC1,n_agents,500,baseline,2
253,126.5,0,0.0,TC1,n_agents,500,baseline,2
254,127.0,0,0.0,TC1,n_agents,500,baseline,2
255,127.5,0,0.0,TC1,n_agents,500,baseline,2
256,128.0,0,0.0,TC1,n_agents,500,baseline,2
257,128.5,0,0.0,TC1,n_agents,500,baseline,2
258,129.0,0,0.0,TC1,n_agents,500,baseline,2
259,129.5,0,0.0,TC1,n_agents,500,baseline,2
260,130.0,0,0.0,TC1,n_agents,500,baseline,2
261,130.5,0,0.0,TC1,n_agents,500,baseline,2
262,131.0,0,0.0,TC1,n_agents,500,baseline,2
263,131.5,0,0.0,TC1,n_agents,500,baseline,2
264,132.0,0,0.0,TC1,n_agents,500,baseline,2
265,132.5,0,0.0,TC1,n_agents,500,baseline,2
266,133.0,0,0.0,TC1,n_agents,500,baseline,2
267,133.5,0,0.0,TC1,n_agents,500,baseline,2
268,134.0,0,0.0,TC1,n_agents,500,baseline,2
269,134.5,0,0.0,TC1,n_agents,500,baseline,2
270,135.0,0,0.0,TC1,n_agents,500,baseline,2
271,135.5,0,0.0,TC1,n_agents,500,baseline,2
272,136.0,0,0.0,TC1,n_agents,500,baseline,2
273,136.5,0,0.0,TC1,n_agents,500,baseline,2
274,137.0,0,0.0,TC1,n_agents,500,baseline,2
275,137.5,0,0.0,TC1,n_agents,500,baseline,2
276,138.0,0,0.0,TC1,n_agents,500,baseline,2
277,138.5,0,0.0,TC1,n_agents,500,baseline,2
278,139.0,0,0.0,TC1,n_agents,500,baseline,2
279,139.5,0,0.0,TC1,n_agents,500,baseline,2
280,140.0,0,0.0,TC1,n_agents,500,baseline,2
281,140.5,0,0.0,TC1,n_agents,500,baseline,2
282,141.0,0,0.0,TC1,n_agents,500,baseline,2
283,141.5,0,0.0,TC1,n_agents,500,baseline,2
284,142.0,0,0.0,TC1,n_agents,500,baseline,2
285,142.5,0,0.0,TC1,n_agents,500,baseline,2
286,143.0,0,0.0,TC1,n_agents,500,baseline,2
287,143.5,0,0.0,TC1,n_agents,500,baseline,2
288,144.0,0,0.0,TC1,n_agents,500,baseline,2
289,144.5,0,0.0,TC1,n_agents,500,baseline,2
290,145.0,0,0.0,TC1,n_agents,500,baseline,2
291,145.5,0,0.0,TC1,n_agents,500,baseline,2
292,146.0,0,0.0,TC1,n_agents,500,baseline,2
293,146.5,0,0.0,TC1,n_agents,500,baseline,2
294,147.0,0,0.0,TC1,n_agents,500,baseline,2
295,147.5,0,0.0,TC1,n_agents,500,baseline,2
296,148.0,0,0.0,TC1,n_agents,500,baseline,2
297,148.5,0,0.0,TC1,n_agents,500,baseline,2
298,149.0,0,0.0,TC1,n_agents,500,baseline,2
299,149.5,0,0.0,TC1,n_agents,500,baseline,2
300,150.0,0,0.0,TC1,n_agents,500,baseline,2
301,150.5,0,0.0,TC1,n_agents,500,baseline,2
302,151.0,0,0.0,TC1,n_agents,500,baseline,2
303,151.5,0,0.0,TC1,n_agents,500,baseline,2
304,152.0,0,0.0,TC1,n_agents,500,baseline,2
305,152.5,0,0.0,TC1,n_agents,500,baseline,2
306,153.0,0,0.0,TC1,n_agents,500,baseline,2
307,153.5,0,0.0,TC1,n_agents,500,baseline,2
308,154.0,0,0.0,TC1,n_agents,500,baseline,2
309,154.5,0,0.0,TC1,n_agents,500,baseline,2
310,155.0,0,0.0,TC1,n_agents,500,baseline,2
311,155.5,0,0.0,TC1,n_agents,500,baseline,2
312,156.0,0,0.0,TC1,n_agents,500,baseline,2
313,156.5,0,0.0,TC1,n_agents,500,baseline,2
314,157.0,0,0.0,TC1,n_agents,500,baseline,2
315,157.5,0,0.0,TC1,n_agents,500,baseline,2
316,158.0,0,0.0,TC1,n_agents,500,baseline,2
317,158.5,0,0.0,TC1,n_agents,500,baseline,2
318,159.0,0,0.0,TC1,n_agents,500,baseline,2
319,159.5,0,0.0,TC1,n_agents,500,baseline,2
320,160.0,0,0.0,TC1,n_agents,500,baseline,2
321,160.5,0,0.0,TC1,n_agents,500,baseline,2
322,161.0,0,0.0,TC1,n_agents,500,baseline,2
323,161.5,0,0.0,TC1,n_agents,500,baseline,2
324,162.0,0,0.0,TC1,n_agents,500,baseline,2
325,162.5,0,0.0,TC1,n_agents,500,baseline,2
326,163.0,0,0.0,TC1,n_agents,500,baseline,2
327,163.5,0,0.0,TC1,n_agents,500,baseline,2
328,164.0,0,0.0,TC1,n_agents,500,baseline,2
329,164.5,0,0.0,TC1,n_agents,500,baseline,2
330,165.0,0,0.0,TC1,n_agents,500,baseline,2
331,165.5,0,0.0,TC1,n_agents,500,baseline,2
332,166.0,0,0.0,TC1,n_agents,500,baseline,2
333,166.5,0,0.0,TC1,n_agents,500,baseline,2
334,167.0,0,0.0,TC1,n_agents,500,baseline,2
335,167.5,0,0.0,TC1,n_agents,500,baseline,2
336,168.0,0,0.0,TC1,n_agents,500,baseline,2
337,168.5,0,0.0,TC1,n_agents,500,baseline,2
338,169.0,0,0.0,TC1,n_agents,500,baseline,2
339,169.5,0,0.0,TC1,n_agents,500,baseline,2
340,170.0,0,0.0,TC1,n_agents,500,baseline,2
341,170.5,0,0.0,TC1,n_agents,500,baseline,2
342,171.0,0,0.0,TC1,n_agents,500,baseline,2
343,171.5,0,0.0,TC1,n_agents,500,baseline,2
344,172.0,0,0.0,TC1,n_agents,500,baseline,2
345,172.5,0,0.0,TC1,n_agents,500,baseline,2
346,173.0,0,0.0,TC1,n_agents,500,baseline,2
347,173.5,0,0.0,TC1,n_agents,500,baseline,2
348,174.0,0,0.0,TC1,n_agents,500,baseline,2
349,174.5,0,0.0,TC1,n_agents,500,baseline,2
350,175.0,0,0.0,TC1,n_agents,500,baseline,2
351,175.5,0,0.0,TC1,n_agents,500,baseline,2
352,176.0,0,0.0,TC1,n_agents,500,baseline,2
353,176.5,0,0.0,TC1,n_agents,500,baseline,2
354,177.0,0,0.0,TC1,n_agents,500,baseline,2
355,177.5,0,0.0,TC1,n_agents,500,baseline,2
356,178.0,0,0.0,TC1,n_agents,500,baseline,2
357,178.5,0,0.0,TC1,n_agents,500,baseline,2
358,179.0,0,0.0,TC1,n_agents,500,baseline,2
359,179.5,0,0.0,TC1,n_agents,500,baseline,2
360,180.0,0,0.0,TC1,n_agents,500,baseline,2
361,180.5,0,0.0,TC1,n_agents,500,baseline,2
362,181.0,0,0.0,TC1,n_agents,500,baseline,2
363,181.5,0,0.0,TC1,n_agents,500,baseline,2
364,182.0,0,0.0,TC1,n_agents,500,baseline,2
365,182.5,0,0.0,TC1,n_agents,500,baseline,2
366,183.0,0,0.0,TC1,n_agents,500,baseline,2
367,183.5,0,0.0,TC1,n_agents,500,baseline,2
368,184.0,0,0.0,TC1,n_agents,500,baseline,2
369,184.5,0,0.0,TC1,n_agents,500,baseline,2
370,185.0,0,0.0,TC1,n_agents,500,baseline,2
371,185.5,0,0.0,TC1,n_agents,500,baseline,2
372,186.0,0,0.0,TC1,n_agents,500,baseline,2
373,186.5,0,0.0,TC1,n_agents,500,baseline,2
374,187.0,0,0.0,TC1,n_agents,500,baseline,2
375,187.5,0,0.0,TC1,n_agents,500,baseline,2
376,188.0,0,0.0,TC1,n_agents,500,baseline,2
377,188.5,0,0.0,TC1,n_agents,500,baseline,2
378,189.0,0,0.0,TC1,n_agents,500,baseline,2
379,189.5,0,0.0,TC1,n_agents,500,baseline,2
380,190.0,0,0.0,TC1,n_agents,500,baseline,2
381,190.5,0,0.0,TC1,n_agents,500,baseline,2
382,191.0,0,0.0,TC1,n_agents,500,baseline,2
383,191.5,0,0.0,TC1,n_agents,500,baseline,2
384,192.0,0,0.0,TC1,n_agents,500,baseline,2
385,192.5,0,0.0,TC1,n_agents,500,baseline,2
386,193.0,0,0.0,TC1,n_agents,500,baseline,2
387,193.5,0,0.0,TC1,n_agents,500,baseline,2
388,194.0,0,0.0,TC1,n_agents,500,baseline,2
389,194.5,0,0.0,TC1,n_agents,500,baseline,2
390,195.0,0,0.0,TC1,n_agents,500,baseline,2
391,195.5,0,0.0,TC1,n_agents,500,baseline,2
392,196.0,0,0.0,TC1,n_agents,500,baseline,2
393,196.5,0,0.0,TC1,n_agents,500,baseline,2
394,197.0,0,0.0,TC1,n_agents,500,baseline,2
395,197.5,0,0.0,TC1,n_agents,500,baseline,2
396,198.0,0,0.0,TC1,n_agents,500,baseline,2
397,198.5,0,0.0,TC1,n_agents,500,baseline,2
398,199.0,0,0.0,TC1,n_agents,500,baseline,2
399,199.5,0,0.0,TC1,n_agents,500,baseline,2
400,200.0,0,0.0,TC1,n_agents,500,baseline,2
401,200.5,0,0.0,TC1,n_agents,500,baseline,2
402,201.0,0,0.0,TC1,n_agents,500,baseline,2
403,201.5,0,0.0,TC1,n_agents,500,baseline,2
404,202.0,0,0.0,TC1,n_agents,500,baseline,2
405,202.5,0,0.0,TC1,n_agents,500,baseline,2
406,203.0,0,0.0,TC1,n_agents,500,baseline,2
407,203.5,0,0.0,TC1,n_agents,500,baseline,2
408,204.0,0,0.0,TC1,n_agents,500,baseline,2
409,204.5,0,0.0,TC1,n_agents,500,baseline,2
410,205.0,0,0.0,TC1,n_agents,500,baseline,2
411,205.5,0,0.0,TC1,n_agents,500,baseline,2
412,206.0,0,0.0,TC1,n_agents,500,baseline,2
413,206.5,0,0.0,TC1,n_agents,500,baseline,2
414,207.0,0,0.0,TC1,n_agents,500,baseline,2
415,207.5,0,0.0,TC1,n_agents,500,baseline,2
416,208.0,0,0.0,TC1,n_agents,500,baseline,2
417,208.5,0,0.0,TC1,n_agents,500,baseline,2
418,209.0,0,0.0,TC1,n_agents,500,baseline,2
419,209.5,0,0.0,TC1,n_agents,500,baseline,2
420,210.0,0,0.0,TC1,n_agents,500,baseline,2
421,210.5,0,0.0,TC1,n_agents,500,baseline,2
422,211.0,0,0.0,TC1,n_agents,500,baseline,2
423,211.5,0,0.0,TC1,n_agents,500,baseline,2
424,212.0,0,0.0,TC1,n_agents,500,baseline,2
425,212.5,0,0.0,TC1,n_agents,500,baseline,2
426,213.0,0,0.0,TC1,n_agents,500,baseline,2
427,213.5,0,0.0,TC1,n_agents,500,baseline,2
428,214.0,0,0.0,TC1,n_agents,500,baseline,2
429,214.5,0,0.0,TC1,n_agents,500,baseline,2
430,215.0,0,0.0,TC1,n_agents,500,baseline,2
431,215.5,0,0.0,TC1,n_agents,500,baseline,2
432,216.0,0,0.0,TC1,n_agents,500,baseline,2
433,216.5,0,0.0,TC1,n_agents,500,baseline,2
434,217.0,0,0.0,TC1,n_agents,500,baseline,2
435,217.5,0,0.0,TC1,n_agents,500,baseline,2
436,218.0,0,0.0,TC1,n_agents,500,baseline,2
437,218.5,0,0.0,TC1,n_agents,500,baseline,2
438,219.0,0,0.0,TC1,n_agents,500,baseline,2
439,219.5,0,0.0,TC1,n_agents,500,baseline,2
440,220.0,0,0.0,TC1,n_agents,500,baseline,2
441,220.5,0,0.0,TC1,n_agents,500,baseline,2
442,221.0,0,0.0,TC1,n_agents,500,baseline,2
443,221.5,0,0.0,TC1,n_agents,500,baseline,2
444,222.0,0,0.0,TC1,n_agents,500,baseline,2
445,222.5,0,0.0,TC1,n_agents,500,baseline,2
446,223.0,0,0.0,TC1,n_agents,500,baseline,2
447,223.5,0,0.0,TC1,n_agents,500,baseline,2
448,224.0,0,0.0,TC1,n_agents,500,baseline,2
449,224.5,0,0.0,TC1,n_agents,500,baseline,2
450,225.0,0,0.0,TC1,n_agents,500,baseline,2
451,225.5,0,0.0,TC1,n_agents,500,baseline,2
452,226.0,0,0.0,TC1,n_agents,500,baseline,2
453,226.5,0,0.0,TC1,n_agents,500,baseline,2
454,227.0,0,0.0,TC1,n_agents,500,baseline,2
455,227.5,0,0.0,TC1,n_agents,500,baseline,2
456,228.0,0,0.0,TC1,n_agents,500,baseline,2
457,228.5,0,0.0,TC1,n_agents,500,baseline,2
458,229.0,0,0.0,TC1,n_agents,500,baseline,2
459,229.5,0,0.0,TC1,n_agents,500,baseline,2
460,230.0,0,0.0,TC1,n_agents,500,baseline,2
461,230.5,0,0.0,TC1,n_agents,500,baseline,2
462,231.0,0,0.0,TC1,n_agents,500,baseline,2
463,231.5,0,0.0,TC1,n_agents,500,baseline,2
464,232.0,0,0.0,TC1,n_agents,500,baseline,2
465,232.5,0,0.0,TC1,n_agents,500,baseline,2
466,233.0,0,0.0,TC1,n_agents,500,baseline,2
467,233.5,0,0.0,TC1,n_agents,500,baseline,2
468,234.0,0,0.0,TC1,n_agents,500,baseline,2
469,234.5,0,0.0,TC1,n_agents,500,baseline,2
470,235.0,0,0.0,TC1,n_agents,500,baseline,2
471,235.5,0,0.0,TC1,n_agents,500,baseline,2
472,236.0,0,0.0,TC1,n_agents,500,baseline,2
473,236.5,0,0.0,TC1,n_agents,500,baseline,2
474,237.0,0,0.0,TC1,n_agents,500,baseline,2
475,237.5,0,0.0,TC1,n_agents,500,baseline,2
476,238.0,0,0.0,TC1,n_agents,500,baseline,2
477,238.5,0,0.0,TC1,n_agents,500,baseline,2
478,239.0,0,0.0,TC1,n_agents,500,baseline,2
479,239.5,0,0.0,TC1,n_agents,500,baseline,2
480,240.0,0,0.0,TC1,n_agents,500,baseline,2
481,240.5,0,0.0,TC1,n_agents,500,baseline,2
482,241.0,0,0.0,TC1,n_agents,500,baseline,2
483,241.5,0,0.0,TC1,n_agents,500,baseline,2
484,242.0,0,0.0,TC1,n_agents,500,baseline,2
485,242.5,0,0.0,TC1,n_agents,500,baseline,2
486,243.0,0,0.0,TC1,n_agents,500,baseline,2
487,243.5,0,0.0,TC1,n_agents,500,baseline,2
488,244.0,0,0.0,TC1,n_agents,500,baseline,2
489,244.5,0,0.0,TC1,n_agents,500,baseline,2
490,245.0,0,0.0,TC1,n_agents,500,baseline,2
491,245.5,0,0.0,TC1,n_agents,500,baseline,2
492,246.0,0,0.0,TC1,n_agents,500,baseline,2
493,246.5,0,0.0,TC1,n_agents,500,baseline,2
494,247.0,0,0.0,TC1,n_agents,500,baseline,2
495,247.5,0,0.0,TC1,n_agents,500,baseline,2
496,248.0,0,0.0,TC1,n_agents,500,baseline,2
497,248.5,0,0.0,TC1,n_agents,500,baseline,2
498,249.0,0,0.0,TC1,n_agents,500,baseline,2
499,249.5,0,0.0,TC1,n_agents,500,baseline,2
500,250.0,0,0.0,TC1,n_agents,500,baseline,2
501,250.5,0,0.0,TC1,n_agents,500,baseline,2
502,251.0,0,0.0,TC1,n_agents,500,baseline,2
503,251.5,0,0.0,TC1,n_agents,500,baseline,2
504,252.0,0,0.0,TC1,n_agents,500,baseline,2
505,252.5,0,0.0,TC1,n_agents,500,baseline,2
506,253.0,0,0.0,TC1,n_agents,500,baseline,2
507,253.5,0,0.0,TC1,n_agents,500,baseline,2
508,254.0,0,0.0,TC1,n_agents,500,baseline,2
509,254.5,0,0.0,TC1,n_agents,500,baseline,2
510,255.0,0,0.0,TC1,n_agents,500,baseline,2
511,255.5,0,0.0,TC1,n_agents,500,baseline,2
512,256.0,0,0.0,TC1,n_agents,500,baseline,2
513,256.5,0,0.0,TC1,n_agents,500,baseline,2
514,257.0,0,0.0,TC1,n_agents,500,baseline,2
515,257.5,0,0.0,TC1,n_agents,500,baseline,2
516,258.0,0,0.0,TC1,n_agents,500,baseline,2
517,258.5,0,0.0,TC1,n_agents,500,baseline,2
518,259.0,0,0.0,TC1,n_agents,500,baseline,2
519,259.5,0,0.0,TC1,n_agents,500,baseline,2
520,260.0,0,0.0,TC1,n_agents,500,baseline,2
521,260.5,0,0.0,TC1,n_agents,500,baseline,2
522,261.0,0,0.0,TC1,n_agents,500,baseline,2
523,261.5,0,0.0,TC1,n_agents,500,baseline,2
524,262.0,0,0.0,TC1,n_agents,500,baseline,2
525,262.5,0,0.0,TC1,n_agents,500,baseline,2
526,263.0,0,0.0,TC1,n_agents,500,baseline,2
527,263.5,0,0.0,TC1,n_agents,500,baseline,2
528,264.0,0,0.0,TC1,n_agents,500,baseline,2
529,264.5,0,0.0,TC1,n_agents,500,baseline,2
530,265.0,0,0.0,TC1,n_agents,500,baseline,2
531,265.5,0,0.0,TC1,n_agents,500,baseline,2
532,266.0,0,0.0,TC1,n_agents,500,baseline,2
533,266.5,0,0.0,TC1,n_agents,500,baseline,2
534,267.0,0,0.0,TC1,n_agents,500,baseline,2
535,267.5,0,0.0,TC1,n_agents,500,baseline,2
536,268.0,0,0.0,TC1,n_agents,500,baseline,2
537,268.5,0,0.0,TC1,n_agents,500,baseline,2
538,269.0,0,0.0,TC1,n_agents,500,baseline,2
539,269.5,0,0.0,TC1,n_agents,500,baseline,2
540,270.0,0,0.0,TC1,n_agents,500,baseline,2
541,270.5,0,0.0,TC1,n_agents,500,baseline,2
542,271.0,0,0.0,TC1,n_agents,500,baseline,2
543,271.5,0,0.0,TC1,n_agents,500,baseline,2
544,272.0,0,0.0,TC1,n_agents,500,baseline,2
545,272.5,0,0.0,TC1,n_agents,500,baseline,2
546,273.0,0,0.0,TC1,n_agents,500,baseline,2
547,273.5,0,0.0,TC1,n_agents,500,baseline,2
548,274.0,0,0.0,TC1,n_agents,500,baseline,2
549,274.5,0,0.0,TC1,n_agents,500,baseline,2
550,275.0,0,0.0,TC1,n_agents,500,baseline,2
551,275.5,0,0.0,TC1,n_agents,500,baseline,2
552,276.0,0,0.0,TC1,n_agents,500,baseline,2
553,276.5,0,0.0,TC1,n_agents,500,baseline,2
554,277.0,0,0.0,TC1,n_agents,500,baseline,2
555,277.5,0,0.0,TC1,n_agents,500,baseline,2
556,278.0,0,0.0,TC1,n_agents,500,baseline,2
557,278.5,0,0.0,TC1,n_agents,500,baseline,2
558,279.0,0,0.0,TC1,n_agents,500,baseline,2
559,279.5,0,0.0,TC1,n_agents,500,baseline,2
560,280.0,0,0.0,TC1,n_agents,500,baseline,2
561,280.5,0,0.0,TC1,n_agents,500,baseline,2
562,281.0,0,0.0,TC1,n_agents,500,baseline,2
563,281.5,0,0.0,TC1,n_agents,500,baseline,2
564,282.0,0,0.0,TC1,n_agents,500,baseline,2
565,282.5,0,0.0,TC1,n_agents,500,baseline,2
566,283.0,0,0.0,TC1,n_agents,500,baseline,2
567,283.5,0,0.0,TC1,n_agents,500,baseline,2
568,284.0,0,0.0,TC1,n_agents,500,baseline,2
569,284.5,0,0.0,TC1,n_agents,500,baseline,2
570,285.0,0,0.0,TC1,n_agents,500,baseline,2
571,285.5,0,0.0,TC1,n_agents,500,baseline,2
572,286.0,0,0.0,TC1,n_agents,500,baseline,2
573,286.5,0,0.0,TC1,n_agents,500,baseline,2
574,287.0,0,0.0,TC1,n_agents,500,baseline,2
575,287.5,0,0.0,TC1,n_agents,500,baseline,2
576,288.0,0,0.0,TC1,n_agents,500,baseline,2
577,288.5,0,0.0,TC1,n_agents,500,baseline,2
578,289.0,0,0.0,TC1,n_agents,500,baseline,2
579,289.5,0,0.0,TC1,n_agents,500,baseline,2
580,290.0,0,0.0,TC1,n_agents,500,baseline,2
581,290.5,0,0.0,TC1,n_agents,500,baseline,2
582,291.0,0,0.0,TC1,n_agents,500,baseline,2
583,291.5,0,0.0,TC1,n_agents,500,baseline,2
584,292.0,0,0.0,TC1,n_agents,500,baseline,2
585,292.5,0,0.0,TC1,n_agents,500,baseline,2
586,293.0,0,0.0,TC1,n_agents,500,baseline,2
587,293.5,0,0.0,TC1,n_agents,500,baseline,2
588,294.0,0,0.0,TC1,n_agents,500,baseline,2
589,294.5,0,0.0,TC1,n_agents,500,baseline,2
590,295.0,0,0.0,TC1,n_agents,500,baseline,2
591,295.5,0,0.0,TC1,n_agents,500,baseline,2
592,296.0,0,0.0,TC1,n_agents,500,baseline,2
593,296.5,0,0.0,TC1,n_agents,500,baseline,2
594,297.0,0,0.0,TC1,n_agents,500,baseline,2
595,297.5,0,0.0,TC1,n_agents,500,baseline,2
596,298.0,0,0.0,TC1,n_agents,500,baseline,2
597,298.5,0,0.0,TC1,n_agents,500,baseline,2
598,299.0,0,0.0,TC1,n_agents,500,baseline,2
599,299.5,0,0.0,TC1,n_agents,500,baseline,2
600,300.0,0,0.0,TC1,n_agents,500,baseline,2
601,300.5,0,0.0,TC1,n_agents,500,baseline,2
602,301.0,0,0.0,TC1,n_agents,500,baseline,2
603,301.5,0,0.0,TC1,n_agents,500,baseline,2
604,302.0,0,0.0,TC1,n_agents,500,baseline,2
605,302.5,0,0.0,TC1,n_agents,500,baseline,2
606,303.0,0,0.0,TC1,n_agents,500,baseline,2
607,303.5,0,0.0,TC1,n_agents,500,baseline,2
608,304.0,0,0.0,TC1,n_agents,500,baseline,2
609,304.5,0,0.0,TC1,n_agents,500,baseline,2
610,305.0,0,0.0,TC1,n_agents,500,baseline,2
611,305.5,0,0.0,TC1,n_agents,500,baseline,2
612,306.0,0,0.0,TC1,n_agents,500,baseline,2
613,306.5,0,0.0,TC1,n_agents,500,baseline,2
614,307.0,0,0.0,TC1,n_agents,500,baseline,2
615,307.5,0,0.0,TC1,n_agents,500,baseline,2
616,308.0,0,0.0,TC1,n_agents,500,baseline,2
617,308.5,0,0.0,TC1,n_agents,500,baseline,2
618,309.0,0,0.0,TC1,n_agents,500,baseline,2
619,309.5,0,0.0,TC1,n_agents,500,baseline,2
620,310.0,0,0.0,TC1,n_agents,500,baseline,2
621,310.5,0,0.0,TC1,n_agents,500,baseline,2
622,311.0,0,0.0,TC1,n_agents,500,baseline,2
623,311.5,0,0.0,TC1,n_agents,500,baseline,2
624,312.0,0,0.0,TC1,n_agents,500,baseline,2
625,312.5,0,0.0,TC1,n_agents,500,baseline,2
626,313.0,0,0.0,TC1,n_agents,500,baseline,2
627,313.5,0,0.0,TC1,n_agents,500,baseline,2
628,314.0,0,0.0,TC1,n_agents,500,baseline,2
629,314.5,0,0.0,TC1,n_agents,500,baseline,2
630,315.0,0,0.0,TC1,n_agents,500,baseline,2
631,315.5,0,0.0,TC1,n_agents,500,baseline,2
632,316.0,0,0.0,TC1,n_agents,500,baseline,2
633,316.5,0,0.0,TC1,n_agents,500,baseline,2
634,317.0,0,0.0,TC1,n_agents,500,baseline,2
635,317.5,0,0.0,TC1,n_agents,500,baseline,2
636,318.0,0,0.0,TC1,n_agents,500,baseline,2
637,318.5,0,0.0,TC1,n_agents,500,baseline,2
638,319.0,0,0.0,TC1,n_agents,500,baseline,2
639,319.5,0,0.0,TC1,n_agents,500,baseline,2
640,320.0,0,0.0,TC1,n_agents,500,baseline,2
641,320.5,0,0.0,TC1,n_agents,500,baseline,2
642,321.0,0,0.0,TC1,n_agents,500,baseline,2
643,321.5,0,0.0,TC1,n_agents,500,baseline,2
644,322.0,0,0.0,TC1,n_agents,500,baseline,2
645,322.5,0,0.0,TC1,n_agents,500,baseline,2
646,323.0,0,0.0,TC1,n_agents,500,baseline,2
647,323.5,0,0.0,TC1,n_agents,500,baseline,2
648,324.0,0,0.0,TC1,n_agents,500,baseline,2
649,324.5,0,0.0,TC1,n_agents,500,baseline,2
650,325.0,0,0.0,TC1,n_agents,500,baseline,2
651,325.5,0,0.0,TC1,n_agents,500,baseline,2
652,326.0,0,0.0,TC1,n_agents,500,baseline,2
653,326.5,0,0.0,TC1,n_agents,500,baseline,2
654,327.0,0,0.0,TC1,n_agents,500,baseline,2
655,327.5,0,0.0,TC1,n_agents,500,baseline,2
656,328.0,0,0.0,TC1,n_agents,500,baseline,2
657,328.5,0,0.0,TC1,n_agents,500,baseline,2
658,329.0,0,0.0,TC1,n_agents,500,baseline,2
659,329.5,0,0.0,TC1,n_agents,500,baseline,2
660,330.0,0,0.0,TC1,n_agents,500,baseline,2
661,330.5,0,0.0,TC1,n_agents,500,baseline,2
662,331.0,0,0.0,TC1,n_agents,500,baseline,2
663,331.5,0,0.0,TC1,n_agents,500,baseline,2
664,332.0,0,0.0,TC1,n_agents,500,baseline,2
665,332.5,0,0.0,TC1,n_agents,500,baseline,2
666,333.0,0,0.0,TC1,n_agents,500,baseline,2
667,333.5,0,0.0,TC1,n_agents,500,baseline,2
668,334.0,0,0.0,TC1,n_agents,500,baseline,2
669,334.5,0,0.0,TC1,n_agents,500,baseline,2
670,335.0,0,0.0,TC1,n_agents,500,baseline,2
671,335.5,0,0.0,TC1,n_agents,500,baseline,2
672,336.0,0,0.0,TC1,n_agents,500,baseline,2
673,336.5,0,0.0,TC1,n_agents,500,baseline,2
674,337.0,0,0.0,TC1,n_agents,500,baseline,2
675,337.5,0,0.0,TC1,n_agents,500,baseline,2
676,338.0,0,0.0,TC1,n_agents,500,baseline,2
677,338.5,0,0.0,TC1,n_agents,500,baseline,2
678,339.0,0,0.0,TC1,n_agents,500,baseline,2
679,339.5,0,0.0,TC1,n_agents,500,baseline,2
680,340.0,0,0.0,TC1,n_agents,500,baseline,2
681,340.5,0,0.0,TC1,n_agents,500,baseline,2
682,341.0,0,0.0,TC1,n_agents,500,baseline,2
683,341.5,0,0.0,TC1,n_agents,500,baseline,2
684,342.0,0,0.0,TC1,n_agents,500,baseline,2
685,342.5,0,0.0,TC1,n_agents,500,baseline,2
686,343.0,0,0.0,TC1,n_agents,500,baseline,2
687,343.5,0,0.0,TC1,n_agents,500,baseline,2
688,344.0,0,0.0,TC1,n_agents,500,baseline,2
689,344.5,0,0.0,TC1,n_agents,500,baseline,2
690,345.0,0,0.0,TC1,n_agents,500,baseline,2
691,345.5,0,0.0,TC1,n_agents,500,baseline,2
692,346.0,0,0.0,TC1,n_agents,500,baseline,2
693,346.5,0,0.0,TC1,n_agents,500,baseline,2
694,347.0,0,0.0,TC1,n_agents,500,baseline,2
695,347.5,0,0.0,TC1,n_agents,500,baseline,2
696,348.0,0,0.0,TC1,n_agents,500,baseline,2
697,348.5,0,0.0,TC1,n_agents,500,baseline,2
698,349.0,0,0.0,TC1,n_agents,500,baseline,2
699,349.5,0,0.0,TC1,n_agents,500,baseline,2
700,350.0,0,0.0,TC1,n_agents,500,baseline,2
701,350.5,0,0.0,TC1,n_agents,500,baseline,2
702,351.0,0,0.0,TC1,n_agents,500,baseline,2
703,351.5,0,0.0,TC1,n_agents,500,baseline,2
704,352.0,0,0.0,TC1,n_agents,500,baseline,2
705,352.5,0,0.0,TC1,n_agents,500,baseline,2
706,353.0,0,0.0,TC1,n_agents,500,baseline,2
707,353.5,0,0.0,TC1,n_agents,500,baseline,2
708,354.0,0,0.0,TC1,n_agents,500,baseline,2
709,354.5,0,0.0,TC1,n_agents,500,baseline,2
710,355.0,0,0.0,TC1,n_agents,500,baseline,2
711,355.5,0,0.0,TC1,n_agents,500,baseline,2
712,356.0,0,0.0,TC1,n_agents,500,baseline,2
713,356.5,0,0.0,TC1,n_agents,500,baseline,2
714,357.0,0,0.0,TC1,n_agents,500,baseline,2
715,357.5,0,0.0,TC1,n_agents,500,baseline,2
716,358.0,0,0.0,TC1,n_agents,500,baseline,2
717,358.5,0,0.0,TC1,n_agents,500,baseline,2
718,359.0,0,0.0,TC1,n_agents,500,baseline,2
719,359.5,0,0.0,TC1,n_agents,500,baseline,2
720,360.0,0,0.0,TC1,n_agents,500,baseline,2
721,360.5,0,0.0,TC1,n_agents,500,baseline,2
722,361.0,0,0.0,TC1,n_agents,500,baseline,2
723,361.5,0,0.0,TC1,n_agents,500,baseline,2
724,362.0,0,0.0,TC1,n_agents,500,baseline,2
725,362.5,0,0.0,TC1,n_agents,500,baseline,2
726,363.0,0,0.0,TC1,n_agents,500,baseline,2
727,363.5,0,0.0,TC1,n_agents,500,baseline,2
728,364.0,0,0.0,TC1,n_agents,500,baseline,2
729,364.5,0,0.0,TC1,n_agents,500,baseline,2
730,365.0,0,0.0,TC1,n_agents,500,baseline,2
731,365.5,0,0.0,TC1,n_agents,500,baseline,2
732,366.0,0,0.0,TC1,n_agents,500,baseline,2
733,366.5,0,0.0,TC1,n_agents,500,baseline,2
734,367.0,0,0.0,TC1,n_agents,500,baseline,2
735,367.5,0,0.0,TC1,n_agents,500,baseline,2
736,368.0,0,0.0,TC1,n_agents,500,baseline,2
737,368.5,0,0.0,TC1,n_agents,500,baseline,2
738,369.0,0,0.0,TC1,n_agents,500,baseline,2
739,369.5,0,0.0,TC1,n_agents,500,baseline,2
740,370.0,0,0.0,TC1,n_agents,500,baseline,2
741,370.5,0,0.0,TC1,n_agents,500,baseline,2
742,371.0,0,0.0,TC1,n_agents,500,baseline,2
743,371.5,0,0.0,TC1,n_agents,500,baseline,2
744,372.0,0,0.0,TC1,n_agents,500,baseline,2
745,372.5,0,0.0,TC1,n_agents,500,baseline,2
746,373.0,0,0.0,TC1,n_agents,500,baseline,2
747,373.5,0,0.0,TC1,n_agents,500,baseline,2
748,374.0,0,0.0,TC1,n_agents,500,baseline,2
749,374.5,0,0.0,TC1,n_agents,500,baseline,2
750,375.0,0,0.0,TC1,n_agents,500,baseline,2
751,375.5,0,0.0,TC1,n_agents,500,baseline,2
752,376.0,0,0.0,TC1,n_agents,500,baseline,2
753,376.5,0,0.0,TC1,n_agents,500,baseline,2
754,377.0,0,0.0,TC1,n_agents,500,baseline,2
755,377.5,0,0.0,TC1,n_agents,500,baseline,2
756,378.0,0,0.0,TC1,n_agents,500,baseline,2
757,378.5,0,0.0,TC1,n_agents,500,baseline,2
758,379.0,0,0.0,TC1,n_agents,500,baseline,2
759,379.5,0,0.0,TC1,n_agents,500,baseline,2
760,380.0,0,0.0,TC1,n_agents,500,baseline,2
761,380.5,0,0.0,TC1,n_agents,500,baseline,2
762,381.0,0,0.0,TC1,n_agents,500,baseline,2
763,381.5,0,0.0,TC1,n_agents,500,baseline,2
764,382.0,0,0.0,TC1,n_agents,500,baseline,2
765,382.5,0,0.0,TC1,n_agents,500,baseline,2
766,383.0,0,0.0,TC1,n_agents,500,baseline,2
767,383.5,0,0.0,TC1,n_agents,500,baseline,2
768,384.0,0,0.0,TC1,n_agents,500,baseline,2
769,384.5,0,0.0,TC1,n_agents,500,baseline,2
770,385.0,0,0.0,TC1,n_agents,500,baseline,2
771,385.5,0,0.0,TC1,n_agents,500,baseline,2
772,386.0,0,0.0,TC1,n_agents,500,baseline,2
773,386.5,0,0.0,TC1,n_agents,500,baseline,2
774,387.0,0,0.0,TC1,n_agents,500,baseline,2
775,387.5,0,0.0,TC1,n_agents,500,baseline,2
776,388.0,0,0.0,TC1,n_agents,500,baseline,2
777,388.5,0,0.0,TC1,n_agents,500,baseline,2
778,389.0,0,0.0,TC1,n_agents,500,baseline,2
779,389.5,0,0.0,TC1,n_agents,500,baseline,2
780,390.0,0,0.0,TC1,n_agents,500,baseline,2
781,390.5,0,0.0,TC1,n_agents,500,baseline,2
782,391.0,0,0.0,TC1,n_agents,500,baseline,2
783,391.5,0,0.0,TC1,n_agents,500,baseline,2
784,392.0,0,0.0,TC1,n_agents,500,baseline,2
785,392.5,0,0.0,TC1,n_agents,500,baseline,2
786,393.0,0,0.0,TC1,n_agents,500,baseline,2
787,393.5,0,0.0,TC1,n_agents,500,baseline,2
788,394.0,0,0.0,TC1,n_agents,500,baseline,2
789,394.5,0,0.0,TC1,n_agents,500,baseline,2
790,395.0,0,0.0,TC1,n_agents,500,baseline,2
791,395.5,0,0.0,TC1,n_agents,500,baseline,2
792,396.0,0,0.0,TC1,n_agents,500,baseline,2
793,396.5,0,0.0,TC1,n_agents,500,baseline,2
794,397.0,0,0.0,TC1,n_agents,500,baseline,2
795,397.5,0,0.0,TC1,n_agents,500,baseline,2
796,398.0,0,0.0,TC1,n_agents,500,baseline,2
797,398.5,0,0.0,TC1,n_agents,500,baseline,2
798,399.0,0,0.0,TC1,n_agents,500,baseline,2
799,399.5,0,0.0,TC1,n_agents,500,baseline,2
800,400.0,0,0.0,TC1,n_agents,500,baseline,2
0,0.0,0,0.0,TC1,n_agents,500,baseline,3
1,0.5,0,0.0,TC1,n_agents,500,baseline,3
2,1.0,0,0.0,TC1,n_agents,500,baseline,3
3,1.5,0,0.0,TC1,n_agents,500,baseline,3
4,2.0,0,0.0,TC1,n_agents,500,baseline,3
5,2.5,0,0.0,TC1,n_agents,500,baseline,3
6,3.0,0,0.0,TC1,n_agents,500,baseline,3
7,3.5,0,0.0,TC1,n_agents,500,baseline,3
8,4.0,0,0.0,TC1,n_agents,500,baseline,3
9,4.5,0,0.0,TC1,n_agents,500,baseline,3
10,5.0,0,0.0,TC1,n_agents,500,baseline,3
11,5.5,0,0.0,TC1,n_agents,500,baseline,3
12,6.0,0,0.0,TC1,n_agents,500,baseline,3
13,6.5,0,0.0,TC1,n_agents,500,baseline,3
14,7.0,0,0.0,TC1,n_agents,500,baseline,3
15,7.5,0,0.0,TC1,n_agents,500,baseline,3
16,8.0,0,0.0,TC1,n_agents,500,baseline,3
17,8.5,0,0.0,TC1,n_agents,500,baseline,3
18,9.0,0,0.0,TC1,n_agents,500,baseline,3
19,9.5,0,0.0,TC1,n_agents,500,baseline,3
20,10.0,0,0.0,TC1,n_agents,500,baseline,3
21,10.5,0,0.0,TC1,n_agents,500,baseline,3
22,11.0,0,0.0,TC1,n_agents,500,baseline,3
23,11.5,0,0.0,TC1,n_agents,500,baseline,3
24,12.0,0,0.0,TC1,n_agents,500,baseline,3
25,12.5,0,0.0,TC1,n_agents,500,baseline,3
26,13.0,0,0.0,TC1,n_agents,500,baseline,3
27,13.5,0,0.0,TC1,n_agents,500,baseline,3
28,14.0,0,0.0,TC1,n_agents,500,baseline,3
29,14.5,0,0.0,TC1,n_agents,500,baseline,3
30,15.0,0,0.0,TC1,n_agents,500,baseline,3
31,15.5,0,0.0,TC1,n_agents,500,baseline,3
32,16.0,0,0.0,TC1,n_agents,500,baseline,3
33,16.5,0,0.0,TC1,n_agents,500,baseline,3
34,17.0,0,0.0,TC1,n_agents,500,baseline,3
35,17.5,0,0.0,TC1,n_agents,500,baseline,3
36,18.0,0,0.0,TC1,n_agents,500,baseline,3
37,18.5,0,0.0,TC1,n_agents,500,baseline,3
38,19.0,0,0.0,TC1,n_agents,500,baseline,3
39,19.5,0,0.0,TC1,n_agents,500,baseline,3
40,20.0,0,0.0,TC1,n_agents,500,baseline,3
41,20.5,0,0.0,TC1,n_agents,500,baseline,3
42,21.0,0,0.0,TC1,n_agents,500,baseline,3
43,21.5,0,0.0,TC1,n_agents,500,baseline,3
44,22.0,0,0.0,TC1,n_agents,500,baseline,3
45,22.5,0,0.0,TC1,n_agents,500,baseline,3
46,23.0,0,0.0,TC1,n_agents,500,baseline,3
47,23.5,0,0.0,TC1,n_agents,500,baseline,3
48,24.0,0,0.0,TC1,n_agents,500,baseline,3
49,24.5,0,0.0,TC1,n_agents,500,baseline,3
50,25.0,0,0.0,TC1,n_agents,500,baseline,3
51,25.5,0,0.0,TC1,n_agents,500,baseline,3
52,26.0,0,0.0,TC1,n_agents,500,baseline,3
53,26.5,0,0.0,TC1,n_agents,500,baseline,3
54,27.0,0,0.0,TC1,n_agents,500,baseline,3
55,27.5,0,0.0,TC1,n_agents,500,baseline,3
56,28.0,0,0.0,TC1,n_agents,500,baseline,3
57,28.5,0,0.0,TC1,n_agents,500,baseline,3
58,29.0,0,0.0,TC1,n_agents,500,baseline,3
59,29.5,0,0.0,TC1,n_agents,500,baseline,3
60,30.0,0,0.0,TC1,n_agents,500,baseline,3
61,30.5,0,0.0,TC1,n_agents,500,baseline,3
62,31.0,0,0.0,TC1,n_agents,500,baseline,3
63,31.5,0,0.0,TC1,n_agents,500,baseline,3
64,32.0,0,0.0,TC1,n_agents,500,baseline,3
65,32.5,0,0.0,TC1,n_agents,500,baseline,3
66,33.0,0,0.0,TC1,n_agents,500,baseline,3
67,33.5,0,0.0,TC1,n_agents,500,baseline,3
68,34.0,0,0.0,TC1,n_agents,500,baseline,3
69,34.5,0,0.0,TC1,n_agents,500,baseline,3
70,35.0,0,0.0,TC1,n_agents,500,baseline,3
71,35.5,0,0.0,TC1,n_agents,500,baseline,3
72,36.0,0,0.0,TC1,n_agents,500,baseline,3
73,36.5,0,0.0,TC1,n_agents,500,baseline,3
74,37.0,0,0.0,TC1,n_agents,500,baseline,3
75,37.5,0,0.0,TC1,n_agents,500,baseline,3
76,38.0,0,0.0,TC1,n_agents,500,baseline,3
77,38.5,0,0.0,TC1,n_agents,500,baseline,3
78,39.0,0,0.0,TC1,n_agents,500,baseline,3
79,39.5,0,0.0,TC1,n_agents,500,baseline,3
80,40.0,0,0.0,TC1,n_agents,500,baseline,3
81,40.5,0,0.0,TC1,n_agents,500,baseline,3
82,41.0,0,0.0,TC1,n_agents,500,baseline,3
83,41.5,0,0.0,TC1,n_agents,500,baseline,3
84,42.0,0,0.0,TC1,n_agents,500,baseline,3
85,42.5,0,0.0,TC1,n_agents,500,baseline,3
86,43.0,0,0.0,TC1,n_agents,500,baseline,3
87,43.5,0,0.0,TC1,n_agents,500,baseline,3
88,44.0,0,0.0,TC1,n_agents,500,baseline,3
89,44.5,0,0.0,TC1,n_agents,500,baseline,3
90,45.0,0,0.0,TC1,n_agents,500,baseline,3
91,45.5,0,0.0,TC1,n_agents,500,baseline,3
92,46.0,0,0.0,TC1,n_agents,500,baseline,3
93,46.5,0,0.0,TC1,n_agents,500,baseline,3
94,47.0,0,0.0,TC1,n_agents,500,baseline,3
95,47.5,0,0.0,TC1,n_agents,500,baseline,3
96,48.0,0,0.0,TC1,n_agents,500,baseline,3
97,48.5,0,0.0,TC1,n_agents,500,baseline,3
98,49.0,0,0.0,TC1,n_agents,500,baseline,3
99,49.5,0,0.0,TC1,n_agents,500,baseline,3
100,50.0,0,0.0,TC1,n_agents,500,baseline,3
101,50.5,0,0.0,TC1,n_agents,500,baseline,3
102,51.0,0,0.0,TC1,n_agents,500,baseline,3
103,51.5,0,0.0,TC1,n_agents,500,baseline,3
104,52.0,0,0.0,TC1,n_agents,500,baseline,3
105,52.5,0,0.0,TC1,n_agents,500,baseline,3
106,53.0,0,0.0,TC1,n_agents,500,baseline,3
107,53.5,0,0.0,TC1,n_agents,500,baseline,3
108,54.0,0,0.0,TC1,n_agents,500,baseline,3
109,54.5,0,0.0,TC1,n_agents,500,baseline,3
110,55.0,0,0.0,TC1,n_agents,500,baseline,3
111,55.5,0,0.0,TC1,n_agents,500,baseline,3
112,56.0,0,0.0,TC1,n_agents,500,baseline,3
113,56.5,0,0.0,TC1,n_agents,500,baseline,3
114,57.0,0,0.0,TC1,n_agents,500,baseline,3
115,57.5,0,0.0,TC1,n_agents,500,baseline,3
116,58.0,0,0.0,TC1,n_agents,500,baseline,3
117,58.5,0,0.0,TC1,n_agents,500,baseline,3
118,59.0,0,0.0,TC1,n_agents,500,baseline,3
119,59.5,0,0.0,TC1,n_agents,500,baseline,3
120,60.0,0,0.0,TC1,n_agents,500,baseline,3
121,60.5,0,0.0,TC1,n_agents,500,baseline,3
122,61.0,0,0.0,TC1,n_agents,500,baseline,3
123,61.5,0,0.0,TC1,n_agents,500,baseline,3
124,62.0,0,0.0,TC1,n_agents,500,baseline,3
125,62.5,0,0.0,TC1,n_agents,500,baseline,3
126,63.0,0,0.0,TC1,n_agents,500,baseline,3
127,63.5,0,0.0,TC1,n_agents,500,baseline,3
128,64.0,0,0.0,TC1,n_agents,500,baseline,3
129,64.5,0,0.0,TC1,n_agents,500,baseline,3
130,65.0,0,0.0,TC1,n_agents,500,baseline,3
131,65.5,0,0.0,TC1,n_agents,500,baseline,3
132,66.0,0,0.0,TC1,n_agents,500,baseline,3
133,66.5,0,0.0,TC1,n_agents,500,baseline,3
134,67.0,0,0.0,TC1,n_agents,500,baseline,3
135,67.5,0,0.0,TC1,n_agents,500,baseline,3
136,68.0,0,0.0,TC1,n_agents,500,baseline,3
137,68.5,0,0.0,TC1,n_agents,500,baseline,3
138,69.0,0,0.0,TC1,n_agents,500,baseline,3
139,69.5,0,0.0,TC1,n_agents,500,baseline,3
140,70.0,0,0.0,TC1,n_agents,500,baseline,3
141,70.5,0,0.0,TC1,n_agents,500,baseline,3
142,71.0,0,0.0,TC1,n_agents,500,baseline,3
143,71.5,0,0.0,TC1,n_agents,500,baseline,3
144,72.0,0,0.0,TC1,n_agents,500,baseline,3
145,72.5,0,0.0,TC1,n_agents,500,baseline,3
146,73.0,0,0.0,TC1,n_agents,500,baseline,3
147,73.5,0,0.0,TC1,n_agents,500,baseline,3
148,74.0,0,0.0,TC1,n_agents,500,baseline,3
149,74.5,0,0.0,TC1,n_agents,500,baseline,3
150,75.0,0,0.0,TC1,n_agents,500,baseline,3
151,75.5,0,0.0,TC1,n_agents,500,baseline,3
152,76.0,0,0.0,TC1,n_agents,500,baseline,3
153,76.5,0,0.0,TC1,n_agents,500,baseline,3
154,77.0,0,0.0,TC1,n_agents,500,baseline,3
155,77.5,0,0.0,TC1,n_agents,500,baseline,3
156,78.0,0,0.0,TC1,n_agents,500,baseline,3
157,78.5,0,0.0,TC1,n_agents,500,baseline,3
158,79.0,0,0.0,TC1,n_agents,500,baseline,3
159,79.5,0,0.0,TC1,n_agents,500,baseline,3
160,80.0,0,0.0,TC1,n_agents,500,baseline,3
161,80.5,0,0.0,TC1,n_agents,500,baseline,3
162,81.0,0,0.0,TC1,n_agents,500,baseline,3
163,81.5,0,0.0,TC1,n_agents,500,baseline,3
164,82.0,0,0.0,TC1,n_agents,500,baseline,3
165,82.5,0,0.0,TC1,n_agents,500,baseline,3
166,83.0,0,0.0,TC1,n_agents,500,baseline,3
167,83.5,0,0.0,TC1,n_agents,500,baseline,3
168,84.0,0,0.0,TC1,n_agents,500,baseline,3
169,84.5,0,0.0,TC1,n_agents,500,baseline,3
170,85.0,0,0.0,TC1,n_agents,500,baseline,3
171,85.5,0,0.0,TC1,n_agents,500,baseline,3
172,86.0,0,0.0,TC1,n_agents,500,baseline,3
173,86.5,0,0.0,TC1,n_agents,500,baseline,3
174,87.0,0,0.0,TC1,n_agents,500,baseline,3
175,87.5,0,0.0,TC1,n_agents,500,baseline,3
176,88.0,0,0.0,TC1,n_agents,500,baseline,3
177,88.5,0,0.0,TC1,n_agents,500,baseline,3
178,89.0,0,0.0,TC1,n_agents,500,baseline,3
179,89.5,0,0.0,TC1,n_agents,500,baseline,3
180,90.0,0,0.0,TC1,n_agents,500,baseline,3
181,90.5,0,0.0,TC1,n_agents,500,baseline,3
182,91.0,0,0.0,TC1,n_agents,500,baseline,3
183,91.5,0,0.0,TC1,n_agents,500,baseline,3
184,92.0,0,0.0,TC1,n_agents,500,baseline,3
185,92.5,0,0.0,TC1,n_agents,500,baseline,3
186,93.0,0,0.0,TC1,n_agents,500,baseline,3
187,93.5,0,0.0,TC1,n_agents,500,baseline,3
188,94.0,0,0.0,TC1,n_agents,500,baseline,3
189,94.5,0,0.0,TC1,n_agents,500,baseline,3
190,95.0,0,0.0,TC1,n_agents,500,baseline,3
191,95.5,0,0.0,TC1,n_agents,500,baseline,3
192,96.0,0,0.0,TC1,n_agents,500,baseline,3
193,96.5,0,0.0,TC1,n_agents,500,baseline,3
194,97.0,0,0.0,TC1,n_agents,500,baseline,3
195,97.5,0,0.0,TC1,n_agents,500,baseline,3
196,98.0,0,0.0,TC1,n_agents,500,baseline,3
197,98.5,0,0.0,TC1,n_agents,500,baseline,3
198,99.0,0,0.0,TC1,n_agents,500,baseline,3
199,99.5,0,0.0,TC1,n_agents,500,baseline,3
200,100.0,0,0.0,TC1,n_agents,500,baseline,3
201,100.5,0,0.0,TC1,n_agents,500,baseline,3
202,101.0,0,0.0,TC1,n_agents,500,baseline,3
203,101.5,0,0.0,TC1,n_agents,500,baseline,3
204,102.0,0,0.0,TC1,n_agents,500,baseline,3
205,102.5,0,0.0,TC1,n_agents,500,baseline,3
206,103.0,0,0.0,TC1,n_agents,500,baseline,3
207,103.5,0,0.0,TC1,n_agents,500,baseline,3
208,104.0,0,0.0,TC1,n_agents,500,baseline,3
209,104.5,0,0.0,TC1,n_agents,500,baseline,3
210,105.0,0,0.0,TC1,n_agents,500,baseline,3
211,105.5,0,0.0,TC1,n_agents,500,baseline,3
212,106.0,0,0.0,TC1,n_agents,500,baseline,3
213,106.5,0,0.0,TC1,n_agents,500,baseline,3
214,107.0,0,0.0,TC1,n_agents,500,baseline,3
215,107.5,0,0.0,TC1,n_agents,500,baseline,3
216,108.0,0,0.0,TC1,n_agents,500,baseline,3
217,108.5,0,0.0,TC1,n_agents,500,baseline,3
218,109.0,0,0.0,TC1,n_agents,500,baseline,3
219,109.5,0,0.0,TC1,n_agents,500,baseline,3
220,110.0,0,0.0,TC1,n_agents,500,baseline,3
221,110.5,0,0.0,TC1,n_agents,500,baseline,3
222,111.0,0,0.0,TC1,n_agents,500,baseline,3
223,111.5,0,0.0,TC1,n_agents,500,baseline,3
224,112.0,0,0.0,TC1,n_agents,500,baseline,3
225,112.5,0,0.0,TC1,n_agents,500,baseline,3
226,113.0,0,0.0,TC1,n_agents,500,baseline,3
227,113.5,0,0.0,TC1,n_agents,500,baseline,3
228,114.0,0,0.0,TC1,n_agents,500,baseline,3
229,114.5,0,0.0,TC1,n_agents,500,baseline,3
230,115.0,0,0.0,TC1,n_agents,500,baseline,3
231,115.5,0,0.0,TC1,n_agents,500,baseline,3
232,116.0,0,0.0,TC1,n_agents,500,baseline,3
233,116.5,0,0.0,TC1,n_agents,500,baseline,3
234,117.0,0,0.0,TC1,n_agents,500,baseline,3
235,117.5,0,0.0,TC1,n_agents,500,baseline,3
236,118.0,0,0.0,TC1,n_agents,500,baseline,3
237,118.5,0,0.0,TC1,n_agents,500,baseline,3
238,119.0,0,0.0,TC1,n_agents,500,baseline,3
239,119.5,0,0.0,TC1,n_agents,500,baseline,3
240,120.0,0,0.0,TC1,n_agents,500,baseline,3
241,120.5,0,0.0,TC1,n_agents,500,baseline,3
242,121.0,0,0.0,TC1,n_agents,500,baseline,3
243,121.5,0,0.0,TC1,n_agents,500,baseline,3
244,122.0,0,0.0,TC1,n_agents,500,baseline,3
245,122.5,0,0.0,TC1,n_agents,500,baseline,3
246,123.0,0,0.0,TC1,n_agents,500,baseline,3
247,123.5,0,0.0,TC1,n_agents,500,baseline,3
248,124.0,0,0.0,TC1,n_agents,500,baseline,3
249,124.5,0,0.0,TC1,n_agents,500,baseline,3
250,125.0,0,0.0,TC1,n_agents,500,baseline,3
251,125.5,0,0.0,TC1,n_agents,500,baseline,3
252,126.0,0,0.0,TC1,n_agents,500,baseline,3
253,126.5,0,0.0,TC1,n_agents,500,baseline,3
254,127.0,0,0.0,TC1,n_agents,500,baseline,3
255,127.5,0,0.0,TC1,n_agents,500,baseline,3
256,128.0,0,0.0,TC1,n_agents,500,baseline,3
257,128.5,0,0.0,TC1,n_agents,500,baseline,3
258,129.0,0,0.0,TC1,n_agents,500,baseline,3
259,129.5,0,0.0,TC1,n_agents,500,baseline,3
260,130.0,0,0.0,TC1,n_agents,500,baseline,3
261,130.5,0,0.0,TC1,n_agents,500,baseline,3
262,131.0,0,0.0,TC1,n_agents,500,baseline,3
263,131.5,0,0.0,TC1,n_agents,500,baseline,3
264,132.0,0,0.0,TC1,n_agents,500,baseline,3
265,132.5,0,0.0,TC1,n_agents,500,baseline,3
266,133.0,0,0.0,TC1,n_agents,500,baseline,3
267,133.5,0,0.0,TC1,n_agents,500,baseline,3
268,134.0,0,0.0,TC1,n_agents,500,baseline,3
269,134.5,0,0.0,TC1,n_agents,500,baseline,3
270,135.0,0,0.0,TC1,n_agents,500,baseline,3
271,135.5,0,0.0,TC1,n_agents,500,baseline,3
272,136.0,0,0.0,TC1,n_agents,500,baseline,3
273,136.5,0,0.0,TC1,n_agents,500,baseline,3
274,137.0,0,0.0,TC1,n_agents,500,baseline,3
275,137.5,0,0.0,TC1,n_agents,500,baseline,3
276,138.0,0,0.0,TC1,n_agents,500,baseline,3
277,138.5,0,0.0,TC1,n_agents,500,baseline,3
278,139.0,0,0.0,TC1,n_agents,500,baseline,3
279,139.5,0,0.0,TC1,n_agents,500,baseline,3
280,140.0,0,0.0,TC1,n_agents,500,baseline,3
281,140.5,0,0.0,TC1,n_agents,500,baseline,3
282,141.0,0,0.0,TC1,n_agents,500,baseline,3
283,141.5,0,0.0,TC1,n_agents,500,baseline,3
284,142.0,0,0.0,TC1,n_agents,500,baseline,3
285,142.5,0,0.0,TC1,n_agents,500,baseline,3
286,143.0,0,0.0,TC1,n_agents,500,baseline,3
287,143.5,0,0.0,TC1,n_agents,500,baseline,3
288,144.0,0,0.0,TC1,n_agents,500,baseline,3
289,144.5,0,0.0,TC1,n_agents,500,baseline,3
290,145.0,0,0.0,TC1,n_agents,500,baseline,3
291,145.5,0,0.0,TC1,n_agents,500,baseline,3
292,146.0,0,0.0,TC1,n_agents,500,baseline,3
293,146.5,0,0.0,TC1,n_agents,500,baseline,3
294,147.0,0,0.0,TC1,n_agents,500,baseline,3
295,147.5,0,0.0,TC1,n_agents,500,baseline,3
296,148.0,0,0.0,TC1,n_agents,500,baseline,3
297,148.5,0,0.0,TC1,n_agents,500,baseline,3
298,149.0,0,0.0,TC1,n_agents,500,baseline,3
299,149.5,0,0.0,TC1,n_agents,500,baseline,3
300,150.0,0,0.0,TC1,n_agents,500,baseline,3
301,150.5,0,0.0,TC1,n_agents,500,baseline,3
302,151.0,0,0.0,TC1,n_agents,500,baseline,3
303,151.5,0,0.0,TC1,n_agents,500,baseline,3
304,152.0,0,0.0,TC1,n_agents,500,baseline,3
305,152.5,0,0.0,TC1,n_agents,500,baseline,3
306,153.0,0,0.0,TC1,n_agents,500,baseline,3
307,153.5,0,0.0,TC1,n_agents,500,baseline,3
308,154.0,0,0.0,TC1,n_agents,500,baseline,3
309,154.5,0,0.0,TC1,n_agents,500,baseline,3
310,155.0,0,0.0,TC1,n_agents,500,baseline,3
311,155.5,0,0.0,TC1,n_agents,500,baseline,3
312,156.0,0,0.0,TC1,n_agents,500,baseline,3
313,156.5,0,0.0,TC1,n_agents,500,baseline,3
314,157.0,0,0.0,TC1,n_agents,500,baseline,3
315,157.5,0,0.0,TC1,n_agents,500,baseline,3
316,158.0,0,0.0,TC1,n_agents,500,baseline,3
317,158.5,0,0.0,TC1,n_agents,500,baseline,3
318,159.0,0,0.0,TC1,n_agents,500,baseline,3
319,159.5,0,0.0,TC1,n_agents,500,baseline,3
320,160.0,0,0.0,TC1,n_agents,500,baseline,3
321,160.5,0,0.0,TC1,n_agents,500,baseline,3
322,161.0,0,0.0,TC1,n_agents,500,baseline,3
323,161.5,0,0.0,TC1,n_agents,500,baseline,3
324,162.0,0,0.0,TC1,n_agents,500,baseline,3
325,162.5,0,0.0,TC1,n_agents,500,baseline,3
326,163.0,0,0.0,TC1,n_agents,500,baseline,3
327,163.5,0,0.0,TC1,n_agents,500,baseline,3
328,164.0,0,0.0,TC1,n_agents,500,baseline,3
329,164.5,0,0.0,TC1,n_agents,500,baseline,3
330,165.0,0,0.0,TC1,n_agents,500,baseline,3
331,165.5,0,0.0,TC1,n_agents,500,baseline,3
332,166.0,0,0.0,TC1,n_agents,500,baseline,3
333,166.5,0,0.0,TC1,n_agents,500,baseline,3
334,167.0,0,0.0,TC1,n_agents,500,baseline,3
335,167.5,0,0.0,TC1,n_agents,500,baseline,3
336,168.0,0,0.0,TC1,n_agents,500,baseline,3
337,168.5,0,0.0,TC1,n_agents,500,baseline,3
338,169.0,0,0.0,TC1,n_agents,500,baseline,3
339,169.5,0,0.0,TC1,n_agents,500,baseline,3
340,170.0,0,0.0,TC1,n_agents,500,baseline,3
341,170.5,0,0.0,TC1,n_agents,500,baseline,3
342,171.0,0,0.0,TC1,n_agents,500,baseline,3
343,171.5,0,0.0,TC1,n_agents,500,baseline,3
344,172.0,0,0.0,TC1,n_agents,500,baseline,3
345,172.5,0,0.0,TC1,n_agents,500,baseline,3
346,173.0,0,0.0,TC1,n_agents,500,baseline,3
347,173.5,0,0.0,TC1,n_agents,500,baseline,3
348,174.0,0,0.0,TC1,n_agents,500,baseline,3
349,174.5,0,0.0,TC1,n_agents,500,baseline,3
350,175.0,0,0.0,TC1,n_agents,500,baseline,3
351,175.5,0,0.0,TC1,n_agents,500,baseline,3
352,176.0,0,0.0,TC1,n_agents,500,baseline,3
353,176.5,0,0.0,TC1,n_agents,500,baseline,3
354,177.0,0,0.0,TC1,n_agents,500,baseline,3
355,177.5,0,0.0,TC1,n_agents,500,baseline,3
356,178.0,0,0.0,TC1,n_agents,500,baseline,3
357,178.5,0,0.0,TC1,n_agents,500,baseline,3
358,179.0,0,0.0,TC1,n_agents,500,baseline,3
359,179.5,0,0.0,TC1,n_agents,500,baseline,3
360,180.0,0,0.0,TC1,n_agents,500,baseline,3
361,180.5,0,0.0,TC1,n_agents,500,baseline,3
362,181.0,0,0.0,TC1,n_agents,500,baseline,3
363,181.5,0,0.0,TC1,n_agents,500,baseline,3
364,182.0,0,0.0,TC1,n_agents,500,baseline,3
365,182.5,0,0.0,TC1,n_agents,500,baseline,3
366,183.0,0,0.0,TC1,n_agents,500,baseline,3
367,183.5,0,0.0,TC1,n_agents,500,baseline,3
368,184.0,0,0.0,TC1,n_agents,500,baseline,3
369,184.5,0,0.0,TC1,n_agents,500,baseline,3
370,185.0,0,0.0,TC1,n_agents,500,baseline,3
371,185.5,0,0.0,TC1,n_agents,500,baseline,3
372,186.0,0,0.0,TC1,n_agents,500,baseline,3
373,186.5,0,0.0,TC1,n_agents,500,baseline,3
374,187.0,0,0.0,TC1,n_agents,500,baseline,3
375,187.5,0,0.0,TC1,n_agents,500,baseline,3
376,188.0,0,0.0,TC1,n_agents,500,baseline,3
377,188.5,0,0.0,TC1,n_agents,500,baseline,3
378,189.0,0,0.0,TC1,n_agents,500,baseline,3
379,189.5,0,0.0,TC1,n_agents,500,baseline,3
380,190.0,0,0.0,TC1,n_agents,500,baseline,3
381,190.5,0,0.0,TC1,n_agents,500,baseline,3
382,191.0,0,0.0,TC1,n_agents,500,baseline,3
383,191.5,0,0.0,TC1,n_agents,500,baseline,3
384,192.0,0,0.0,TC1,n_agents,500,baseline,3
385,192.5,0,0.0,TC1,n_agents,500,baseline,3
386,193.0,0,0.0,TC1,n_agents,500,baseline,3
387,193.5,0,0.0,TC1,n_agents,500,baseline,3
388,194.0,0,0.0,TC1,n_agents,500,baseline,3
389,194.5,0,0.0,TC1,n_agents,500,baseline,3
390,195.0,0,0.0,TC1,n_agents,500,baseline,3
391,195.5,0,0.0,TC1,n_agents,500,baseline,3
392,196.0,0,0.0,TC1,n_agents,500,baseline,3
393,196.5,0,0.0,TC1,n_agents,500,baseline,3
394,197.0,0,0.0,TC1,n_agents,500,baseline,3
395,197.5,0,0.0,TC1,n_agents,500,baseline,3
396,198.0,0,0.0,TC1,n_agents,500,baseline,3
397,198.5,0,0.0,TC1,n_agents,500,baseline,3
398,199.0,0,0.0,TC1,n_agents,500,baseline,3
399,199.5,0,0.0,TC1,n_agents,500,baseline,3
400,200.0,0,0.0,TC1,n_agents,500,baseline,3
401,200.5,0,0.0,TC1,n_agents,500,baseline,3
402,201.0,0,0.0,TC1,n_agents,500,baseline,3
403,201.5,0,0.0,TC1,n_agents,500,baseline,3
404,202.0,0,0.0,TC1,n_agents,500,baseline,3
405,202.5,0,0.0,TC1,n_agents,500,baseline,3
406,203.0,0,0.0,TC1,n_agents,500,baseline,3
407,203.5,0,0.0,TC1,n_agents,500,baseline,3
408,204.0,0,0.0,TC1,n_agents,500,baseline,3
409,204.5,0,0.0,TC1,n_agents,500,baseline,3
410,205.0,0,0.0,TC1,n_agents,500,baseline,3
411,205.5,0,0.0,TC1,n_agents,500,baseline,3
412,206.0,0,0.0,TC1,n_agents,500,baseline,3
413,206.5,0,0.0,TC1,n_agents,500,baseline,3
414,207.0,0,0.0,TC1,n_agents,500,baseline,3
415,207.5,0,0.0,TC1,n_agents,500,baseline,3
416,208.0,0,0.0,TC1,n_agents,500,baseline,3
417,208.5,0,0.0,TC1,n_agents,500,baseline,3
418,209.0,0,0.0,TC1,n_agents,500,baseline,3
419,209.5,0,0.0,TC1,n_agents,500,baseline,3
420,210.0,0,0.0,TC1,n_agents,500,baseline,3
421,210.5,0,0.0,TC1,n_agents,500,baseline,3
422,211.0,0,0.0,TC1,n_agents,500,baseline,3
423,211.5,0,0.0,TC1,n_agents,500,baseline,3
424,212.0,0,0.0,TC1,n_agents,500,baseline,3
425,212.5,0,0.0,TC1,n_agents,500,baseline,3
426,213.0,0,0.0,TC1,n_agents,500,baseline,3
427,213.5,0,0.0,TC1,n_agents,500,baseline,3
428,214.0,0,0.0,TC1,n_agents,500,baseline,3
429,214.5,0,0.0,TC1,n_agents,500,baseline,3
430,215.0,0,0.0,TC1,n_agents,500,baseline,3
431,215.5,0,0.0,TC1,n_agents,500,baseline,3
432,216.0,0,0.0,TC1,n_agents,500,baseline,3
433,216.5,0,0.0,TC1,n_agents,500,baseline,3
434,217.0,0,0.0,TC1,n_agents,500,baseline,3
435,217.5,0,0.0,TC1,n_agents,500,baseline,3
436,218.0,0,0.0,TC1,n_agents,500,baseline,3
437,218.5,0,0.0,TC1,n_agents,500,baseline,3
438,219.0,0,0.0,TC1,n_agents,500,baseline,3
439,219.5,0,0.0,TC1,n_agents,500,baseline,3
440,220.0,0,0.0,TC1,n_agents,500,baseline,3
441,220.5,0,0.0,TC1,n_agents,500,baseline,3
442,221.0,0,0.0,TC1,n_agents,500,baseline,3
443,221.5,0,0.0,TC1,n_agents,500,baseline,3
444,222.0,0,0.0,TC1,n_agents,500,baseline,3
445,222.5,0,0.0,TC1,n_agents,500,baseline,3
446,223.0,0,0.0,TC1,n_agents,500,baseline,3
447,223.5,0,0.0,TC1,n_agents,500,baseline,3
448,224.0,0,0.0,TC1,n_agents,500,baseline,3
449,224.5,0,0.0,TC1,n_agents,500,baseline,3
450,225.0,0,0.0,TC1,n_agents,500,baseline,3
451,225.5,0,0.0,TC1,n_agents,500,baseline,3
452,226.0,0,0.0,TC1,n_agents,500,baseline,3
453,226.5,0,0.0,TC1,n_agents,500,baseline,3
454,227.0,0,0.0,TC1,n_agents,500,baseline,3
455,227.5,0,0.0,TC1,n_agents,500,baseline,3
456,228.0,0,0.0,TC1,n_agents,500,baseline,3
457,228.5,0,0.0,TC1,n_agents,500,baseline,3
458,229.0,0,0.0,TC1,n_agents,500,baseline,3
459,229.5,0,0.0,TC1,n_agents,500,baseline,3
460,230.0,0,0.0,TC1,n_agents,500,baseline,3
461,230.5,0,0.0,TC1,n_agents,500,baseline,3
462,231.0,0,0.0,TC1,n_agents,500,baseline,3
463,231.5,0,0.0,TC1,n_agents,500,baseline,3
464,232.0,0,0.0,TC1,n_agents,500,baseline,3
465,232.5,0,0.0,TC1,n_agents,500,baseline,3
466,233.0,0,0.0,TC1,n_agents,500,baseline,3
467,233.5,0,0.0,TC1,n_agents,500,baseline,3
468,234.0,0,0.0,TC1,n_agents,500,baseline,3
469,234.5,0,0.0,TC1,n_agents,500,baseline,3
470,235.0,0,0.0,TC1,n_agents,500,baseline,3
471,235.5,0,0.0,TC1,n_agents,500,baseline,3
472,236.0,0,0.0,TC1,n_agents,500,baseline,3
473,236.5,0,0.0,TC1,n_agents,500,baseline,3
474,237.0,0,0.0,TC1,n_agents,500,baseline,3
475,237.5,0,0.0,TC1,n_agents,500,baseline,3
476,238.0,0,0.0,TC1,n_agents,500,baseline,3
477,238.5,0,0.0,TC1,n_agents,500,baseline,3
478,239.0,0,0.0,TC1,n_agents,500,baseline,3
479,239.5,0,0.0,TC1,n_agents,500,baseline,3
480,240.0,0,0.0,TC1,n_agents,500,baseline,3
481,240.5,0,0.0,TC1,n_agents,500,baseline,3
482,241.0,0,0.0,TC1,n_agents,500,baseline,3
483,241.5,0,0.0,TC1,n_agents,500,baseline,3
484,242.0,0,0.0,TC1,n_agents,500,baseline,3
485,242.5,0,0.0,TC1,n_agents,500,baseline,3
486,243.0,0,0.0,TC1,n_agents,500,baseline,3
487,243.5,0,0.0,TC1,n_agents,500,baseline,3
488,244.0,0,0.0,TC1,n_agents,500,baseline,3
489,244.5,0,0.0,TC1,n_agents,500,baseline,3
490,245.0,0,0.0,TC1,n_agents,500,baseline,3
491,245.5,0,0.0,TC1,n_agents,500,baseline,3
492,246.0,0,0.0,TC1,n_agents,500,baseline,3
493,246.5,0,0.0,TC1,n_agents,500,baseline,3
494,247.0,0,0.0,TC1,n_agents,500,baseline,3
495,247.5,0,0.0,TC1,n_agents,500,baseline,3
496,248.0,0,0.0,TC1,n_agents,500,baseline,3
497,248.5,0,0.0,TC1,n_agents,500,baseline,3
498,249.0,0,0.0,TC1,n_agents,500,baseline,3
499,249.5,0,0.0,TC1,n_agents,500,baseline,3
500,250.0,0,0.0,TC1,n_agents,500,baseline,3
501,250.5,0,0.0,TC1,n_agents,500,baseline,3
502,251.0,0,0.0,TC1,n_agents,500,baseline,3
503,251.5,0,0.0,TC1,n_agents,500,baseline,3
504,252.0,0,0.0,TC1,n_agents,500,baseline,3
505,252.5,0,0.0,TC1,n_agents,500,baseline,3
506,253.0,0,0.0,TC1,n_agents,500,baseline,3
507,253.5,0,0.0,TC1,n_agents,500,baseline,3
508,254.0,0,0.0,TC1,n_agents,500,baseline,3
509,254.5,0,0.0,TC1,n_agents,500,baseline,3
510,255.0,0,0.0,TC1,n_agents,500,baseline,3
511,255.5,0,0.0,TC1,n_agents,500,baseline,3
512,256.0,0,0.0,TC1,n_agents,500,baseline,3
513,256.5,0,0.0,TC1,n_agents,500,baseline,3
514,257.0,0,0.0,TC1,n_agents,500,baseline,3
515,257.5,0,0.0,TC1,n_agents,500,baseline,3
516,258.0,0,0.0,TC1,n_agents,500,baseline,3
517,258.5,0,0.0,TC1,n_agents,500,baseline,3
518,259.0,0,0.0,TC1,n_agents,500,baseline,3
519,259.5,0,0.0,TC1,n_agents,500,baseline,3
520,260.0,0,0.0,TC1,n_agents,500,baseline,3
521,260.5,0,0.0,TC1,n_agents,500,baseline,3
522,261.0,0,0.0,TC1,n_agents,500,baseline,3
523,261.5,0,0.0,TC1,n_agents,500,baseline,3
524,262.0,0,0.0,TC1,n_agents,500,baseline,3
525,262.5,0,0.0,TC1,n_agents,500,baseline,3
526,263.0,0,0.0,TC1,n_agents,500,baseline,3
527,263.5,0,0.0,TC1,n_agents,500,baseline,3
528,264.0,0,0.0,TC1,n_agents,500,baseline,3
529,264.5,0,0.0,TC1,n_agents,500,baseline,3
530,265.0,0,0.0,TC1,n_agents,500,baseline,3
531,265.5,0,0.0,TC1,n_agents,500,baseline,3
532,266.0,0,0.0,TC1,n_agents,500,baseline,3
533,266.5,0,0.0,TC1,n_agents,500,baseline,3
534,267.0,0,0.0,TC1,n_agents,500,baseline,3
535,267.5,0,0.0,TC1,n_agents,500,baseline,3
536,268.0,0,0.0,TC1,n_agents,500,baseline,3
537,268.5,0,0.0,TC1,n_agents,500,baseline,3
538,269.0,0,0.0,TC1,n_agents,500,baseline,3
539,269.5,0,0.0,TC1,n_agents,500,baseline,3
540,270.0,0,0.0,TC1,n_agents,500,baseline,3
541,270.5,0,0.0,TC1,n_agents,500,baseline,3
542,271.0,0,0.0,TC1,n_agents,500,baseline,3
543,271.5,0,0.0,TC1,n_agents,500,baseline,3
544,272.0,0,0.0,TC1,n_agents,500,baseline,3
545,272.5,0,0.0,TC1,n_agents,500,baseline,3
546,273.0,0,0.0,TC1,n_agents,500,baseline,3
547,273.5,0,0.0,TC1,n_agents,500,baseline,3
548,274.0,0,0.0,TC1,n_agents,500,baseline,3
549,274.5,0,0.0,TC1,n_agents,500,baseline,3
550,275.0,0,0.0,TC1,n_agents,500,baseline,3
551,275.5,0,0.0,TC1,n_agents,500,baseline,3
552,276.0,0,0.0,TC1,n_agents,500,baseline,3
553,276.5,0,0.0,TC1,n_agents,500,baseline,3
554,277.0,0,0.0,TC1,n_agents,500,baseline,3
555,277.5,0,0.0,TC1,n_agents,500,baseline,3
556,278.0,0,0.0,TC1,n_agents,500,baseline,3
557,278.5,0,0.0,TC1,n_agents,500,baseline,3
558,279.0,0,0.0,TC1,n_agents,500,baseline,3
559,279.5,0,0.0,TC1,n_agents,500,baseline,3
560,280.0,0,0.0,TC1,n_agents,500,baseline,3
561,280.5,0,0.0,TC1,n_agents,500,baseline,3
562,281.0,0,0.0,TC1,n_agents,500,baseline,3
563,281.5,0,0.0,TC1,n_agents,500,baseline,3
564,282.0,0,0.0,TC1,n_agents,500,baseline,3
565,282.5,0,0.0,TC1,n_agents,500,baseline,3
566,283.0,0,0.0,TC1,n_agents,500,baseline,3
567,283.5,0,0.0,TC1,n_agents,500,baseline,3
568,284.0,0,0.0,TC1,n_agents,500,baseline,3
569,284.5,0,0.0,TC1,n_agents,500,baseline,3
570,285.0,0,0.0,TC1,n_agents,500,baseline,3
571,285.5,0,0.0,TC1,n_agents,500,baseline,3
572,286.0,0,0.0,TC1,n_agents,500,baseline,3
573,286.5,0,0.0,TC1,n_agents,500,baseline,3
574,287.0,0,0.0,TC1,n_agents,500,baseline,3
575,287.5,0,0.0,TC1,n_agents,500,baseline,3
576,288.0,0,0.0,TC1,n_agents,500,baseline,3
577,288.5,0,0.0,TC1,n_agents,500,baseline,3
578,289.0,0,0.0,TC1,n_agents,500,baseline,3
579,289.5,0,0.0,TC1,n_agents,500,baseline,3
580,290.0,0,0.0,TC1,n_agents,500,baseline,3
581,290.5,0,0.0,TC1,n_agents,500,baseline,3
582,291.0,0,0.0,TC1,n_agents,500,baseline,3
583,291.5,0,0.0,TC1,n_agents,500,baseline,3
584,292.0,0,0.0,TC1,n_agents,500,baseline,3
585,292.5,0,0.0,TC1,n_agents,500,baseline,3
586,293.0,0,0.0,TC1,n_agents,500,baseline,3
587,293.5,0,0.0,TC1,n_agents,500,baseline,3
588,294.0,0,0.0,TC1,n_agents,500,baseline,3
589,294.5,0,0.0,TC1,n_agents,500,baseline,3
590,295.0,0,0.0,TC1,n_agents,500,baseline,3
591,295.5,0,0.0,TC1,n_agents,500,baseline,3
592,296.0,0,0.0,TC1,n_agents,500,baseline,3
593,296.5,0,0.0,TC1,n_agents,500,baseline,3
594,297.0,0,0.0,TC1,n_agents,500,baseline,3
595,297.5,0,0.0,TC1,n_agents,500,baseline,3
596,298.0,0,0.0,TC1,n_agents,500,baseline,3
597,298.5,0,0.0,TC1,n_agents,500,baseline,3
598,299.0,0,0.0,TC1,n_agents,500,baseline,3
599,299.5,0,0.0,TC1,n_agents,500,baseline,3
600,300.0,0,0.0,TC1,n_agents,500,baseline,3
601,300.5,0,0.0,TC1,n_agents,500,baseline,3
602,301.0,0,0.0,TC1,n_agents,500,baseline,3
603,301.5,0,0.0,TC1,n_agents,500,baseline,3
604,302.0,0,0.0,TC1,n_agents,500,baseline,3
605,302.5,0,0.0,TC1,n_agents,500,baseline,3
606,303.0,0,0.0,TC1,n_agents,500,baseline,3
607,303.5,0,0.0,TC1,n_agents,500,baseline,3
608,304.0,0,0.0,TC1,n_agents,500,baseline,3
609,304.5,0,0.0,TC1,n_agents,500,baseline,3
610,305.0,0,0.0,TC1,n_agents,500,baseline,3
611,305.5,0,0.0,TC1,n_agents,500,baseline,3
612,306.0,0,0.0,TC1,n_agents,500,baseline,3
613,306.5,0,0.0,TC1,n_agents,500,baseline,3
614,307.0,0,0.0,TC1,n_agents,500,baseline,3
615,307.5,0,0.0,TC1,n_agents,500,baseline,3
616,308.0,0,0.0,TC1,n_agents,500,baseline,3
617,308.5,0,0.0,TC1,n_agents,500,baseline,3
618,309.0,0,0.0,TC1,n_agents,500,baseline,3
619,309.5,0,0.0,TC1,n_agents,500,baseline,3
620,310.0,0,0.0,TC1,n_agents,500,baseline,3
621,310.5,0,0.0,TC1,n_agents,500,baseline,3
622,311.0,0,0.0,TC1,n_agents,500,baseline,3
623,311.5,0,0.0,TC1,n_agents,500,baseline,3
624,312.0,0,0.0,TC1,n_agents,500,baseline,3
625,312.5,0,0.0,TC1,n_agents,500,baseline,3
626,313.0,0,0.0,TC1,n_agents,500,baseline,3
627,313.5,0,0.0,TC1,n_agents,500,baseline,3
628,314.0,0,0.0,TC1,n_agents,500,baseline,3
629,314.5,0,0.0,TC1,n_agents,500,baseline,3
630,315.0,0,0.0,TC1,n_agents,500,baseline,3
631,315.5,0,0.0,TC1,n_agents,500,baseline,3
632,316.0,0,0.0,TC1,n_agents,500,baseline,3
633,316.5,0,0.0,TC1,n_agents,500,baseline,3
634,317.0,0,0.0,TC1,n_agents,500,baseline,3
635,317.5,0,0.0,TC1,n_agents,500,baseline,3
636,318.0,0,0.0,TC1,n_agents,500,baseline,3
637,318.5,0,0.0,TC1,n_agents,500,baseline,3
638,319.0,0,0.0,TC1,n_agents,500,baseline,3
639,319.5,0,0.0,TC1,n_agents,500,baseline,3
640,320.0,0,0.0,TC1,n_agents,500,baseline,3
641,320.5,0,0.0,TC1,n_agents,500,baseline,3
642,321.0,0,0.0,TC1,n_agents,500,baseline,3
643,321.5,0,0.0,TC1,n_agents,500,baseline,3
644,322.0,0,0.0,TC1,n_agents,500,baseline,3
645,322.5,0,0.0,TC1,n_agents,500,baseline,3
646,323.0,0,0.0,TC1,n_agents,500,baseline,3
647,323.5,0,0.0,TC1,n_agents,500,baseline,3
648,324.0,0,0.0,TC1,n_agents,500,baseline,3
649,324.5,0,0.0,TC1,n_agents,500,baseline,3
650,325.0,0,0.0,TC1,n_agents,500,baseline,3
651,325.5,0,0.0,TC1,n_agents,500,baseline,3
652,326.0,0,0.0,TC1,n_agents,500,baseline,3
653,326.5,0,0.0,TC1,n_agents,500,baseline,3
654,327.0,0,0.0,TC1,n_agents,500,baseline,3
655,327.5,0,0.0,TC1,n_agents,500,baseline,3
656,328.0,0,0.0,TC1,n_agents,500,baseline,3
657,328.5,0,0.0,TC1,n_agents,500,baseline,3
658,329.0,0,0.0,TC1,n_agents,500,baseline,3
659,329.5,0,0.0,TC1,n_agents,500,baseline,3
660,330.0,0,0.0,TC1,n_agents,500,baseline,3
661,330.5,0,0.0,TC1,n_agents,500,baseline,3
662,331.0,0,0.0,TC1,n_agents,500,baseline,3
663,331.5,0,0.0,TC1,n_agents,500,baseline,3
664,332.0,0,0.0,TC1,n_agents,500,baseline,3
665,332.5,0,0.0,TC1,n_agents,500,baseline,3
666,333.0,0,0.0,TC1,n_agents,500,baseline,3
667,333.5,0,0.0,TC1,n_agents,500,baseline,3
668,334.0,0,0.0,TC1,n_agents,500,baseline,3
669,334.5,0,0.0,TC1,n_agents,500,baseline,3
670,335.0,0,0.0,TC1,n_agents,500,baseline,3
671,335.5,0,0.0,TC1,n_agents,500,baseline,3
672,336.0,0,0.0,TC1,n_agents,500,baseline,3
673,336.5,0,0.0,TC1,n_agents,500,baseline,3
674,337.0,0,0.0,TC1,n_agents,500,baseline,3
675,337.5,0,0.0,TC1,n_agents,500,baseline,3
676,338.0,0,0.0,TC1,n_agents,500,baseline,3
677,338.5,0,0.0,TC1,n_agents,500,baseline,3
678,339.0,0,0.0,TC1,n_agents,500,baseline,3
679,339.5,0,0.0,TC1,n_agents,500,baseline,3
680,340.0,0,0.0,TC1,n_agents,500,baseline,3
681,340.5,0,0.0,TC1,n_agents,500,baseline,3
682,341.0,0,0.0,TC1,n_agents,500,baseline,3
683,341.5,0,0.0,TC1,n_agents,500,baseline,3
684,342.0,0,0.0,TC1,n_agents,500,baseline,3
685,342.5,0,0.0,TC1,n_agents,500,baseline,3
686,343.0,0,0.0,TC1,n_agents,500,baseline,3
687,343.5,0,0.0,TC1,n_agents,500,baseline,3
688,344.0,0,0.0,TC1,n_agents,500,baseline,3
689,344.5,0,0.0,TC1,n_agents,500,baseline,3
690,345.0,0,0.0,TC1,n_agents,500,baseline,3
691,345.5,0,0.0,TC1,n_agents,500,baseline,3
692,346.0,0,0.0,TC1,n_agents,500,baseline,3
693,346.5,0,0.0,TC1,n_agents,500,baseline,3
694,347.0,0,0.0,TC1,n_agents,500,baseline,3
695,347.5,0,0.0,TC1,n_agents,500,baseline,3
696,348.0,0,0.0,TC1,n_agents,500,baseline,3
697,348.5,0,0.0,TC1,n_agents,500,baseline,3
698,349.0,0,0.0,TC1,n_agents,500,baseline,3
699,349.5,0,0.0,TC1,n_agents,500,baseline,3
700,350.0,0,0.0,TC1,n_agents,500,baseline,3
701,350.5,0,0.0,TC1,n_agents,500,baseline,3
702,351.0,0,0.0,TC1,n_agents,500,baseline,3
703,351.5,0,0.0,TC1,n_agents,500,baseline,3
704,352.0,0,0.0,TC1,n_agents,500,baseline,3
705,352.5,0,0.0,TC1,n_agents,500,baseline,3
706,353.0,0,0.0,TC1,n_agents,500,baseline,3
707,353.5,0,0.0,TC1,n_agents,500,baseline,3
708,354.0,0,0.0,TC1,n_agents,500,baseline,3
709,354.5,0,0.0,TC1,n_agents,500,baseline,3
710,355.0,0,0.0,TC1,n_agents,500,baseline,3
711,355.5,0,0.0,TC1,n_agents,500,baseline,3
712,356.0,0,0.0,TC1,n_agents,500,baseline,3
713,356.5,0,0.0,TC1,n_agents,500,baseline,3
714,357.0,0,0.0,TC1,n_agents,500,baseline,3
715,357.5,0,0.0,TC1,n_agents,500,baseline,3
716,358.0,0,0.0,TC1,n_agents,500,baseline,3
717,358.5,0,0.0,TC1,n_agents,500,baseline,3
718,359.0,0,0.0,TC1,n_agents,500,baseline,3
719,359.5,0,0.0,TC1,n_agents,500,baseline,3
720,360.0,0,0.0,TC1,n_agents,500,baseline,3
721,360.5,0,0.0,TC1,n_agents,500,baseline,3
722,361.0,0,0.0,TC1,n_agents,500,baseline,3
723,361.5,0,0.0,TC1,n_agents,500,baseline,3
724,362.0,0,0.0,TC1,n_agents,500,baseline,3
725,362.5,0,0.0,TC1,n_agents,500,baseline,3
726,363.0,0,0.0,TC1,n_agents,500,baseline,3
727,363.5,0,0.0,TC1,n_agents,500,baseline,3
728,364.0,0,0.0,TC1,n_agents,500,baseline,3
729,364.5,0,0.0,TC1,n_agents,500,baseline,3
730,365.0,0,0.0,TC1,n_agents,500,baseline,3
731,365.5,0,0.0,TC1,n_agents,500,baseline,3
732,366.0,0,0.0,TC1,n_agents,500,baseline,3
733,366.5,0,0.0,TC1,n_agents,500,baseline,3
734,367.0,0,0.0,TC1,n_agents,500,baseline,3
735,367.5,0,0.0,TC1,n_agents,500,baseline,3
736,368.0,0,0.0,TC1,n_agents,500,baseline,3
737,368.5,0,0.0,TC1,n_agents,500,baseline,3
738,369.0,0,0.0,TC1,n_agents,500,baseline,3
739,369.5,0,0.0,TC1,n_agents,500,baseline,3
740,370.0,0,0.0,TC1,n_agents,500,baseline,3
741,370.5,0,0.0,TC1,n_agents,500,baseline,3
742,371.0,0,0.0,TC1,n_agents,500,baseline,3
743,371.5,0,0.0,TC1,n_agents,500,baseline,3
744,372.0,0,0.0,TC1,n_agents,500,baseline,3
745,372.5,0,0.0,TC1,n_agents,500,baseline,3
746,373.0,0,0.0,TC1,n_agents,500,baseline,3
747,373.5,0,0.0,TC1,n_agents,500,baseline,3
748,374.0,0,0.0,TC1,n_agents,500,baseline,3
749,374.5,0,0.0,TC1,n_agents,500,baseline,3
750,375.0,0,0.0,TC1,n_agents,500,baseline,3
751,375.5,0,0.0,TC1,n_agents,500,baseline,3
752,376.0,0,0.0,TC1,n_agents,500,baseline,3
753,376.5,0,0.0,TC1,n_agents,500,baseline,3
754,377.0,0,0.0,TC1,n_agents,500,baseline,3
755,377.5,0,0.0,TC1,n_agents,500,baseline,3
756,378.0,0,0.0,TC1,n_agents,500,baseline,3
757,378.5,0,0.0,TC1,n_agents,500,baseline,3
758,379.0,0,0.0,TC1,n_agents,500,baseline,3
759,379.5,0,0.0,TC1,n_agents,500,baseline,3
760,380.0,0,0.0,TC1,n_agents,500,baseline,3
761,380.5,0,0.0,TC1,n_agents,500,baseline,3
762,381.0,0,0.0,TC1,n_agents,500,baseline,3
763,381.5,0,0.0,TC1,n_agents,500,baseline,3
764,382.0,0,0.0,TC1,n_agents,500,baseline,3
765,382.5,0,0.0,TC1,n_agents,500,baseline,3
766,383.0,0,0.0,TC1,n_agents,500,baseline,3
767,383.5,0,0.0,TC1,n_agents,500,baseline,3
768,384.0,0,0.0,TC1,n_agents,500,baseline,3
769,384.5,0,0.0,TC1,n_agents,500,baseline,3
770,385.0,0,0.0,TC1,n_agents,500,baseline,3
771,385.5,0,0.0,TC1,n_agents,500,baseline,3
772,386.0,0,0.0,TC1,n_agents,500,baseline,3
773,386.5,0,0.0,TC1,n_agents,500,baseline,3
774,387.0,0,0.0,TC1,n_agents,500,baseline,3
775,387.5,0,0.0,TC1,n_agents,500,baseline,3
776,388.0,0,0.0,TC1,n_agents,500,baseline,3
777,388.5,0,0.0,TC1,n_agents,500,baseline,3
778,389.0,0,0.0,TC1,n_agents,500,baseline,3
779,389.5,0,0.0,TC1,n_agents,500,baseline,3
780,390.0,0,0.0,TC1,n_agents,500,baseline,3
781,390.5,0,0.0,TC1,n_agents,500,baseline,3
782,391.0,0,0.0,TC1,n_agents,500,baseline,3
783,391.5,0,0.0,TC1,n_agents,500,baseline,3
784,392.0,0,0.0,TC1,n_agents,500,baseline,3
785,392.5,0,0.0,TC1,n_agents,500,baseline,3
786,393.0,0,0.0,TC1,n_agents,500,baseline,3
787,393.5,0,0.0,TC1,n_agents,500,baseline,3
788,394.0,0,0.0,TC1,n_agents,500,baseline,3
789,394.5,0,0.0,TC1,n_agents,500,baseline,3
790,395.0,0,0.0,TC1,n_agents,500,baseline,3
791,395.5,0,0.0,TC1,n_agents,500,baseline,3
792,396.0,0,0.0,TC1,n_agents,500,baseline,3
793,396.5,0,0.0,TC1,n_agents,500,baseline,3
794,397.0,0,0.0,TC1,n_agents,500,baseline,3
795,397.5,0,0.0,TC1,n_agents,500,baseline,3
796,398.0,0,0.0,TC1,n_agents,500,baseline,3
797,398.5,0,0.0,TC1,n_agents,500,baseline,3
798,399.0,0,0.0,TC1,n_agents,500,baseline,3
799,399.5,0,0.0,TC1,n_agents,500,baseline,3
800,400.0,0,0.0,TC1,n_agents,500,baseline,3
0,0.0,0,0.0,TC1,n_agents,50,behavioral,1
1,0.5,0,0.0,TC1,n_agents,50,behavioral,1
2,1.0,0,0.0,TC1,n_agents,50,behavioral,1
3,1.5,0,0.0,TC1,n_agents,50,behavioral,1
4,2.0,0,0.0,TC1,n_agents,50,behavioral,1
5,2.5,0,0.0,TC1,n_agents,50,behavioral,1
6,3.0,0,0.0,TC1,n_agents,50,behavioral,1
7,3.5,0,0.0,TC1,n_agents,50,behavioral,1
8,4.0,0,0.0,TC1,n_agents,50,behavioral,1
9,4.5,0,0.0,TC1,n_agents,50,behavioral,1
10,5.0,0,0.0,TC1,n_agents,50,behavioral,1
11,5.5,0,0.0,TC1,n_agents,50,behavioral,1
12,6.0,0,0.0,TC1,n_agents,50,behavioral,1
13,6.5,0,0.0,TC1,n_agents,50,behavioral,1
14,7.0,0,0.0,TC1,n_agents,50,behavioral,1
15,7.5,0,0.0,TC1,n_agents,50,behavioral,1
16,8.0,0,0.0,TC1,n_agents,50,behavioral,1
17,8.5,0,0.0,TC1,n_agents,50,behavioral,1
18,9.0,0,0.0,TC1,n_agents,50,behavioral,1
19,9.5,0,0.0,TC1,n_agents,50,behavioral,1
20,10.0,0,0.0,TC1,n_agents,50,behavioral,1
21,10.5,0,0.0,TC1,n_agents,50,behavioral,1
22,11.0,0,0.0,TC1,n_agents,50,behavioral,1
23,11.5,0,0.0,TC1,n_agents,50,behavioral,1
24,12.0,0,0.0,TC1,n_agents,50,behavioral,1
25,12.5,0,0.0,TC1,n_agents,50,behavioral,1
26,13.0,0,0.0,TC1,n_agents,50,behavioral,1
27,13.5,0,0.0,TC1,n_agents,50,behavioral,1
28,14.0,0,0.0,TC1,n_agents,50,behavioral,1
29,14.5,0,0.0,TC1,n_agents,50,behavioral,1
30,15.0,0,0.0,TC1,n_agents,50,behavioral,1
31,15.5,0,0.0,TC1,n_agents,50,behavioral,1
32,16.0,0,0.0,TC1,n_agents,50,behavioral,1
33,16.5,0,0.0,TC1,n_agents,50,behavioral,1
34,17.0,0,0.0,TC1,n_agents,50,behavioral,1
35,17.5,0,0.0,TC1,n_agents,50,behavioral,1
36,18.0,0,0.0,TC1,n_agents,50,behavioral,1
37,18.5,0,0.0,TC1,n_agents,50,behavioral,1
38,19.0,0,0.0,TC1,n_agents,50,behavioral,1
39,19.5,0,0.0,TC1,n_agents,50,behavioral,1
40,20.0,0,0.0,TC1,n_agents,50,behavioral,1
41,20.5,0,0.0,TC1,n_agents,50,behavioral,1
42,21.0,0,0.0,TC1,n_agents,50,behavioral,1
43,21.5,0,0.0,TC1,n_agents,50,behavioral,1
44,22.0,0,0.0,TC1,n_agents,50,behavioral,1
45,22.5,0,0.0,TC1,n_agents,50,behavioral,1
46,23.0,0,0.0,TC1,n_agents,50,behavioral,1
47,23.5,0,0.0,TC1,n_agents,50,behavioral,1
48,24.0,0,0.0,TC1,n_agents,50,behavioral,1
49,24.5,0,0.0,TC1,n_agents,50,behavioral,1
50,25.0,0,0.0,TC1,n_agents,50,behavioral,1
51,25.5,0,0.0,TC1,n_agents,50,behavioral,1
52,26.0,0,0.0,TC1,n_agents,50,behavioral,1
53,26.5,0,0.0,TC1,n_agents,50,behavioral,1
54,27.0,0,0.0,TC1,n_agents,50,behavioral,1
55,27.5,0,0.0,TC1,n_agents,50,behavioral,1
56,28.0,0,0.0,TC1,n_agents,50,behavioral,1
57,28.5,0,0.0,TC1,n_agents,50,behavioral,1
58,29.0,0,0.0,TC1,n_agents,50,behavioral,1
59,29.5,0,0.0,TC1,n_agents,50,behavioral,1
60,30.0,0,0.0,TC1,n_agents,50,behavioral,1
61,30.5,0,0.0,TC1,n_agents,50,behavioral,1
62,31.0,0,0.0,TC1,n_agents,50,behavioral,1
63,31.5,0,0.0,TC1,n_agents,50,behavioral,1
64,32.0,0,0.0,TC1,n_agents,50,behavioral,1
65,32.5,0,0.0,TC1,n_agents,50,behavioral,1
66,33.0,0,0.0,TC1,n_agents,50,behavioral,1
67,33.5,0,0.0,TC1,n_agents,50,behavioral,1
68,34.0,0,0.0,TC1,n_agents,50,behavioral,1
69,34.5,0,0.0,TC1,n_agents,50,behavioral,1
70,35.0,0,0.0,TC1,n_agents,50,behavioral,1
71,35.5,0,0.0,TC1,n_agents,50,behavioral,1
72,36.0,0,0.0,TC1,n_agents,50,behavioral,1
73,36.5,0,0.0,TC1,n_agents,50,behavioral,1
74,37.0,0,0.0,TC1,n_agents,50,behavioral,1
75,37.5,0,0.0,TC1,n_agents,50,behavioral,1
76,38.0,0,0.0,TC1,n_agents,50,behavioral,1
77,38.5,0,0.0,TC1,n_agents,50,behavioral,1
78,39.0,0,0.0,TC1,n_agents,50,behavioral,1
79,39.5,0,0.0,TC1,n_agents,50,behavioral,1
80,40.0,0,0.0,TC1,n_agents,50,behavioral,1
81,40.5,0,0.0,TC1,n_agents,50,behavioral,1
82,41.0,0,0.0,TC1,n_agents,50,behavioral,1
83,41.5,0,0.0,TC1,n_agents,50,behavioral,1
84,42.0,0,0.0,TC1,n_agents,50,behavioral,1
85,42.5,0,0.0,TC1,n_agents,50,behavioral,1
86,43.0,0,0.0,TC1,n_agents,50,behavioral,1
87,43.5,0,0.0,TC1,n_agents,50,behavioral,1
88,44.0,0,0.0,TC1,n_agents,50,behavioral,1
89,44.5,0,0.0,TC1,n_agents,50,behavioral,1
90,45.0,0,0.0,TC1,n_agents,50,behavioral,1
91,45.5,0,0.0,TC1,n_agents,50,behavioral,1
92,46.0,0,0.0,TC1,n_agents,50,behavioral,1
93,46.5,0,0.0,TC1,n_agents,50,behavioral,1
94,47.0,0,0.0,TC1,n_agents,50,behavioral,1
95,47.5,0,0.0,TC1,n_agents,50,behavioral,1
96,48.0,0,0.0,TC1,n_agents,50,behavioral,1
97,48.5,0,0.0,TC1,n_agents,50,behavioral,1
98,49.0,0,0.0,TC1,n_agents,50,behavioral,1
99,49.5,0,0.0,TC1,n_agents,50,behavioral,1
100,50.0,0,0.0,TC1,n_agents,50,behavioral,1
101,50.5,0,0.0,TC1,n_agents,50,behavioral,1
102,51.0,0,0.0,TC1,n_agents,50,behavioral,1
103,51.5,0,0.0,TC1,n_agents,50,behavioral,1
104,52.0,0,0.0,TC1,n_agents,50,behavioral,1
105,52.5,0,0.0,TC1,n_agents,50,behavioral,1
106,53.0,0,0.0,TC1,n_agents,50,behavioral,1
107,53.5,0,0.0,TC1,n_agents,50,behavioral,1
108,54.0,0,0.0,TC1,n_agents,50,behavioral,1
109,54.5,0,0.0,TC1,n_agents,50,behavioral,1
110,55.0,0,0.0,TC1,n_agents,50,behavioral,1
111,55.5,0,0.0,TC1,n_agents,50,behavioral,1
112,56.0,0,0.0,TC1,n_agents,50,behavioral,1
113,56.5,0,0.0,TC1,n_agents,50,behavioral,1
114,57.0,0,0.0,TC1,n_agents,50,behavioral,1
115,57.5,0,0.0,TC1,n_agents,50,behavioral,1
116,58.0,0,0.0,TC1,n_agents,50,behavioral,1
117,58.5,0,0.0,TC1,n_agents,50,behavioral,1
118,59.0,0,0.0,TC1,n_agents,50,behavioral,1
119,59.5,0,0.0,TC1,n_agents,50,behavioral,1
120,60.0,0,0.0,TC1,n_agents,50,behavioral,1
121,60.5,0,0.0,TC1,n_agents,50,behavioral,1
122,61.0,0,0.0,TC1,n_agents,50,behavioral,1
123,61.5,0,0.0,TC1,n_agents,50,behavioral,1
124,62.0,0,0.0,TC1,n_agents,50,behavioral,1
125,62.5,0,0.0,TC1,n_agents,50,behavioral,1
126,63.0,0,0.0,TC1,n_agents,50,behavioral,1
127,63.5,0,0.0,TC1,n_agents,50,behavioral,1
128,64.0,0,0.0,TC1,n_agents,50,behavioral,1
129,64.5,0,0.0,TC1,n_agents,50,behavioral,1
130,65.0,0,0.0,TC1,n_agents,50,behavioral,1
131,65.5,0,0.0,TC1,n_agents,50,behavioral,1
132,66.0,0,0.0,TC1,n_agents,50,behavioral,1
133,66.5,0,0.0,TC1,n_agents,50,behavioral,1
134,67.0,0,0.0,TC1,n_agents,50,behavioral,1
135,67.5,0,0.0,TC1,n_agents,50,behavioral,1
136,68.0,0,0.0,TC1,n_agents,50,behavioral,1
137,68.5,0,0.0,TC1,n_agents,50,behavioral,1
138,69.0,0,0.0,TC1,n_agents,50,behavioral,1
139,69.5,0,0.0,TC1,n_agents,50,behavioral,1
140,70.0,0,0.0,TC1,n_agents,50,behavioral,1
141,70.5,0,0.0,TC1,n_agents,50,behavioral,1
142,71.0,0,0.0,TC1,n_agents,50,behavioral,1
143,71.5,0,0.0,TC1,n_agents,50,behavioral,1
144,72.0,0,0.0,TC1,n_agents,50,behavioral,1
145,72.5,0,0.0,TC1,n_agents,50,behavioral,1
146,73.0,0,0.0,TC1,n_agents,50,behavioral,1
147,73.5,0,0.0,TC1,n_agents,50,behavioral,1
148,74.0,0,0.0,TC1,n_agents,50,behavioral,1
149,74.5,0,0.0,TC1,n_agents,50,behavioral,1
150,75.0,0,0.0,TC1,n_agents,50,behavioral,1
151,75.5,0,0.0,TC1,n_agents,50,behavioral,1
152,76.0,0,0.0,TC1,n_agents,50,behavioral,1
153,76.5,0,0.0,TC1,n_agents,50,behavioral,1
154,77.0,0,0.0,TC1,n_agents,50,behavioral,1
155,77.5,0,0.0,TC1,n_agents,50,behavioral,1
156,78.0,0,0.0,TC1,n_agents,50,behavioral,1
157,78.5,0,0.0,TC1,n_agents,50,behavioral,1
158,79.0,0,0.0,TC1,n_agents,50,behavioral,1
159,79.5,0,0.0,TC1,n_agents,50,behavioral,1
160,80.0,0,0.0,TC1,n_agents,50,behavioral,1
161,80.5,0,0.0,TC1,n_agents,50,behavioral,1
162,81.0,0,0.0,TC1,n_agents,50,behavioral,1
163,81.5,0,0.0,TC1,n_agents,50,behavioral,1
164,82.0,0,0.0,TC1,n_agents,50,behavioral,1
165,82.5,0,0.0,TC1,n_agents,50,behavioral,1
166,83.0,0,0.0,TC1,n_agents,50,behavioral,1
167,83.5,0,0.0,TC1,n_agents,50,behavioral,1
168,84.0,0,0.0,TC1,n_agents,50,behavioral,1
169,84.5,0,0.0,TC1,n_agents,50,behavioral,1
170,85.0,0,0.0,TC1,n_agents,50,behavioral,1
171,85.5,0,0.0,TC1,n_agents,50,behavioral,1
172,86.0,0,0.0,TC1,n_agents,50,behavioral,1
173,86.5,0,0.0,TC1,n_agents,50,behavioral,1
174,87.0,0,0.0,TC1,n_agents,50,behavioral,1
175,87.5,0,0.0,TC1,n_agents,50,behavioral,1
176,88.0,0,0.0,TC1,n_agents,50,behavioral,1
177,88.5,0,0.0,TC1,n_agents,50,behavioral,1
178,89.0,0,0.0,TC1,n_agents,50,behavioral,1
179,89.5,0,0.0,TC1,n_agents,50,behavioral,1
180,90.0,0,0.0,TC1,n_agents,50,behavioral,1
181,90.5,0,0.0,TC1,n_agents,50,behavioral,1
182,91.0,0,0.0,TC1,n_agents,50,behavioral,1
183,91.5,0,0.0,TC1,n_agents,50,behavioral,1
184,92.0,0,0.0,TC1,n_agents,50,behavioral,1
185,92.5,0,0.0,TC1,n_agents,50,behavioral,1
186,93.0,0,0.0,TC1,n_agents,50,behavioral,1
187,93.5,0,0.0,TC1,n_agents,50,behavioral,1
188,94.0,0,0.0,TC1,n_agents,50,behavioral,1
189,94.5,0,0.0,TC1,n_agents,50,behavioral,1
190,95.0,0,0.0,TC1,n_agents,50,behavioral,1
191,95.5,0,0.0,TC1,n_agents,50,behavioral,1
192,96.0,0,0.0,TC1,n_agents,50,behavioral,1
193,96.5,0,0.0,TC1,n_agents,50,behavioral,1
194,97.0,0,0.0,TC1,n_agents,50,behavioral,1
195,97.5,0,0.0,TC1,n_agents,50,behavioral,1
196,98.0,0,0.0,TC1,n_agents,50,behavioral,1
197,98.5,0,0.0,TC1,n_agents,50,behavioral,1
198,99.0,0,0.0,TC1,n_agents,50,behavioral,1
199,99.5,0,0.0,TC1,n_agents,50,behavioral,1
200,100.0,0,0.0,TC1,n_agents,50,behavioral,1
201,100.5,0,0.0,TC1,n_agents,50,behavioral,1
202,101.0,0,0.0,TC1,n_agents,50,behavioral,1
203,101.5,0,0.0,TC1,n_agents,50,behavioral,1
204,102.0,0,0.0,TC1,n_agents,50,behavioral,1
205,102.5,0,0.0,TC1,n_agents,50,behavioral,1
206,103.0,0,0.0,TC1,n_agents,50,behavioral,1
207,103.5,0,0.0,TC1,n_agents,50,behavioral,1
208,104.0,0,0.0,TC1,n_agents,50,behavioral,1
209,104.5,0,0.0,TC1,n_agents,50,behavioral,1
210,105.0,0,0.0,TC1,n_agents,50,behavioral,1
211,105.5,0,0.0,TC1,n_agents,50,behavioral,1
212,106.0,0,0.0,TC1,n_agents,50,behavioral,1
213,106.5,0,0.0,TC1,n_agents,50,behavioral,1
214,107.0,0,0.0,TC1,n_agents,50,behavioral,1
215,107.5,0,0.0,TC1,n_agents,50,behavioral,1
216,108.0,0,0.0,TC1,n_agents,50,behavioral,1
217,108.5,0,0.0,TC1,n_agents,50,behavioral,1
218,109.0,0,0.0,TC1,n_agents,50,behavioral,1
219,109.5,0,0.0,TC1,n_agents,50,behavioral,1
220,110.0,0,0.0,TC1,n_agents,50,behavioral,1
221,110.5,0,0.0,TC1,n_agents,50,behavioral,1
222,111.0,0,0.0,TC1,n_agents,50,behavioral,1
223,111.5,0,0.0,TC1,n_agents,50,behavioral,1
224,112.0,0,0.0,TC1,n_agents,50,behavioral,1
225,112.5,0,0.0,TC1,n_agents,50,behavioral,1
226,113.0,0,0.0,TC1,n_agents,50,behavioral,1
227,113.5,0,0.0,TC1,n_agents,50,behavioral,1
228,114.0,0,0.0,TC1,n_agents,50,behavioral,1
229,114.5,0,0.0,TC1,n_agents,50,behavioral,1
230,115.0,0,0.0,TC1,n_agents,50,behavioral,1
231,115.5,0,0.0,TC1,n_agents,50,behavioral,1
232,116.0,0,0.0,TC1,n_agents,50,behavioral,1
233,116.5,0,0.0,TC1,n_agents,50,behavioral,1
234,117.0,0,0.0,TC1,n_agents,50,behavioral,1
235,117.5,0,0.0,TC1,n_agents,50,behavioral,1
236,118.0,0,0.0,TC1,n_agents,50,behavioral,1
237,118.5,0,0.0,TC1,n_agents,50,behavioral,1
238,119.0,0,0.0,TC1,n_agents,50,behavioral,1
239,119.5,0,0.0,TC1,n_agents,50,behavioral,1
240,120.0,0,0.0,TC1,n_agents,50,behavioral,1
241,120.5,0,0.0,TC1,n_agents,50,behavioral,1
242,121.0,0,0.0,TC1,n_agents,50,behavioral,1
243,121.5,0,0.0,TC1,n_agents,50,behavioral,1
244,122.0,0,0.0,TC1,n_agents,50,behavioral,1
245,122.5,0,0.0,TC1,n_agents,50,behavioral,1
246,123.0,0,0.0,TC1,n_agents,50,behavioral,1
247,123.5,0,0.0,TC1,n_agents,50,behavioral,1
248,124.0,0,0.0,TC1,n_agents,50,behavioral,1
249,124.5,0,0.0,TC1,n_agents,50,behavioral,1
250,125.0,0,0.0,TC1,n_agents,50,behavioral,1
251,125.5,0,0.0,TC1,n_agents,50,behavioral,1
252,126.0,0,0.0,TC1,n_agents,50,behavioral,1
253,126.5,0,0.0,TC1,n_agents,50,behavioral,1
254,127.0,0,0.0,TC1,n_agents,50,behavioral,1
255,127.5,0,0.0,TC1,n_agents,50,behavioral,1
256,128.0,0,0.0,TC1,n_agents,50,behavioral,1
257,128.5,0,0.0,TC1,n_agents,50,behavioral,1
258,129.0,0,0.0,TC1,n_agents,50,behavioral,1
259,129.5,0,0.0,TC1,n_agents,50,behavioral,1
260,130.0,0,0.0,TC1,n_agents,50,behavioral,1
261,130.5,0,0.0,TC1,n_agents,50,behavioral,1
262,131.0,0,0.0,TC1,n_agents,50,behavioral,1
263,131.5,0,0.0,TC1,n_agents,50,behavioral,1
264,132.0,0,0.0,TC1,n_agents,50,behavioral,1
265,132.5,0,0.0,TC1,n_agents,50,behavioral,1
266,133.0,0,0.0,TC1,n_agents,50,behavioral,1
267,133.5,0,0.0,TC1,n_agents,50,behavioral,1
268,134.0,0,0.0,TC1,n_agents,50,behavioral,1
269,134.5,0,0.0,TC1,n_agents,50,behavioral,1
270,135.0,0,0.0,TC1,n_agents,50,behavioral,1
271,135.5,0,0.0,TC1,n_agents,50,behavioral,1
272,136.0,0,0.0,TC1,n_agents,50,behavioral,1
273,136.5,0,0.0,TC1,n_agents,50,behavioral,1
274,137.0,0,0.0,TC1,n_agents,50,behavioral,1
275,137.5,0,0.0,TC1,n_agents,50,behavioral,1
276,138.0,0,0.0,TC1,n_agents,50,behavioral,1
277,138.5,0,0.0,TC1,n_agents,50,behavioral,1
278,139.0,0,0.0,TC1,n_agents,50,behavioral,1
279,139.5,0,0.0,TC1,n_agents,50,behavioral,1
280,140.0,0,0.0,TC1,n_agents,50,behavioral,1
281,140.5,0,0.0,TC1,n_agents,50,behavioral,1
282,141.0,0,0.0,TC1,n_agents,50,behavioral,1
283,141.5,0,0.0,TC1,n_agents,50,behavioral,1
284,142.0,0,0.0,TC1,n_agents,50,behavioral,1
285,142.5,0,0.0,TC1,n_agents,50,behavioral,1
286,143.0,0,0.0,TC1,n_agents,50,behavioral,1
287,143.5,0,0.0,TC1,n_agents,50,behavioral,1
288,144.0,0,0.0,TC1,n_agents,50,behavioral,1
289,144.5,0,0.0,TC1,n_agents,50,behavioral,1
290,145.0,0,0.0,TC1,n_agents,50,behavioral,1
291,145.5,0,0.0,TC1,n_agents,50,behavioral,1
292,146.0,0,0.0,TC1,n_agents,50,behavioral,1
293,146.5,0,0.0,TC1,n_agents,50,behavioral,1
294,147.0,0,0.0,TC1,n_agents,50,behavioral,1
295,147.5,0,0.0,TC1,n_agents,50,behavioral,1
296,148.0,0,0.0,TC1,n_agents,50,behavioral,1
297,148.5,0,0.0,TC1,n_agents,50,behavioral,1
298,149.0,0,0.0,TC1,n_agents,50,behavioral,1
299,149.5,0,0.0,TC1,n_agents,50,behavioral,1
300,150.0,0,0.0,TC1,n_agents,50,behavioral,1
301,150.5,0,0.0,TC1,n_agents,50,behavioral,1
302,151.0,0,0.0,TC1,n_agents,50,behavioral,1
303,151.5,0,0.0,TC1,n_agents,50,behavioral,1
304,152.0,0,0.0,TC1,n_agents,50,behavioral,1
305,152.5,0,0.0,TC1,n_agents,50,behavioral,1
306,153.0,0,0.0,TC1,n_agents,50,behavioral,1
307,153.5,0,0.0,TC1,n_agents,50,behavioral,1
308,154.0,0,0.0,TC1,n_agents,50,behavioral,1
309,154.5,0,0.0,TC1,n_agents,50,behavioral,1
310,155.0,0,0.0,TC1,n_agents,50,behavioral,1
311,155.5,0,0.0,TC1,n_agents,50,behavioral,1
312,156.0,0,0.0,TC1,n_agents,50,behavioral,1
313,156.5,0,0.0,TC1,n_agents,50,behavioral,1
314,157.0,0,0.0,TC1,n_agents,50,behavioral,1
315,157.5,0,0.0,TC1,n_agents,50,behavioral,1
316,158.0,0,0.0,TC1,n_agents,50,behavioral,1
317,158.5,0,0.0,TC1,n_agents,50,behavioral,1
318,159.0,0,0.0,TC1,n_agents,50,behavioral,1
319,159.5,0,0.0,TC1,n_agents,50,behavioral,1
320,160.0,0,0.0,TC1,n_agents,50,behavioral,1
321,160.5,0,0.0,TC1,n_agents,50,behavioral,1
322,161.0,0,0.0,TC1,n_agents,50,behavioral,1
323,161.5,0,0.0,TC1,n_agents,50,behavioral,1
324,162.0,0,0.0,TC1,n_agents,50,behavioral,1
325,162.5,0,0.0,TC1,n_agents,50,behavioral,1
326,163.0,0,0.0,TC1,n_agents,50,behavioral,1
327,163.5,0,0.0,TC1,n_agents,50,behavioral,1
328,164.0,0,0.0,TC1,n_agents,50,behavioral,1
329,164.5,0,0.0,TC1,n_agents,50,behavioral,1
330,165.0,0,0.0,TC1,n_agents,50,behavioral,1
331,165.5,0,0.0,TC1,n_agents,50,behavioral,1
332,166.0,0,0.0,TC1,n_agents,50,behavioral,1
333,166.5,0,0.0,TC1,n_agents,50,behavioral,1
334,167.0,0,0.0,TC1,n_agents,50,behavioral,1
335,167.5,0,0.0,TC1,n_agents,50,behavioral,1
336,168.0,0,0.0,TC1,n_agents,50,behavioral,1
337,168.5,0,0.0,TC1,n_agents,50,behavioral,1
338,169.0,0,0.0,TC1,n_agents,50,behavioral,1
339,169.5,0,0.0,TC1,n_agents,50,behavioral,1
340,170.0,0,0.0,TC1,n_agents,50,behavioral,1
341,170.5,0,0.0,TC1,n_agents,50,behavioral,1
342,171.0,0,0.0,TC1,n_agents,50,behavioral,1
343,171.5,0,0.0,TC1,n_agents,50,behavioral,1
344,172.0,0,0.0,TC1,n_agents,50,behavioral,1
345,172.5,0,0.0,TC1,n_agents,50,behavioral,1
346,173.0,0,0.0,TC1,n_agents,50,behavioral,1
347,173.5,0,0.0,TC1,n_agents,50,behavioral,1
348,174.0,0,0.0,TC1,n_agents,50,behavioral,1
349,174.5,0,0.0,TC1,n_agents,50,behavioral,1
350,175.0,0,0.0,TC1,n_agents,50,behavioral,1
351,175.5,0,0.0,TC1,n_agents,50,behavioral,1
352,176.0,0,0.0,TC1,n_agents,50,behavioral,1
353,176.5,0,0.0,TC1,n_agents,50,behavioral,1
354,177.0,0,0.0,TC1,n_agents,50,behavioral,1
355,177.5,0,0.0,TC1,n_agents,50,behavioral,1
356,178.0,0,0.0,TC1,n_agents,50,behavioral,1
357,178.5,0,0.0,TC1,n_agents,50,behavioral,1
358,179.0,0,0.0,TC1,n_agents,50,behavioral,1
359,179.5,0,0.0,TC1,n_agents,50,behavioral,1
360,180.0,0,0.0,TC1,n_agents,50,behavioral,1
361,180.5,0,0.0,TC1,n_agents,50,behavioral,1
362,181.0,0,0.0,TC1,n_agents,50,behavioral,1
363,181.5,0,0.0,TC1,n_agents,50,behavioral,1
364,182.0,0,0.0,TC1,n_agents,50,behavioral,1
365,182.5,0,0.0,TC1,n_agents,50,behavioral,1
366,183.0,0,0.0,TC1,n_agents,50,behavioral,1
367,183.5,0,0.0,TC1,n_agents,50,behavioral,1
368,184.0,0,0.0,TC1,n_agents,50,behavioral,1
369,184.5,0,0.0,TC1,n_agents,50,behavioral,1
370,185.0,0,0.0,TC1,n_agents,50,behavioral,1
371,185.5,0,0.0,TC1,n_agents,50,behavioral,1
372,186.0,0,0.0,TC1,n_agents,50,behavioral,1
373,186.5,0,0.0,TC1,n_agents,50,behavioral,1
374,187.0,0,0.0,TC1,n_agents,50,behavioral,1
375,187.5,0,0.0,TC1,n_agents,50,behavioral,1
376,188.0,0,0.0,TC1,n_agents,50,behavioral,1
377,188.5,0,0.0,TC1,n_agents,50,behavioral,1
378,189.0,0,0.0,TC1,n_agents,50,behavioral,1
379,189.5,0,0.0,TC1,n_agents,50,behavioral,1
380,190.0,0,0.0,TC1,n_agents,50,behavioral,1
381,190.5,0,0.0,TC1,n_agents,50,behavioral,1
382,191.0,0,0.0,TC1,n_agents,50,behavioral,1
383,191.5,0,0.0,TC1,n_agents,50,behavioral,1
384,192.0,0,0.0,TC1,n_agents,50,behavioral,1
385,192.5,0,0.0,TC1,n_agents,50,behavioral,1
386,193.0,0,0.0,TC1,n_agents,50,behavioral,1
387,193.5,0,0.0,TC1,n_agents,50,behavioral,1
388,194.0,0,0.0,TC1,n_agents,50,behavioral,1
389,194.5,0,0.0,TC1,n_agents,50,behavioral,1
390,195.0,0,0.0,TC1,n_agents,50,behavioral,1
391,195.5,0,0.0,TC1,n_agents,50,behavioral,1
392,196.0,0,0.0,TC1,n_agents,50,behavioral,1
393,196.5,0,0.0,TC1,n_agents,50,behavioral,1
394,197.0,0,0.0,TC1,n_agents,50,behavioral,1
395,197.5,0,0.0,TC1,n_agents,50,behavioral,1
396,198.0,0,0.0,TC1,n_agents,50,behavioral,1
397,198.5,0,0.0,TC1,n_agents,50,behavioral,1
398,199.0,0,0.0,TC1,n_agents,50,behavioral,1
399,199.5,0,0.0,TC1,n_agents,50,behavioral,1
400,200.0,0,0.0,TC1,n_agents,50,behavioral,1
401,200.5,0,0.0,TC1,n_agents,50,behavioral,1
402,201.0,0,0.0,TC1,n_agents,50,behavioral,1
403,201.5,0,0.0,TC1,n_agents,50,behavioral,1
404,202.0,0,0.0,TC1,n_agents,50,behavioral,1
405,202.5,0,0.0,TC1,n_agents,50,behavioral,1
406,203.0,0,0.0,TC1,n_agents,50,behavioral,1
407,203.5,0,0.0,TC1,n_agents,50,behavioral,1
408,204.0,0,0.0,TC1,n_agents,50,behavioral,1
409,204.5,0,0.0,TC1,n_agents,50,behavioral,1
410,205.0,0,0.0,TC1,n_agents,50,behavioral,1
411,205.5,0,0.0,TC1,n_agents,50,behavioral,1
412,206.0,0,0.0,TC1,n_agents,50,behavioral,1
413,206.5,0,0.0,TC1,n_agents,50,behavioral,1
414,207.0,0,0.0,TC1,n_agents,50,behavioral,1
415,207.5,0,0.0,TC1,n_agents,50,behavioral,1
416,208.0,0,0.0,TC1,n_agents,50,behavioral,1
417,208.5,0,0.0,TC1,n_agents,50,behavioral,1
418,209.0,0,0.0,TC1,n_agents,50,behavioral,1
419,209.5,0,0.0,TC1,n_agents,50,behavioral,1
420,210.0,0,0.0,TC1,n_agents,50,behavioral,1
421,210.5,0,0.0,TC1,n_agents,50,behavioral,1
422,211.0,0,0.0,TC1,n_agents,50,behavioral,1
423,211.5,0,0.0,TC1,n_agents,50,behavioral,1
424,212.0,0,0.0,TC1,n_agents,50,behavioral,1
425,212.5,0,0.0,TC1,n_agents,50,behavioral,1
426,213.0,0,0.0,TC1,n_agents,50,behavioral,1
427,213.5,0,0.0,TC1,n_agents,50,behavioral,1
428,214.0,0,0.0,TC1,n_agents,50,behavioral,1
429,214.5,0,0.0,TC1,n_agents,50,behavioral,1
430,215.0,0,0.0,TC1,n_agents,50,behavioral,1
431,215.5,0,0.0,TC1,n_agents,50,behavioral,1
432,216.0,0,0.0,TC1,n_agents,50,behavioral,1
433,216.5,0,0.0,TC1,n_agents,50,behavioral,1
434,217.0,0,0.0,TC1,n_agents,50,behavioral,1
435,217.5,0,0.0,TC1,n_agents,50,behavioral,1
436,218.0,0,0.0,TC1,n_agents,50,behavioral,1
437,218.5,0,0.0,TC1,n_agents,50,behavioral,1
438,219.0,0,0.0,TC1,n_agents,50,behavioral,1
439,219.5,0,0.0,TC1,n_agents,50,behavioral,1
440,220.0,0,0.0,TC1,n_agents,50,behavioral,1
441,220.5,0,0.0,TC1,n_agents,50,behavioral,1
442,221.0,0,0.0,TC1,n_agents,50,behavioral,1
443,221.5,0,0.0,TC1,n_agents,50,behavioral,1
444,222.0,0,0.0,TC1,n_agents,50,behavioral,1
445,222.5,0,0.0,TC1,n_agents,50,behavioral,1
446,223.0,0,0.0,TC1,n_agents,50,behavioral,1
447,223.5,0,0.0,TC1,n_agents,50,behavioral,1
448,224.0,0,0.0,TC1,n_agents,50,behavioral,1
449,224.5,0,0.0,TC1,n_agents,50,behavioral,1
450,225.0,0,0.0,TC1,n_agents,50,behavioral,1
451,225.5,0,0.0,TC1,n_agents,50,behavioral,1
452,226.0,0,0.0,TC1,n_agents,50,behavioral,1
453,226.5,0,0.0,TC1,n_agents,50,behavioral,1
454,227.0,0,0.0,TC1,n_agents,50,behavioral,1
455,227.5,0,0.0,TC1,n_agents,50,behavioral,1
456,228.0,0,0.0,TC1,n_agents,50,behavioral,1
457,228.5,0,0.0,TC1,n_agents,50,behavioral,1
458,229.0,0,0.0,TC1,n_agents,50,behavioral,1
459,229.5,0,0.0,TC1,n_agents,50,behavioral,1
460,230.0,0,0.0,TC1,n_agents,50,behavioral,1
461,230.5,0,0.0,TC1,n_agents,50,behavioral,1
462,231.0,0,0.0,TC1,n_agents,50,behavioral,1
463,231.5,0,0.0,TC1,n_agents,50,behavioral,1
464,232.0,0,0.0,TC1,n_agents,50,behavioral,1
465,232.5,0,0.0,TC1,n_agents,50,behavioral,1
466,233.0,0,0.0,TC1,n_agents,50,behavioral,1
467,233.5,0,0.0,TC1,n_agents,50,behavioral,1
468,234.0,0,0.0,TC1,n_agents,50,behavioral,1
469,234.5,0,0.0,TC1,n_agents,50,behavioral,1
470,235.0,0,0.0,TC1,n_agents,50,behavioral,1
471,235.5,0,0.0,TC1,n_agents,50,behavioral,1
472,236.0,0,0.0,TC1,n_agents,50,behavioral,1
473,236.5,0,0.0,TC1,n_agents,50,behavioral,1
474,237.0,0,0.0,TC1,n_agents,50,behavioral,1
475,237.5,0,0.0,TC1,n_agents,50,behavioral,1
476,238.0,0,0.0,TC1,n_agents,50,behavioral,1
477,238.5,0,0.0,TC1,n_agents,50,behavioral,1
478,239.0,0,0.0,TC1,n_agents,50,behavioral,1
479,239.5,0,0.0,TC1,n_agents,50,behavioral,1
480,240.0,0,0.0,TC1,n_agents,50,behavioral,1
481,240.5,0,0.0,TC1,n_agents,50,behavioral,1
482,241.0,0,0.0,TC1,n_agents,50,behavioral,1
483,241.5,0,0.0,TC1,n_agents,50,behavioral,1
484,242.0,0,0.0,TC1,n_agents,50,behavioral,1
485,242.5,0,0.0,TC1,n_agents,50,behavioral,1
486,243.0,0,0.0,TC1,n_agents,50,behavioral,1
487,243.5,0,0.0,TC1,n_agents,50,behavioral,1
488,244.0,0,0.0,TC1,n_agents,50,behavioral,1
489,244.5,0,0.0,TC1,n_agents,50,behavioral,1
490,245.0,0,0.0,TC1,n_agents,50,behavioral,1
491,245.5,0,0.0,TC1,n_agents,50,behavioral,1
492,246.0,0,0.0,TC1,n_agents,50,behavioral,1
493,246.5,0,0.0,TC1,n_agents,50,behavioral,1
494,247.0,0,0.0,TC1,n_agents,50,behavioral,1
495,247.5,0,0.0,TC1,n_agents,50,behavioral,1
496,248.0,0,0.0,TC1,n_agents,50,behavioral,1
497,248.5,0,0.0,TC1,n_agents,50,behavioral,1
498,249.0,0,0.0,TC1,n_agents,50,behavioral,1
499,249.5,0,0.0,TC1,n_agents,50,behavioral,1
500,250.0,0,0.0,TC1,n_agents,50,behavioral,1
501,250.5,0,0.0,TC1,n_agents,50,behavioral,1
502,251.0,0,0.0,TC1,n_agents,50,behavioral,1
503,251.5,0,0.0,TC1,n_agents,50,behavioral,1
504,252.0,0,0.0,TC1,n_agents,50,behavioral,1
505,252.5,0,0.0,TC1,n_agents,50,behavioral,1
506,253.0,0,0.0,TC1,n_agents,50,behavioral,1
507,253.5,0,0.0,TC1,n_agents,50,behavioral,1
508,254.0,0,0.0,TC1,n_agents,50,behavioral,1
509,254.5,0,0.0,TC1,n_agents,50,behavioral,1
510,255.0,0,0.0,TC1,n_agents,50,behavioral,1
511,255.5,0,0.0,TC1,n_agents,50,behavioral,1
512,256.0,0,0.0,TC1,n_agents,50,behavioral,1
513,256.5,0,0.0,TC1,n_agents,50,behavioral,1
514,257.0,0,0.0,TC1,n_agents,50,behavioral,1
515,257.5,0,0.0,TC1,n_agents,50,behavioral,1
516,258.0,0,0.0,TC1,n_agents,50,behavioral,1
517,258.5,0,0.0,TC1,n_agents,50,behavioral,1
518,259.0,0,0.0,TC1,n_agents,50,behavioral,1
519,259.5,0,0.0,TC1,n_agents,50,behavioral,1
520,260.0,0,0.0,TC1,n_agents,50,behavioral,1
521,260.5,0,0.0,TC1,n_agents,50,behavioral,1
522,261.0,0,0.0,TC1,n_agents,50,behavioral,1
523,261.5,0,0.0,TC1,n_agents,50,behavioral,1
524,262.0,0,0.0,TC1,n_agents,50,behavioral,1
525,262.5,0,0.0,TC1,n_agents,50,behavioral,1
526,263.0,0,0.0,TC1,n_agents,50,behavioral,1
527,263.5,0,0.0,TC1,n_agents,50,behavioral,1
528,264.0,0,0.0,TC1,n_agents,50,behavioral,1
529,264.5,0,0.0,TC1,n_agents,50,behavioral,1
530,265.0,0,0.0,TC1,n_agents,50,behavioral,1
531,265.5,0,0.0,TC1,n_agents,50,behavioral,1
532,266.0,0,0.0,TC1,n_agents,50,behavioral,1
533,266.5,0,0.0,TC1,n_agents,50,behavioral,1
534,267.0,0,0.0,TC1,n_agents,50,behavioral,1
535,267.5,0,0.0,TC1,n_agents,50,behavioral,1
536,268.0,0,0.0,TC1,n_agents,50,behavioral,1
537,268.5,0,0.0,TC1,n_agents,50,behavioral,1
538,269.0,0,0.0,TC1,n_agents,50,behavioral,1
539,269.5,0,0.0,TC1,n_agents,50,behavioral,1
540,270.0,0,0.0,TC1,n_agents,50,behavioral,1
541,270.5,0,0.0,TC1,n_agents,50,behavioral,1
542,271.0,0,0.0,TC1,n_agents,50,behavioral,1
543,271.5,0,0.0,TC1,n_agents,50,behavioral,1
544,272.0,0,0.0,TC1,n_agents,50,behavioral,1
545,272.5,0,0.0,TC1,n_agents,50,behavioral,1
546,273.0,0,0.0,TC1,n_agents,50,behavioral,1
547,273.5,0,0.0,TC1,n_agents,50,behavioral,1
548,274.0,0,0.0,TC1,n_agents,50,behavioral,1
549,274.5,0,0.0,TC1,n_agents,50,behavioral,1
550,275.0,0,0.0,TC1,n_agents,50,behavioral,1
551,275.5,0,0.0,TC1,n_agents,50,behavioral,1
552,276.0,0,0.0,TC1,n_agents,50,behavioral,1
553,276.5,0,0.0,TC1,n_agents,50,behavioral,1
554,277.0,0,0.0,TC1,n_agents,50,behavioral,1
555,277.5,0,0.0,TC1,n_agents,50,behavioral,1
556,278.0,0,0.0,TC1,n_agents,50,behavioral,1
557,278.5,0,0.0,TC1,n_agents,50,behavioral,1
558,279.0,0,0.0,TC1,n_agents,50,behavioral,1
559,279.5,0,0.0,TC1,n_agents,50,behavioral,1
560,280.0,0,0.0,TC1,n_agents,50,behavioral,1
561,280.5,0,0.0,TC1,n_agents,50,behavioral,1
562,281.0,0,0.0,TC1,n_agents,50,behavioral,1
563,281.5,0,0.0,TC1,n_agents,50,behavioral,1
564,282.0,0,0.0,TC1,n_agents,50,behavioral,1
565,282.5,0,0.0,TC1,n_agents,50,behavioral,1
566,283.0,0,0.0,TC1,n_agents,50,behavioral,1
567,283.5,0,0.0,TC1,n_agents,50,behavioral,1
568,284.0,0,0.0,TC1,n_agents,50,behavioral,1
569,284.5,0,0.0,TC1,n_agents,50,behavioral,1
570,285.0,0,0.0,TC1,n_agents,50,behavioral,1
571,285.5,0,0.0,TC1,n_agents,50,behavioral,1
572,286.0,0,0.0,TC1,n_agents,50,behavioral,1
573,286.5,0,0.0,TC1,n_agents,50,behavioral,1
574,287.0,0,0.0,TC1,n_agents,50,behavioral,1
575,287.5,0,0.0,TC1,n_agents,50,behavioral,1
576,288.0,0,0.0,TC1,n_agents,50,behavioral,1
577,288.5,0,0.0,TC1,n_agents,50,behavioral,1
578,289.0,0,0.0,TC1,n_agents,50,behavioral,1
579,289.5,0,0.0,TC1,n_agents,50,behavioral,1
580,290.0,0,0.0,TC1,n_agents,50,behavioral,1
581,290.5,0,0.0,TC1,n_agents,50,behavioral,1
582,291.0,0,0.0,TC1,n_agents,50,behavioral,1
583,291.5,0,0.0,TC1,n_agents,50,behavioral,1
584,292.0,0,0.0,TC1,n_agents,50,behavioral,1
585,292.5,0,0.0,TC1,n_agents,50,behavioral,1
586,293.0,0,0.0,TC1,n_agents,50,behavioral,1
587,293.5,0,0.0,TC1,n_agents,50,behavioral,1
588,294.0,0,0.0,TC1,n_agents,50,behavioral,1
589,294.5,0,0.0,TC1,n_agents,50,behavioral,1
590,295.0,0,0.0,TC1,n_agents,50,behavioral,1
591,295.5,0,0.0,TC1,n_agents,50,behavioral,1
592,296.0,0,0.0,TC1,n_agents,50,behavioral,1
593,296.5,0,0.0,TC1,n_agents,50,behavioral,1
594,297.0,0,0.0,TC1,n_agents,50,behavioral,1
595,297.5,0,0.0,TC1,n_agents,50,behavioral,1
596,298.0,0,0.0,TC1,n_agents,50,behavioral,1
597,298.5,0,0.0,TC1,n_agents,50,behavioral,1
598,299.0,0,0.0,TC1,n_agents,50,behavioral,1
599,299.5,0,0.0,TC1,n_agents,50,behavioral,1
600,300.0,0,0.0,TC1,n_agents,50,behavioral,1
601,300.5,0,0.0,TC1,n_agents,50,behavioral,1
602,301.0,0,0.0,TC1,n_agents,50,behavioral,1
603,301.5,0,0.0,TC1,n_agents,50,behavioral,1
604,302.0,0,0.0,TC1,n_agents,50,behavioral,1
605,302.5,0,0.0,TC1,n_agents,50,behavioral,1
606,303.0,0,0.0,TC1,n_agents,50,behavioral,1
607,303.5,0,0.0,TC1,n_agents,50,behavioral,1
608,304.0,0,0.0,TC1,n_agents,50,behavioral,1
609,304.5,0,0.0,TC1,n_agents,50,behavioral,1
610,305.0,0,0.0,TC1,n_agents,50,behavioral,1
611,305.5,0,0.0,TC1,n_agents,50,behavioral,1
612,306.0,0,0.0,TC1,n_agents,50,behavioral,1
613,306.5,0,0.0,TC1,n_agents,50,behavioral,1
614,307.0,0,0.0,TC1,n_agents,50,behavioral,1
615,307.5,0,0.0,TC1,n_agents,50,behavioral,1
616,308.0,0,0.0,TC1,n_agents,50,behavioral,1
617,308.5,0,0.0,TC1,n_agents,50,behavioral,1
618,309.0,0,0.0,TC1,n_agents,50,behavioral,1
619,309.5,0,0.0,TC1,n_agents,50,behavioral,1
620,310.0,0,0.0,TC1,n_agents,50,behavioral,1
621,310.5,0,0.0,TC1,n_agents,50,behavioral,1
622,311.0,0,0.0,TC1,n_agents,50,behavioral,1
623,311.5,0,0.0,TC1,n_agents,50,behavioral,1
624,312.0,0,0.0,TC1,n_agents,50,behavioral,1
625,312.5,0,0.0,TC1,n_agents,50,behavioral,1
626,313.0,0,0.0,TC1,n_agents,50,behavioral,1
627,313.5,0,0.0,TC1,n_agents,50,behavioral,1
628,314.0,0,0.0,TC1,n_agents,50,behavioral,1
629,314.5,0,0.0,TC1,n_agents,50,behavioral,1
630,315.0,0,0.0,TC1,n_agents,50,behavioral,1
631,315.5,0,0.0,TC1,n_agents,50,behavioral,1
632,316.0,0,0.0,TC1,n_agents,50,behavioral,1
633,316.5,0,0.0,TC1,n_agents,50,behavioral,1
634,317.0,0,0.0,TC1,n_agents,50,behavioral,1
635,317.5,0,0.0,TC1,n_agents,50,behavioral,1
636,318.0,0,0.0,TC1,n_agents,50,behavioral,1
637,318.5,0,0.0,TC1,n_agents,50,behavioral,1
638,319.0,0,0.0,TC1,n_agents,50,behavioral,1
639,319.5,0,0.0,TC1,n_agents,50,behavioral,1
640,320.0,0,0.0,TC1,n_agents,50,behavioral,1
641,320.5,0,0.0,TC1,n_agents,50,behavioral,1
642,321.0,0,0.0,TC1,n_agents,50,behavioral,1
643,321.5,0,0.0,TC1,n_agents,50,behavioral,1
644,322.0,0,0.0,TC1,n_agents,50,behavioral,1
645,322.5,0,0.0,TC1,n_agents,50,behavioral,1
646,323.0,0,0.0,TC1,n_agents,50,behavioral,1
647,323.5,0,0.0,TC1,n_agents,50,behavioral,1
648,324.0,0,0.0,TC1,n_agents,50,behavioral,1
649,324.5,0,0.0,TC1,n_agents,50,behavioral,1
650,325.0,0,0.0,TC1,n_agents,50,behavioral,1
651,325.5,0,0.0,TC1,n_agents,50,behavioral,1
652,326.0,0,0.0,TC1,n_agents,50,behavioral,1
653,326.5,0,0.0,TC1,n_agents,50,behavioral,1
654,327.0,0,0.0,TC1,n_agents,50,behavioral,1
655,327.5,0,0.0,TC1,n_agents,50,behavioral,1
656,328.0,0,0.0,TC1,n_agents,50,behavioral,1
657,328.5,0,0.0,TC1,n_agents,50,behavioral,1
658,329.0,0,0.0,TC1,n_agents,50,behavioral,1
659,329.5,0,0.0,TC1,n_agents,50,behavioral,1
660,330.0,0,0.0,TC1,n_agents,50,behavioral,1
661,330.5,0,0.0,TC1,n_agents,50,behavioral,1
662,331.0,0,0.0,TC1,n_agents,50,behavioral,1
663,331.5,0,0.0,TC1,n_agents,50,behavioral,1
664,332.0,0,0.0,TC1,n_agents,50,behavioral,1
665,332.5,0,0.0,TC1,n_agents,50,behavioral,1
666,333.0,0,0.0,TC1,n_agents,50,behavioral,1
667,333.5,0,0.0,TC1,n_agents,50,behavioral,1
668,334.0,0,0.0,TC1,n_agents,50,behavioral,1
669,334.5,0,0.0,TC1,n_agents,50,behavioral,1
670,335.0,0,0.0,TC1,n_agents,50,behavioral,1
671,335.5,0,0.0,TC1,n_agents,50,behavioral,1
672,336.0,0,0.0,TC1,n_agents,50,behavioral,1
673,336.5,0,0.0,TC1,n_agents,50,behavioral,1
674,337.0,0,0.0,TC1,n_agents,50,behavioral,1
675,337.5,0,0.0,TC1,n_agents,50,behavioral,1
676,338.0,0,0.0,TC1,n_agents,50,behavioral,1
677,338.5,0,0.0,TC1,n_agents,50,behavioral,1
678,339.0,0,0.0,TC1,n_agents,50,behavioral,1
679,339.5,0,0.0,TC1,n_agents,50,behavioral,1
680,340.0,0,0.0,TC1,n_agents,50,behavioral,1
681,340.5,0,0.0,TC1,n_agents,50,behavioral,1
682,341.0,0,0.0,TC1,n_agents,50,behavioral,1
683,341.5,0,0.0,TC1,n_agents,50,behavioral,1
684,342.0,0,0.0,TC1,n_agents,50,behavioral,1
685,342.5,0,0.0,TC1,n_agents,50,behavioral,1
686,343.0,0,0.0,TC1,n_agents,50,behavioral,1
687,343.5,0,0.0,TC1,n_agents,50,behavioral,1
688,344.0,0,0.0,TC1,n_agents,50,behavioral,1
689,344.5,0,0.0,TC1,n_agents,50,behavioral,1
690,345.0,0,0.0,TC1,n_agents,50,behavioral,1
691,345.5,0,0.0,TC1,n_agents,50,behavioral,1
692,346.0,0,0.0,TC1,n_agents,50,behavioral,1
693,346.5,0,0.0,TC1,n_agents,50,behavioral,1
694,347.0,0,0.0,TC1,n_agents,50,behavioral,1
695,347.5,0,0.0,TC1,n_agents,50,behavioral,1
696,348.0,0,0.0,TC1,n_agents,50,behavioral,1
697,348.5,0,0.0,TC1,n_agents,50,behavioral,1
698,349.0,0,0.0,TC1,n_agents,50,behavioral,1
699,349.5,0,0.0,TC1,n_agents,50,behavioral,1
700,350.0,0,0.0,TC1,n_agents,50,behavioral,1
701,350.5,0,0.0,TC1,n_agents,50,behavioral,1
702,351.0,0,0.0,TC1,n_agents,50,behavioral,1
703,351.5,0,0.0,TC1,n_agents,50,behavioral,1
704,352.0,0,0.0,TC1,n_agents,50,behavioral,1
705,352.5,0,0.0,TC1,n_agents,50,behavioral,1
706,353.0,0,0.0,TC1,n_agents,50,behavioral,1
707,353.5,0,0.0,TC1,n_agents,50,behavioral,1
708,354.0,0,0.0,TC1,n_agents,50,behavioral,1
709,354.5,0,0.0,TC1,n_agents,50,behavioral,1
710,355.0,0,0.0,TC1,n_agents,50,behavioral,1
711,355.5,0,0.0,TC1,n_agents,50,behavioral,1
712,356.0,0,0.0,TC1,n_agents,50,behavioral,1
713,356.5,0,0.0,TC1,n_agents,50,behavioral,1
714,357.0,0,0.0,TC1,n_agents,50,behavioral,1
715,357.5,0,0.0,TC1,n_agents,50,behavioral,1
716,358.0,0,0.0,TC1,n_agents,50,behavioral,1
717,358.5,0,0.0,TC1,n_agents,50,behavioral,1
718,359.0,0,0.0,TC1,n_agents,50,behavioral,1
719,359.5,0,0.0,TC1,n_agents,50,behavioral,1
720,360.0,0,0.0,TC1,n_agents,50,behavioral,1
721,360.5,0,0.0,TC1,n_agents,50,behavioral,1
722,361.0,0,0.0,TC1,n_agents,50,behavioral,1
723,361.5,0,0.0,TC1,n_agents,50,behavioral,1
724,362.0,0,0.0,TC1,n_agents,50,behavioral,1
725,362.5,0,0.0,TC1,n_agents,50,behavioral,1
726,363.0,0,0.0,TC1,n_agents,50,behavioral,1
727,363.5,0,0.0,TC1,n_agents,50,behavioral,1
728,364.0,0,0.0,TC1,n_agents,50,behavioral,1
729,364.5,0,0.0,TC1,n_agents,50,behavioral,1
730,365.0,0,0.0,TC1,n_agents,50,behavioral,1
731,365.5,0,0.0,TC1,n_agents,50,behavioral,1
732,366.0,0,0.0,TC1,n_agents,50,behavioral,1
733,366.5,0,0.0,TC1,n_agents,50,behavioral,1
734,367.0,0,0.0,TC1,n_agents,50,behavioral,1
735,367.5,0,0.0,TC1,n_agents,50,behavioral,1
736,368.0,0,0.0,TC1,n_agents,50,behavioral,1
737,368.5,0,0.0,TC1,n_agents,50,behavioral,1
738,369.0,0,0.0,TC1,n_agents,50,behavioral,1
739,369.5,0,0.0,TC1,n_agents,50,behavioral,1
740,370.0,0,0.0,TC1,n_agents,50,behavioral,1
741,370.5,0,0.0,TC1,n_agents,50,behavioral,1
742,371.0,0,0.0,TC1,n_agents,50,behavioral,1
743,371.5,0,0.0,TC1,n_agents,50,behavioral,1
744,372.0,0,0.0,TC1,n_agents,50,behavioral,1
745,372.5,0,0.0,TC1,n_agents,50,behavioral,1
746,373.0,0,0.0,TC1,n_agents,50,behavioral,1
747,373.5,0,0.0,TC1,n_agents,50,behavioral,1
748,374.0,0,0.0,TC1,n_agents,50,behavioral,1
749,374.5,0,0.0,TC1,n_agents,50,behavioral,1
750,375.0,0,0.0,TC1,n_agents,50,behavioral,1
751,375.5,0,0.0,TC1,n_agents,50,behavioral,1
752,376.0,0,0.0,TC1,n_agents,50,behavioral,1
753,376.5,0,0.0,TC1,n_agents,50,behavioral,1
754,377.0,0,0.0,TC1,n_agents,50,behavioral,1
755,377.5,0,0.0,TC1,n_agents,50,behavioral,1
756,378.0,0,0.0,TC1,n_agents,50,behavioral,1
757,378.5,0,0.0,TC1,n_agents,50,behavioral,1
758,379.0,0,0.0,TC1,n_agents,50,behavioral,1
759,379.5,0,0.0,TC1,n_agents,50,behavioral,1
760,380.0,0,0.0,TC1,n_agents,50,behavioral,1
761,380.5,0,0.0,TC1,n_agents,50,behavioral,1
762,381.0,0,0.0,TC1,n_agents,50,behavioral,1
763,381.5,0,0.0,TC1,n_agents,50,behavioral,1
764,382.0,0,0.0,TC1,n_agents,50,behavioral,1
765,382.5,0,0.0,TC1,n_agents,50,behavioral,1
766,383.0,0,0.0,TC1,n_agents,50,behavioral,1
767,383.5,0,0.0,TC1,n_agents,50,behavioral,1
768,384.0,0,0.0,TC1,n_agents,50,behavioral,1
769,384.5,0,0.0,TC1,n_agents,50,behavioral,1
770,385.0,0,0.0,TC1,n_agents,50,behavioral,1
771,385.5,0,0.0,TC1,n_agents,50,behavioral,1
772,386.0,0,0.0,TC1,n_agents,50,behavioral,1
773,386.5,0,0.0,TC1,n_agents,50,behavioral,1
774,387.0,0,0.0,TC1,n_agents,50,behavioral,1
775,387.5,0,0.0,TC1,n_agents,50,behavioral,1
776,388.0,0,0.0,TC1,n_agents,50,behavioral,1
777,388.5,0,0.0,TC1,n_agents,50,behavioral,1
778,389.0,0,0.0,TC1,n_agents,50,behavioral,1
779,389.5,0,0.0,TC1,n_agents,50,behavioral,1
780,390.0,0,0.0,TC1,n_agents,50,behavioral,1
781,390.5,0,0.0,TC1,n_agents,50,behavioral,1
782,391.0,0,0.0,TC1,n_agents,50,behavioral,1
783,391.5,0,0.0,TC1,n_agents,50,behavioral,1
784,392.0,0,0.0,TC1,n_agents,50,behavioral,1
785,392.5,0,0.0,TC1,n_agents,50,behavioral,1
786,393.0,0,0.0,TC1,n_agents,50,behavioral,1
787,393.5,0,0.0,TC1,n_agents,50,behavioral,1
788,394.0,0,0.0,TC1,n_agents,50,behavioral,1
789,394.5,0,0.0,TC1,n_agents,50,behavioral,1
790,395.0,0,0.0,TC1,n_agents,50,behavioral,1
791,395.5,0,0.0,TC1,n_agents,50,behavioral,1
792,396.0,0,0.0,TC1,n_agents,50,behavioral,1
793,396.5,0,0.0,TC1,n_agents,50,behavioral,1
794,397.0,0,0.0,TC1,n_agents,50,behavioral,1
795,397.5,0,0.0,TC1,n_agents,50,behavioral,1
796,398.0,0,0.0,TC1,n_agents,50,behavioral,1
797,398.5,0,0.0,TC1,n_agents,50,behavioral,1
798,399.0,0,0.0,TC1,n_agents,50,behavioral,1
799,399.5,0,0.0,TC1,n_agents,50,behavioral,1
800,400.0,0,0.0,TC1,n_agents,50,behavioral,1
0,0.0,0,0.0,TC1,n_agents,50,behavioral,2
1,0.5,0,0.0,TC1,n_agents,50,behavioral,2
2,1.0,0,0.0,TC1,n_agents,50,behavioral,2
3,1.5,0,0.0,TC1,n_agents,50,behavioral,2
4,2.0,0,0.0,TC1,n_agents,50,behavioral,2
5,2.5,0,0.0,TC1,n_agents,50,behavioral,2
6,3.0,0,0.0,TC1,n_agents,50,behavioral,2
7,3.5,0,0.0,TC1,n_agents,50,behavioral,2
8,4.0,0,0.0,TC1,n_agents,50,behavioral,2
9,4.5,0,0.0,TC1,n_agents,50,behavioral,2
10,5.0,0,0.0,TC1,n_agents,50,behavioral,2
11,5.5,0,0.0,TC1,n_agents,50,behavioral,2
12,6.0,0,0.0,TC1,n_agents,50,behavioral,2
13,6.5,0,0.0,TC1,n_agents,50,behavioral,2
14,7.0,0,0.0,TC1,n_agents,50,behavioral,2
15,7.5,0,0.0,TC1,n_agents,50,behavioral,2
16,8.0,0,0.0,TC1,n_agents,50,behavioral,2
17,8.5,0,0.0,TC1,n_agents,50,behavioral,2
18,9.0,0,0.0,TC1,n_agents,50,behavioral,2
19,9.5,0,0.0,TC1,n_agents,50,behavioral,2
20,10.0,0,0.0,TC1,n_agents,50,behavioral,2
21,10.5,0,0.0,TC1,n_agents,50,behavioral,2
22,11.0,0,0.0,TC1,n_agents,50,behavioral,2
23,11.5,0,0.0,TC1,n_agents,50,behavioral,2
24,12.0,0,0.0,TC1,n_agents,50,behavioral,2
25,12.5,0,0.0,TC1,n_agents,50,behavioral,2
26,13.0,0,0.0,TC1,n_agents,50,behavioral,2
27,13.5,0,0.0,TC1,n_agents,50,behavioral,2
28,14.0,0,0.0,TC1,n_agents,50,behavioral,2
29,14.5,0,0.0,TC1,n_agents,50,behavioral,2
30,15.0,0,0.0,TC1,n_agents,50,behavioral,2
31,15.5,0,0.0,TC1,n_agents,50,behavioral,2
32,16.0,0,0.0,TC1,n_agents,50,behavioral,2
33,16.5,0,0.0,TC1,n_agents,50,behavioral,2
34,17.0,0,0.0,TC1,n_agents,50,behavioral,2
35,17.5,0,0.0,TC1,n_agents,50,behavioral,2
36,18.0,0,0.0,TC1,n_agents,50,behavioral,2
37,18.5,0,0.0,TC1,n_agents,50,behavioral,2
38,19.0,0,0.0,TC1,n_agents,50,behavioral,2
39,19.5,0,0.0,TC1,n_agents,50,behavioral,2
40,20.0,0,0.0,TC1,n_agents,50,behavioral,2
41,20.5,0,0.0,TC1,n_agents,50,behavioral,2
42,21.0,0,0.0,TC1,n_agents,50,behavioral,2
43,21.5,0,0.0,TC1,n_agents,50,behavioral,2
44,22.0,0,0.0,TC1,n_agents,50,behavioral,2
45,22.5,0,0.0,TC1,n_agents,50,behavioral,2
46,23.0,0,0.0,TC1,n_agents,50,behavioral,2
47,23.5,0,0.0,TC1,n_agents,50,behavioral,2
48,24.0,0,0.0,TC1,n_agents,50,behavioral,2
49,24.5,0,0.0,TC1,n_agents,50,behavioral,2
50,25.0,0,0.0,TC1,n_agents,50,behavioral,2
51,25.5,0,0.0,TC1,n_agents,50,behavioral,2
52,26.0,0,0.0,TC1,n_agents,50,behavioral,2
53,26.5,0,0.0,TC1,n_agents,50,behavioral,2
54,27.0,0,0.0,TC1,n_agents,50,behavioral,2
55,27.5,0,0.0,TC1,n_agents,50,behavioral,2
56,28.0,0,0.0,TC1,n_agents,50,behavioral,2
57,28.5,0,0.0,TC1,n_agents,50,behavioral,2
58,29.0,0,0.0,TC1,n_agents,50,behavioral,2
59,29.5,0,0.0,TC1,n_agents,50,behavioral,2
60,30.0,0,0.0,TC1,n_agents,50,behavioral,2
61,30.5,0,0.0,TC1,n_agents,50,behavioral,2
62,31.0,0,0.0,TC1,n_agents,50,behavioral,2
63,31.5,0,0.0,TC1,n_agents,50,behavioral,2
64,32.0,0,0.0,TC1,n_agents,50,behavioral,2
65,32.5,0,0.0,TC1,n_agents,50,behavioral,2
66,33.0,0,0.0,TC1,n_agents,50,behavioral,2
67,33.5,0,0.0,TC1,n_agents,50,behavioral,2
68,34.0,0,0.0,TC1,n_agents,50,behavioral,2
69,34.5,0,0.0,TC1,n_agents,50,behavioral,2
70,35.0,0,0.0,TC1,n_agents,50,behavioral,2
71,35.5,0,0.0,TC1,n_agents,50,behavioral,2
72,36.0,0,0.0,TC1,n_agents,50,behavioral,2
73,36.5,0,0.0,TC1,n_agents,50,behavioral,2
74,37.0,0,0.0,TC1,n_agents,50,behavioral,2
75,37.5,0,0.0,TC1,n_agents,50,behavioral,2
76,38.0,0,0.0,TC1,n_agents,50,behavioral,2
77,38.5,0,0.0,TC1,n_agents,50,behavioral,2
78,39.0,0,0.0,TC1,n_agents,50,behavioral,2
79,39.5,0,0.0,TC1,n_agents,50,behavioral,2
80,40.0,0,0.0,TC1,n_agents,50,behavioral,2
81,40.5,0,0.0,TC1,n_agents,50,behavioral,2
82,41.0,0,0.0,TC1,n_agents,50,behavioral,2
83,41.5,0,0.0,TC1,n_agents,50,behavioral,2
84,42.0,0,0.0,TC1,n_agents,50,behavioral,2
85,42.5,0,0.0,TC1,n_agents,50,behavioral,2
86,43.0,0,0.0,TC1,n_agents,50,behavioral,2
87,43.5,0,0.0,TC1,n_agents,50,behavioral,2
88,44.0,0,0.0,TC1,n_agents,50,behavioral,2
89,44.5,0,0.0,TC1,n_agents,50,behavioral,2
90,45.0,0,0.0,TC1,n_agents,50,behavioral,2
91,45.5,0,0.0,TC1,n_agents,50,behavioral,2
92,46.0,0,0.0,TC1,n_agents,50,behavioral,2
93,46.5,0,0.0,TC1,n_agents,50,behavioral,2
94,47.0,0,0.0,TC1,n_agents,50,behavioral,2
95,47.5,0,0.0,TC1,n_agents,50,behavioral,2
96,48.0,0,0.0,TC1,n_agents,50,behavioral,2
97,48.5,0,0.0,TC1,n_agents,50,behavioral,2
98,49.0,0,0.0,TC1,n_agents,50,behavioral,2
99,49.5,0,0.0,TC1,n_agents,50,behavioral,2
100,50.0,0,0.0,TC1,n_agents,50,behavioral,2
101,50.5,0,0.0,TC1,n_agents,50,behavioral,2
102,51.0,0,0.0,TC1,n_agents,50,behavioral,2
103,51.5,0,0.0,TC1,n_agents,50,behavioral,2
104,52.0,0,0.0,TC1,n_agents,50,behavioral,2
105,52.5,0,0.0,TC1,n_agents,50,behavioral,2
106,53.0,0,0.0,TC1,n_agents,50,behavioral,2
107,53.5,0,0.0,TC1,n_agents,50,behavioral,2
108,54.0,0,0.0,TC1,n_agents,50,behavioral,2
109,54.5,0,0.0,TC1,n_agents,50,behavioral,2
110,55.0,0,0.0,TC1,n_agents,50,behavioral,2
111,55.5,0,0.0,TC1,n_agents,50,behavioral,2
112,56.0,0,0.0,TC1,n_agents,50,behavioral,2
113,56.5,0,0.0,TC1,n_agents,50,behavioral,2
114,57.0,0,0.0,TC1,n_agents,50,behavioral,2
115,57.5,0,0.0,TC1,n_agents,50,behavioral,2
116,58.0,0,0.0,TC1,n_agents,50,behavioral,2
117,58.5,0,0.0,TC1,n_agents,50,behavioral,2
118,59.0,0,0.0,TC1,n_agents,50,behavioral,2
119,59.5,0,0.0,TC1,n_agents,50,behavioral,2
120,60.0,0,0.0,TC1,n_agents,50,behavioral,2
121,60.5,0,0.0,TC1,n_agents,50,behavioral,2
122,61.0,0,0.0,TC1,n_agents,50,behavioral,2
123,61.5,0,0.0,TC1,n_agents,50,behavioral,2
124,62.0,0,0.0,TC1,n_agents,50,behavioral,2
125,62.5,0,0.0,TC1,n_agents,50,behavioral,2
126,63.0,0,0.0,TC1,n_agents,50,behavioral,2
127,63.5,0,0.0,TC1,n_agents,50,behavioral,2
128,64.0,0,0.0,TC1,n_agents,50,behavioral,2
129,64.5,0,0.0,TC1,n_agents,50,behavioral,2
130,65.0,0,0.0,TC1,n_agents,50,behavioral,2
131,65.5,0,0.0,TC1,n_agents,50,behavioral,2
132,66.0,0,0.0,TC1,n_agents,50,behavioral,2
133,66.5,0,0.0,TC1,n_agents,50,behavioral,2
134,67.0,0,0.0,TC1,n_agents,50,behavioral,2
135,67.5,0,0.0,TC1,n_agents,50,behavioral,2
136,68.0,0,0.0,TC1,n_agents,50,behavioral,2
137,68.5,0,0.0,TC1,n_agents,50,behavioral,2
138,69.0,0,0.0,TC1,n_agents,50,behavioral,2
139,69.5,0,0.0,TC1,n_agents,50,behavioral,2
140,70.0,0,0.0,TC1,n_agents,50,behavioral,2
141,70.5,0,0.0,TC1,n_agents,50,behavioral,2
142,71.0,0,0.0,TC1,n_agents,50,behavioral,2
143,71.5,0,0.0,TC1,n_agents,50,behavioral,2
144,72.0,0,0.0,TC1,n_agents,50,behavioral,2
145,72.5,0,0.0,TC1,n_agents,50,behavioral,2
146,73.0,0,0.0,TC1,n_agents,50,behavioral,2
147,73.5,0,0.0,TC1,n_agents,50,behavioral,2
148,74.0,0,0.0,TC1,n_agents,50,behavioral,2
149,74.5,0,0.0,TC1,n_agents,50,behavioral,2
150,75.0,0,0.0,TC1,n_agents,50,behavioral,2
151,75.5,0,0.0,TC1,n_agents,50,behavioral,2
152,76.0,0,0.0,TC1,n_agents,50,behavioral,2
153,76.5,0,0.0,TC1,n_agents,50,behavioral,2
154,77.0,0,0.0,TC1,n_agents,50,behavioral,2
155,77.5,0,0.0,TC1,n_agents,50,behavioral,2
156,78.0,0,0.0,TC1,n_agents,50,behavioral,2
157,78.5,0,0.0,TC1,n_agents,50,behavioral,2
158,79.0,0,0.0,TC1,n_agents,50,behavioral,2
159,79.5,0,0.0,TC1,n_agents,50,behavioral,2
160,80.0,0,0.0,TC1,n_agents,50,behavioral,2
161,80.5,0,0.0,TC1,n_agents,50,behavioral,2
162,81.0,0,0.0,TC1,n_agents,50,behavioral,2
163,81.5,0,0.0,TC1,n_agents,50,behavioral,2
164,82.0,0,0.0,TC1,n_agents,50,behavioral,2
165,82.5,0,0.0,TC1,n_agents,50,behavioral,2
166,83.0,0,0.0,TC1,n_agents,50,behavioral,2
167,83.5,0,0.0,TC1,n_agents,50,behavioral,2
168,84.0,0,0.0,TC1,n_agents,50,behavioral,2
169,84.5,0,0.0,TC1,n_agents,50,behavioral,2
170,85.0,0,0.0,TC1,n_agents,50,behavioral,2
171,85.5,0,0.0,TC1,n_agents,50,behavioral,2
172,86.0,0,0.0,TC1,n_agents,50,behavioral,2
173,86.5,0,0.0,TC1,n_agents,50,behavioral,2
174,87.0,0,0.0,TC1,n_agents,50,behavioral,2
175,87.5,0,0.0,TC1,n_agents,50,behavioral,2
176,88.0,0,0.0,TC1,n_agents,50,behavioral,2
177,88.5,0,0.0,TC1,n_agents,50,behavioral,2
178,89.0,0,0.0,TC1,n_agents,50,behavioral,2
179,89.5,0,0.0,TC1,n_agents,50,behavioral,2
180,90.0,0,0.0,TC1,n_agents,50,behavioral,2
181,90.5,0,0.0,TC1,n_agents,50,behavioral,2
182,91.0,0,0.0,TC1,n_agents,50,behavioral,2
183,91.5,0,0.0,TC1,n_agents,50,behavioral,2
184,92.0,0,0.0,TC1,n_agents,50,behavioral,2
185,92.5,0,0.0,TC1,n_agents,50,behavioral,2
186,93.0,0,0.0,TC1,n_agents,50,behavioral,2
187,93.5,0,0.0,TC1,n_agents,50,behavioral,2
188,94.0,0,0.0,TC1,n_agents,50,behavioral,2
189,94.5,0,0.0,TC1,n_agents,50,behavioral,2
190,95.0,0,0.0,TC1,n_agents,50,behavioral,2
191,95.5,0,0.0,TC1,n_agents,50,behavioral,2
192,96.0,0,0.0,TC1,n_agents,50,behavioral,2
193,96.5,0,0.0,TC1,n_agents,50,behavioral,2
194,97.0,0,0.0,TC1,n_agents,50,behavioral,2
195,97.5,0,0.0,TC1,n_agents,50,behavioral,2
196,98.0,0,0.0,TC1,n_agents,50,behavioral,2
197,98.5,0,0.0,TC1,n_agents,50,behavioral,2
198,99.0,0,0.0,TC1,n_agents,50,behavioral,2
199,99.5,0,0.0,TC1,n_agents,50,behavioral,2
200,100.0,0,0.0,TC1,n_agents,50,behavioral,2
201,100.5,0,0.0,TC1,n_agents,50,behavioral,2
202,101.0,0,0.0,TC1,n_agents,50,behavioral,2
203,101.5,0,0.0,TC1,n_agents,50,behavioral,2
204,102.0,0,0.0,TC1,n_agents,50,behavioral,2
205,102.5,0,0.0,TC1,n_agents,50,behavioral,2
206,103.0,0,0.0,TC1,n_agents,50,behavioral,2
207,103.5,0,0.0,TC1,n_agents,50,behavioral,2
208,104.0,0,0.0,TC1,n_agents,50,behavioral,2
209,104.5,0,0.0,TC1,n_agents,50,behavioral,2
210,105.0,0,0.0,TC1,n_agents,50,behavioral,2
211,105.5,0,0.0,TC1,n_agents,50,behavioral,2
212,106.0,0,0.0,TC1,n_agents,50,behavioral,2
213,106.5,0,0.0,TC1,n_agents,50,behavioral,2
214,107.0,0,0.0,TC1,n_agents,50,behavioral,2
215,107.5,0,0.0,TC1,n_agents,50,behavioral,2
216,108.0,0,0.0,TC1,n_agents,50,behavioral,2
217,108.5,0,0.0,TC1,n_agents,50,behavioral,2
218,109.0,0,0.0,TC1,n_agents,50,behavioral,2
219,109.5,0,0.0,TC1,n_agents,50,behavioral,2
220,110.0,0,0.0,TC1,n_agents,50,behavioral,2
221,110.5,0,0.0,TC1,n_agents,50,behavioral,2
222,111.0,0,0.0,TC1,n_agents,50,behavioral,2
223,111.5,0,0.0,TC1,n_agents,50,behavioral,2
224,112.0,0,0.0,TC1,n_agents,50,behavioral,2
225,112.5,0,0.0,TC1,n_agents,50,behavioral,2
226,113.0,0,0.0,TC1,n_agents,50,behavioral,2
227,113.5,0,0.0,TC1,n_agents,50,behavioral,2
228,114.0,0,0.0,TC1,n_agents,50,behavioral,2
229,114.5,0,0.0,TC1,n_agents,50,behavioral,2
230,115.0,0,0.0,TC1,n_agents,50,behavioral,2
231,115.5,0,0.0,TC1,n_agents,50,behavioral,2
232,116.0,0,0.0,TC1,n_agents,50,behavioral,2
233,116.5,0,0.0,TC1,n_agents,50,behavioral,2
234,117.0,0,0.0,TC1,n_agents,50,behavioral,2
235,117.5,0,0.0,TC1,n_agents,50,behavioral,2
236,118.0,0,0.0,TC1,n_agents,50,behavioral,2
237,118.5,0,0.0,TC1,n_agents,50,behavioral,2
238,119.0,0,0.0,TC1,n_agents,50,behavioral,2
239,119.5,0,0.0,TC1,n_agents,50,behavioral,2
240,120.0,0,0.0,TC1,n_agents,50,behavioral,2
241,120.5,0,0.0,TC1,n_agents,50,behavioral,2
242,121.0,0,0.0,TC1,n_agents,50,behavioral,2
243,121.5,0,0.0,TC1,n_agents,50,behavioral,2
244,122.0,0,0.0,TC1,n_agents,50,behavioral,2
245,122.5,0,0.0,TC1,n_agents,50,behavioral,2
246,123.0,0,0.0,TC1,n_agents,50,behavioral,2
247,123.5,0,0.0,TC1,n_agents,50,behavioral,2
248,124.0,0,0.0,TC1,n_agents,50,behavioral,2
249,124.5,0,0.0,TC1,n_agents,50,behavioral,2
250,125.0,0,0.0,TC1,n_agents,50,behavioral,2
251,125.5,0,0.0,TC1,n_agents,50,behavioral,2
252,126.0,0,0.0,TC1,n_agents,50,behavioral,2
253,126.5,0,0.0,TC1,n_agents,50,behavioral,2
254,127.0,0,0.0,TC1,n_agents,50,behavioral,2
255,127.5,0,0.0,TC1,n_agents,50,behavioral,2
256,128.0,0,0.0,TC1,n_agents,50,behavioral,2
257,128.5,0,0.0,TC1,n_agents,50,behavioral,2
258,129.0,0,0.0,TC1,n_agents,50,behavioral,2
259,129.5,0,0.0,TC1,n_agents,50,behavioral,2
260,130.0,0,0.0,TC1,n_agents,50,behavioral,2
261,130.5,0,0.0,TC1,n_agents,50,behavioral,2
262,131.0,0,0.0,TC1,n_agents,50,behavioral,2
263,131.5,0,0.0,TC1,n_agents,50,behavioral,2
264,132.0,0,0.0,TC1,n_agents,50,behavioral,2
265,132.5,0,0.0,TC1,n_agents,50,behavioral,2
266,133.0,0,0.0,TC1,n_agents,50,behavioral,2
267,133.5,0,0.0,TC1,n_agents,50,behavioral,2
268,134.0,0,0.0,TC1,n_agents,50,behavioral,2
269,134.5,0,0.0,TC1,n_agents,50,behavioral,2
270,135.0,0,0.0,TC1,n_agents,50,behavioral,2
271,135.5,0,0.0,TC1,n_agents,50,behavioral,2
272,136.0,0,0.0,TC1,n_agents,50,behavioral,2
273,136.5,0,0.0,TC1,n_agents,50,behavioral,2
274,137.0,0,0.0,TC1,n_agents,50,behavioral,2
275,137.5,0,0.0,TC1,n_agents,50,behavioral,2
276,138.0,0,0.0,TC1,n_agents,50,behavioral,2
277,138.5,0,0.0,TC1,n_agents,50,behavioral,2
278,139.0,0,0.0,TC1,n_agents,50,behavioral,2
279,139.5,0,0.0,TC1,n_agents,50,behavioral,2
280,140.0,0,0.0,TC1,n_agents,50,behavioral,2
281,140.5,0,0.0,TC1,n_agents,50,behavioral,2
282,141.0,0,0.0,TC1,n_agents,50,behavioral,2
283,141.5,0,0.0,TC1,n_agents,50,behavioral,2
284,142.0,0,0.0,TC1,n_agents,50,behavioral,2
285,142.5,0,0.0,TC1,n_agents,50,behavioral,2
286,143.0,0,0.0,TC1,n_agents,50,behavioral,2
287,143.5,0,0.0,TC1,n_agents,50,behavioral,2
288,144.0,0,0.0,TC1,n_agents,50,behavioral,2
289,144.5,0,0.0,TC1,n_agents,50,behavioral,2
290,145.0,0,0.0,TC1,n_agents,50,behavioral,2
291,145.5,0,0.0,TC1,n_agents,50,behavioral,2
292,146.0,0,0.0,TC1,n_agents,50,behavioral,2
293,146.5,0,0.0,TC1,n_agents,50,behavioral,2
294,147.0,0,0.0,TC1,n_agents,50,behavioral,2
295,147.5,0,0.0,TC1,n_agents,50,behavioral,2
296,148.0,0,0.0,TC1,n_agents,50,behavioral,2
297,148.5,0,0.0,TC1,n_agents,50,behavioral,2
298,149.0,0,0.0,TC1,n_agents,50,behavioral,2
299,149.5,0,0.0,TC1,n_agents,50,behavioral,2
300,150.0,0,0.0,TC1,n_agents,50,behavioral,2
301,150.5,0,0.0,TC1,n_agents,50,behavioral,2
302,151.0,0,0.0,TC1,n_agents,50,behavioral,2
303,151.5,0,0.0,TC1,n_agents,50,behavioral,2
304,152.0,0,0.0,TC1,n_agents,50,behavioral,2
305,152.5,0,0.0,TC1,n_agents,50,behavioral,2
306,153.0,0,0.0,TC1,n_agents,50,behavioral,2
307,153.5,0,0.0,TC1,n_agents,50,behavioral,2
308,154.0,0,0.0,TC1,n_agents,50,behavioral,2
309,154.5,0,0.0,TC1,n_agents,50,behavioral,2
310,155.0,0,0.0,TC1,n_agents,50,behavioral,2
311,155.5,0,0.0,TC1,n_agents,50,behavioral,2
312,156.0,0,0.0,TC1,n_agents,50,behavioral,2
313,156.5,0,0.0,TC1,n_agents,50,behavioral,2
314,157.0,0,0.0,TC1,n_agents,50,behavioral,2
315,157.5,0,0.0,TC1,n_agents,50,behavioral,2
316,158.0,0,0.0,TC1,n_agents,50,behavioral,2
317,158.5,0,0.0,TC1,n_agents,50,behavioral,2
318,159.0,0,0.0,TC1,n_agents,50,behavioral,2
319,159.5,0,0.0,TC1,n_agents,50,behavioral,2
320,160.0,0,0.0,TC1,n_agents,50,behavioral,2
321,160.5,0,0.0,TC1,n_agents,50,behavioral,2
322,161.0,0,0.0,TC1,n_agents,50,behavioral,2
323,161.5,0,0.0,TC1,n_agents,50,behavioral,2
324,162.0,0,0.0,TC1,n_agents,50,behavioral,2
325,162.5,0,0.0,TC1,n_agents,50,behavioral,2
326,163.0,0,0.0,TC1,n_agents,50,behavioral,2
327,163.5,0,0.0,TC1,n_agents,50,behavioral,2
328,164.0,0,0.0,TC1,n_agents,50,behavioral,2
329,164.5,0,0.0,TC1,n_agents,50,behavioral,2
330,165.0,0,0.0,TC1,n_agents,50,behavioral,2
331,165.5,0,0.0,TC1,n_agents,50,behavioral,2
332,166.0,0,0.0,TC1,n_agents,50,behavioral,2
333,166.5,0,0.0,TC1,n_agents,50,behavioral,2
334,167.0,0,0.0,TC1,n_agents,50,behavioral,2
335,167.5,0,0.0,TC1,n_agents,50,behavioral,2
336,168.0,0,0.0,TC1,n_agents,50,behavioral,2
337,168.5,0,0.0,TC1,n_agents,50,behavioral,2
338,169.0,0,0.0,TC1,n_agents,50,behavioral,2
339,169.5,0,0.0,TC1,n_agents,50,behavioral,2
340,170.0,0,0.0,TC1,n_agents,50,behavioral,2
341,170.5,0,0.0,TC1,n_agents,50,behavioral,2
342,171.0,0,0.0,TC1,n_agents,50,behavioral,2
343,171.5,0,0.0,TC1,n_agents,50,behavioral,2
344,172.0,0,0.0,TC1,n_agents,50,behavioral,2
345,172.5,0,0.0,TC1,n_agents,50,behavioral,2
346,173.0,0,0.0,TC1,n_agents,50,behavioral,2
347,173.5,0,0.0,TC1,n_agents,50,behavioral,2
348,174.0,0,0.0,TC1,n_agents,50,behavioral,2
349,174.5,0,0.0,TC1,n_agents,50,behavioral,2
350,175.0,0,0.0,TC1,n_agents,50,behavioral,2
351,175.5,0,0.0,TC1,n_agents,50,behavioral,2
352,176.0,0,0.0,TC1,n_agents,50,behavioral,2
353,176.5,0,0.0,TC1,n_agents,50,behavioral,2
354,177.0,0,0.0,TC1,n_agents,50,behavioral,2
355,177.5,0,0.0,TC1,n_agents,50,behavioral,2
356,178.0,0,0.0,TC1,n_agents,50,behavioral,2
357,178.5,0,0.0,TC1,n_agents,50,behavioral,2
358,179.0,0,0.0,TC1,n_agents,50,behavioral,2
359,179.5,0,0.0,TC1,n_agents,50,behavioral,2
360,180.0,0,0.0,TC1,n_agents,50,behavioral,2
361,180.5,0,0.0,TC1,n_agents,50,behavioral,2
362,181.0,0,0.0,TC1,n_agents,50,behavioral,2
363,181.5,0,0.0,TC1,n_agents,50,behavioral,2
364,182.0,0,0.0,TC1,n_agents,50,behavioral,2
365,182.5,0,0.0,TC1,n_agents,50,behavioral,2
366,183.0,0,0.0,TC1,n_agents,50,behavioral,2
367,183.5,0,0.0,TC1,n_agents,50,behavioral,2
368,184.0,0,0.0,TC1,n_agents,50,behavioral,2
369,184.5,0,0.0,TC1,n_agents,50,behavioral,2
370,185.0,0,0.0,TC1,n_agents,50,behavioral,2
371,185.5,0,0.0,TC1,n_agents,50,behavioral,2
372,186.0,0,0.0,TC1,n_agents,50,behavioral,2
373,186.5,0,0.0,TC1,n_agents,50,behavioral,2
374,187.0,0,0.0,TC1,n_agents,50,behavioral,2
375,187.5,0,0.0,TC1,n_agents,50,behavioral,2
376,188.0,0,0.0,TC1,n_agents,50,behavioral,2
377,188.5,0,0.0,TC1,n_agents,50,behavioral,2
378,189.0,0,0.0,TC1,n_agents,50,behavioral,2
379,189.5,0,0.0,TC1,n_agents,50,behavioral,2
380,190.0,0,0.0,TC1,n_agents,50,behavioral,2
381,190.5,0,0.0,TC1,n_agents,50,behavioral,2
382,191.0,0,0.0,TC1,n_agents,50,behavioral,2
383,191.5,0,0.0,TC1,n_agents,50,behavioral,2
384,192.0,0,0.0,TC1,n_agents,50,behavioral,2
385,192.5,0,0.0,TC1,n_agents,50,behavioral,2
386,193.0,0,0.0,TC1,n_agents,50,behavioral,2
387,193.5,0,0.0,TC1,n_agents,50,behavioral,2
388,194.0,0,0.0,TC1,n_agents,50,behavioral,2
389,194.5,0,0.0,TC1,n_agents,50,behavioral,2
390,195.0,0,0.0,TC1,n_agents,50,behavioral,2
391,195.5,0,0.0,TC1,n_agents,50,behavioral,2
392,196.0,0,0.0,TC1,n_agents,50,behavioral,2
393,196.5,0,0.0,TC1,n_agents,50,behavioral,2
394,197.0,0,0.0,TC1,n_agents,50,behavioral,2
395,197.5,0,0.0,TC1,n_agents,50,behavioral,2
396,198.0,0,0.0,TC1,n_agents,50,behavioral,2
397,198.5,0,0.0,TC1,n_agents,50,behavioral,2
398,199.0,0,0.0,TC1,n_agents,50,behavioral,2
399,199.5,0,0.0,TC1,n_agents,50,behavioral,2
400,200.0,0,0.0,TC1,n_agents,50,behavioral,2
401,200.5,0,0.0,TC1,n_agents,50,behavioral,2
402,201.0,0,0.0,TC1,n_agents,50,behavioral,2
403,201.5,0,0.0,TC1,n_agents,50,behavioral,2
404,202.0,0,0.0,TC1,n_agents,50,behavioral,2
405,202.5,0,0.0,TC1,n_agents,50,behavioral,2
406,203.0,0,0.0,TC1,n_agents,50,behavioral,2
407,203.5,0,0.0,TC1,n_agents,50,behavioral,2
408,204.0,0,0.0,TC1,n_agents,50,behavioral,2
409,204.5,0,0.0,TC1,n_agents,50,behavioral,2
410,205.0,0,0.0,TC1,n_agents,50,behavioral,2
411,205.5,0,0.0,TC1,n_agents,50,behavioral,2
412,206.0,0,0.0,TC1,n_agents,50,behavioral,2
413,206.5,0,0.0,TC1,n_agents,50,behavioral,2
414,207.0,0,0.0,TC1,n_agents,50,behavioral,2
415,207.5,0,0.0,TC1,n_agents,50,behavioral,2
416,208.0,0,0.0,TC1,n_agents,50,behavioral,2
417,208.5,0,0.0,TC1,n_agents,50,behavioral,2
418,209.0,0,0.0,TC1,n_agents,50,behavioral,2
419,209.5,0,0.0,TC1,n_agents,50,behavioral,2
420,210.0,0,0.0,TC1,n_agents,50,behavioral,2
421,210.5,0,0.0,TC1,n_agents,50,behavioral,2
422,211.0,0,0.0,TC1,n_agents,50,behavioral,2
423,211.5,0,0.0,TC1,n_agents,50,behavioral,2
424,212.0,0,0.0,TC1,n_agents,50,behavioral,2
425,212.5,0,0.0,TC1,n_agents,50,behavioral,2
426,213.0,0,0.0,TC1,n_agents,50,behavioral,2
427,213.5,0,0.0,TC1,n_agents,50,behavioral,2
428,214.0,0,0.0,TC1,n_agents,50,behavioral,2
429,214.5,0,0.0,TC1,n_agents,50,behavioral,2
430,215.0,0,0.0,TC1,n_agents,50,behavioral,2
431,215.5,0,0.0,TC1,n_agents,50,behavioral,2
432,216.0,0,0.0,TC1,n_agents,50,behavioral,2
433,216.5,0,0.0,TC1,n_agents,50,behavioral,2
434,217.0,0,0.0,TC1,n_agents,50,behavioral,2
435,217.5,0,0.0,TC1,n_agents,50,behavioral,2
436,218.0,0,0.0,TC1,n_agents,50,behavioral,2
437,218.5,0,0.0,TC1,n_agents,50,behavioral,2
438,219.0,0,0.0,TC1,n_agents,50,behavioral,2
439,219.5,0,0.0,TC1,n_agents,50,behavioral,2
440,220.0,0,0.0,TC1,n_agents,50,behavioral,2
441,220.5,0,0.0,TC1,n_agents,50,behavioral,2
442,221.0,0,0.0,TC1,n_agents,50,behavioral,2
443,221.5,0,0.0,TC1,n_agents,50,behavioral,2
444,222.0,0,0.0,TC1,n_agents,50,behavioral,2
445,222.5,0,0.0,TC1,n_agents,50,behavioral,2
446,223.0,0,0.0,TC1,n_agents,50,behavioral,2
447,223.5,0,0.0,TC1,n_agents,50,behavioral,2
448,224.0,0,0.0,TC1,n_agents,50,behavioral,2
449,224.5,0,0.0,TC1,n_agents,50,behavioral,2
450,225.0,0,0.0,TC1,n_agents,50,behavioral,2
451,225.5,0,0.0,TC1,n_agents,50,behavioral,2
452,226.0,0,0.0,TC1,n_agents,50,behavioral,2
453,226.5,0,0.0,TC1,n_agents,50,behavioral,2
454,227.0,0,0.0,TC1,n_agents,50,behavioral,2
455,227.5,0,0.0,TC1,n_agents,50,behavioral,2
456,228.0,0,0.0,TC1,n_agents,50,behavioral,2
457,228.5,0,0.0,TC1,n_agents,50,behavioral,2
458,229.0,0,0.0,TC1,n_agents,50,behavioral,2
459,229.5,0,0.0,TC1,n_agents,50,behavioral,2
460,230.0,0,0.0,TC1,n_agents,50,behavioral,2
461,230.5,0,0.0,TC1,n_agents,50,behavioral,2
462,231.0,0,0.0,TC1,n_agents,50,behavioral,2
463,231.5,0,0.0,TC1,n_agents,50,behavioral,2
464,232.0,0,0.0,TC1,n_agents,50,behavioral,2
465,232.5,0,0.0,TC1,n_agents,50,behavioral,2
466,233.0,0,0.0,TC1,n_agents,50,behavioral,2
467,233.5,0,0.0,TC1,n_agents,50,behavioral,2
468,234.0,0,0.0,TC1,n_agents,50,behavioral,2
469,234.5,0,0.0,TC1,n_agents,50,behavioral,2
470,235.0,0,0.0,TC1,n_agents,50,behavioral,2
471,235.5,0,0.0,TC1,n_agents,50,behavioral,2
472,236.0,0,0.0,TC1,n_agents,50,behavioral,2
473,236.5,0,0.0,TC1,n_agents,50,behavioral,2
474,237.0,0,0.0,TC1,n_agents,50,behavioral,2
475,237.5,0,0.0,TC1,n_agents,50,behavioral,2
476,238.0,0,0.0,TC1,n_agents,50,behavioral,2
477,238.5,0,0.0,TC1,n_agents,50,behavioral,2
478,239.0,0,0.0,TC1,n_agents,50,behavioral,2
479,239.5,0,0.0,TC1,n_agents,50,behavioral,2
480,240.0,0,0.0,TC1,n_agents,50,behavioral,2
481,240.5,0,0.0,TC1,n_agents,50,behavioral,2
482,241.0,0,0.0,TC1,n_agents,50,behavioral,2
483,241.5,0,0.0,TC1,n_agents,50,behavioral,2
484,242.0,0,0.0,TC1,n_agents,50,behavioral,2
485,242.5,0,0.0,TC1,n_agents,50,behavioral,2
486,243.0,0,0.0,TC1,n_agents,50,behavioral,2
487,243.5,0,0.0,TC1,n_agents,50,behavioral,2
488,244.0,0,0.0,TC1,n_agents,50,behavioral,2
489,244.5,0,0.0,TC1,n_agents,50,behavioral,2
490,245.0,0,0.0,TC1,n_agents,50,behavioral,2
491,245.5,0,0.0,TC1,n_agents,50,behavioral,2
492,246.0,0,0.0,TC1,n_agents,50,behavioral,2
493,246.5,0,0.0,TC1,n_agents,50,behavioral,2
494,247.0,0,0.0,TC1,n_agents,50,behavioral,2
495,247.5,0,0.0,TC1,n_agents,50,behavioral,2
496,248.0,0,0.0,TC1,n_agents,50,behavioral,2
497,248.5,0,0.0,TC1,n_agents,50,behavioral,2
498,249.0,0,0.0,TC1,n_agents,50,behavioral,2
499,249.5,0,0.0,TC1,n_agents,50,behavioral,2
500,250.0,0,0.0,TC1,n_agents,50,behavioral,2
501,250.5,0,0.0,TC1,n_agents,50,behavioral,2
502,251.0,0,0.0,TC1,n_agents,50,behavioral,2
503,251.5,0,0.0,TC1,n_agents,50,behavioral,2
504,252.0,0,0.0,TC1,n_agents,50,behavioral,2
505,252.5,0,0.0,TC1,n_agents,50,behavioral,2
506,253.0,0,0.0,TC1,n_agents,50,behavioral,2
507,253.5,0,0.0,TC1,n_agents,50,behavioral,2
508,254.0,0,0.0,TC1,n_agents,50,behavioral,2
509,254.5,0,0.0,TC1,n_agents,50,behavioral,2
510,255.0,0,0.0,TC1,n_agents,50,behavioral,2
511,255.5,0,0.0,TC1,n_agents,50,behavioral,2
512,256.0,0,0.0,TC1,n_agents,50,behavioral,2
513,256.5,0,0.0,TC1,n_agents,50,behavioral,2
514,257.0,0,0.0,TC1,n_agents,50,behavioral,2
515,257.5,0,0.0,TC1,n_agents,50,behavioral,2
516,258.0,0,0.0,TC1,n_agents,50,behavioral,2
517,258.5,0,0.0,TC1,n_agents,50,behavioral,2
518,259.0,0,0.0,TC1,n_agents,50,behavioral,2
519,259.5,0,0.0,TC1,n_agents,50,behavioral,2
520,260.0,0,0.0,TC1,n_agents,50,behavioral,2
521,260.5,0,0.0,TC1,n_agents,50,behavioral,2
522,261.0,0,0.0,TC1,n_agents,50,behavioral,2
523,261.5,0,0.0,TC1,n_agents,50,behavioral,2
524,262.0,0,0.0,TC1,n_agents,50,behavioral,2
525,262.5,0,0.0,TC1,n_agents,50,behavioral,2
526,263.0,0,0.0,TC1,n_agents,50,behavioral,2
527,263.5,0,0.0,TC1,n_agents,50,behavioral,2
528,264.0,0,0.0,TC1,n_agents,50,behavioral,2
529,264.5,0,0.0,TC1,n_agents,50,behavioral,2
530,265.0,0,0.0,TC1,n_agents,50,behavioral,2
531,265.5,0,0.0,TC1,n_agents,50,behavioral,2
532,266.0,0,0.0,TC1,n_agents,50,behavioral,2
533,266.5,0,0.0,TC1,n_agents,50,behavioral,2
534,267.0,0,0.0,TC1,n_agents,50,behavioral,2
535,267.5,0,0.0,TC1,n_agents,50,behavioral,2
536,268.0,0,0.0,TC1,n_agents,50,behavioral,2
537,268.5,0,0.0,TC1,n_agents,50,behavioral,2
538,269.0,0,0.0,TC1,n_agents,50,behavioral,2
539,269.5,0,0.0,TC1,n_agents,50,behavioral,2
540,270.0,0,0.0,TC1,n_agents,50,behavioral,2
541,270.5,0,0.0,TC1,n_agents,50,behavioral,2
542,271.0,0,0.0,TC1,n_agents,50,behavioral,2
543,271.5,0,0.0,TC1,n_agents,50,behavioral,2
544,272.0,0,0.0,TC1,n_agents,50,behavioral,2
545,272.5,0,0.0,TC1,n_agents,50,behavioral,2
546,273.0,0,0.0,TC1,n_agents,50,behavioral,2
547,273.5,0,0.0,TC1,n_agents,50,behavioral,2
548,274.0,0,0.0,TC1,n_agents,50,behavioral,2
549,274.5,0,0.0,TC1,n_agents,50,behavioral,2
550,275.0,0,0.0,TC1,n_agents,50,behavioral,2
551,275.5,0,0.0,TC1,n_agents,50,behavioral,2
552,276.0,0,0.0,TC1,n_agents,50,behavioral,2
553,276.5,0,0.0,TC1,n_agents,50,behavioral,2
554,277.0,0,0.0,TC1,n_agents,50,behavioral,2
555,277.5,0,0.0,TC1,n_agents,50,behavioral,2
556,278.0,0,0.0,TC1,n_agents,50,behavioral,2
557,278.5,0,0.0,TC1,n_agents,50,behavioral,2
558,279.0,0,0.0,TC1,n_agents,50,behavioral,2
559,279.5,0,0.0,TC1,n_agents,50,behavioral,2
560,280.0,0,0.0,TC1,n_agents,50,behavioral,2
561,280.5,0,0.0,TC1,n_agents,50,behavioral,2
562,281.0,0,0.0,TC1,n_agents,50,behavioral,2
563,281.5,0,0.0,TC1,n_agents,50,behavioral,2
564,282.0,0,0.0,TC1,n_agents,50,behavioral,2
565,282.5,0,0.0,TC1,n_agents,50,behavioral,2
566,283.0,0,0.0,TC1,n_agents,50,behavioral,2
567,283.5,0,0.0,TC1,n_agents,50,behavioral,2
568,284.0,0,0.0,TC1,n_agents,50,behavioral,2
569,284.5,0,0.0,TC1,n_agents,50,behavioral,2
570,285.0,0,0.0,TC1,n_agents,50,behavioral,2
571,285.5,0,0.0,TC1,n_agents,50,behavioral,2
572,286.0,0,0.0,TC1,n_agents,50,behavioral,2
573,286.5,0,0.0,TC1,n_agents,50,behavioral,2
574,287.0,0,0.0,TC1,n_agents,50,behavioral,2
575,287.5,0,0.0,TC1,n_agents,50,behavioral,2
576,288.0,0,0.0,TC1,n_agents,50,behavioral,2
577,288.5,0,0.0,TC1,n_agents,50,behavioral,2
578,289.0,0,0.0,TC1,n_agents,50,behavioral,2
579,289.5,0,0.0,TC1,n_agents,50,behavioral,2
580,290.0,0,0.0,TC1,n_agents,50,behavioral,2
581,290.5,0,0.0,TC1,n_agents,50,behavioral,2
582,291.0,0,0.0,TC1,n_agents,50,behavioral,2
583,291.5,0,0.0,TC1,n_agents,50,behavioral,2
584,292.0,0,0.0,TC1,n_agents,50,behavioral,2
585,292.5,0,0.0,TC1,n_agents,50,behavioral,2
586,293.0,0,0.0,TC1,n_agents,50,behavioral,2
587,293.5,0,0.0,TC1,n_agents,50,behavioral,2
588,294.0,0,0.0,TC1,n_agents,50,behavioral,2
589,294.5,0,0.0,TC1,n_agents,50,behavioral,2
590,295.0,0,0.0,TC1,n_agents,50,behavioral,2
591,295.5,0,0.0,TC1,n_agents,50,behavioral,2
592,296.0,0,0.0,TC1,n_agents,50,behavioral,2
593,296.5,0,0.0,TC1,n_agents,50,behavioral,2
594,297.0,0,0.0,TC1,n_agents,50,behavioral,2
595,297.5,0,0.0,TC1,n_agents,50,behavioral,2
596,298.0,0,0.0,TC1,n_agents,50,behavioral,2
597,298.5,0,0.0,TC1,n_agents,50,behavioral,2
598,299.0,0,0.0,TC1,n_agents,50,behavioral,2
599,299.5,0,0.0,TC1,n_agents,50,behavioral,2
600,300.0,0,0.0,TC1,n_agents,50,behavioral,2
601,300.5,0,0.0,TC1,n_agents,50,behavioral,2
602,301.0,0,0.0,TC1,n_agents,50,behavioral,2
603,301.5,0,0.0,TC1,n_agents,50,behavioral,2
604,302.0,0,0.0,TC1,n_agents,50,behavioral,2
605,302.5,0,0.0,TC1,n_agents,50,behavioral,2
606,303.0,0,0.0,TC1,n_agents,50,behavioral,2
607,303.5,0,0.0,TC1,n_agents,50,behavioral,2
608,304.0,0,0.0,TC1,n_agents,50,behavioral,2
609,304.5,0,0.0,TC1,n_agents,50,behavioral,2
610,305.0,0,0.0,TC1,n_agents,50,behavioral,2
611,305.5,0,0.0,TC1,n_agents,50,behavioral,2
612,306.0,0,0.0,TC1,n_agents,50,behavioral,2
613,306.5,0,0.0,TC1,n_agents,50,behavioral,2
614,307.0,0,0.0,TC1,n_agents,50,behavioral,2
615,307.5,0,0.0,TC1,n_agents,50,behavioral,2
616,308.0,0,0.0,TC1,n_agents,50,behavioral,2
617,308.5,0,0.0,TC1,n_agents,50,behavioral,2
618,309.0,0,0.0,TC1,n_agents,50,behavioral,2
619,309.5,0,0.0,TC1,n_agents,50,behavioral,2
620,310.0,0,0.0,TC1,n_agents,50,behavioral,2
621,310.5,0,0.0,TC1,n_agents,50,behavioral,2
622,311.0,0,0.0,TC1,n_agents,50,behavioral,2
623,311.5,0,0.0,TC1,n_agents,50,behavioral,2
624,312.0,0,0.0,TC1,n_agents,50,behavioral,2
625,312.5,0,0.0,TC1,n_agents,50,behavioral,2
626,313.0,0,0.0,TC1,n_agents,50,behavioral,2
627,313.5,0,0.0,TC1,n_agents,50,behavioral,2
628,314.0,0,0.0,TC1,n_agents,50,behavioral,2
629,314.5,0,0.0,TC1,n_agents,50,behavioral,2
630,315.0,0,0.0,TC1,n_agents,50,behavioral,2
631,315.5,0,0.0,TC1,n_agents,50,behavioral,2
632,316.0,0,0.0,TC1,n_agents,50,behavioral,2
633,316.5,0,0.0,TC1,n_agents,50,behavioral,2
634,317.0,0,0.0,TC1,n_agents,50,behavioral,2
635,317.5,0,0.0,TC1,n_agents,50,behavioral,2
636,318.0,0,0.0,TC1,n_agents,50,behavioral,2
637,318.5,0,0.0,TC1,n_agents,50,behavioral,2
638,319.0,0,0.0,TC1,n_agents,50,behavioral,2
639,319.5,0,0.0,TC1,n_agents,50,behavioral,2
640,320.0,0,0.0,TC1,n_agents,50,behavioral,2
641,320.5,0,0.0,TC1,n_agents,50,behavioral,2
642,321.0,0,0.0,TC1,n_agents,50,behavioral,2
643,321.5,0,0.0,TC1,n_agents,50,behavioral,2
644,322.0,0,0.0,TC1,n_agents,50,behavioral,2
645,322.5,0,0.0,TC1,n_agents,50,behavioral,2
646,323.0,0,0.0,TC1,n_agents,50,behavioral,2
647,323.5,0,0.0,TC1,n_agents,50,behavioral,2
648,324.0,0,0.0,TC1,n_agents,50,behavioral,2
649,324.5,0,0.0,TC1,n_agents,50,behavioral,2
650,325.0,0,0.0,TC1,n_agents,50,behavioral,2
651,325.5,0,0.0,TC1,n_agents,50,behavioral,2
652,326.0,0,0.0,TC1,n_agents,50,behavioral,2
653,326.5,0,0.0,TC1,n_agents,50,behavioral,2
654,327.0,0,0.0,TC1,n_agents,50,behavioral,2
655,327.5,0,0.0,TC1,n_agents,50,behavioral,2
656,328.0,0,0.0,TC1,n_agents,50,behavioral,2
657,328.5,0,0.0,TC1,n_agents,50,behavioral,2
658,329.0,0,0.0,TC1,n_agents,50,behavioral,2
659,329.5,0,0.0,TC1,n_agents,50,behavioral,2
660,330.0,0,0.0,TC1,n_agents,50,behavioral,2
661,330.5,0,0.0,TC1,n_agents,50,behavioral,2
662,331.0,0,0.0,TC1,n_agents,50,behavioral,2
663,331.5,0,0.0,TC1,n_agents,50,behavioral,2
664,332.0,0,0.0,TC1,n_agents,50,behavioral,2
665,332.5,0,0.0,TC1,n_agents,50,behavioral,2
666,333.0,0,0.0,TC1,n_agents,50,behavioral,2
667,333.5,0,0.0,TC1,n_agents,50,behavioral,2
668,334.0,0,0.0,TC1,n_agents,50,behavioral,2
669,334.5,0,0.0,TC1,n_agents,50,behavioral,2
670,335.0,0,0.0,TC1,n_agents,50,behavioral,2
671,335.5,0,0.0,TC1,n_agents,50,behavioral,2
672,336.0,0,0.0,TC1,n_agents,50,behavioral,2
673,336.5,0,0.0,TC1,n_agents,50,behavioral,2
674,337.0,0,0.0,TC1,n_agents,50,behavioral,2
675,337.5,0,0.0,TC1,n_agents,50,behavioral,2
676,338.0,0,0.0,TC1,n_agents,50,behavioral,2
677,338.5,0,0.0,TC1,n_agents,50,behavioral,2
678,339.0,0,0.0,TC1,n_agents,50,behavioral,2
679,339.5,0,0.0,TC1,n_agents,50,behavioral,2
680,340.0,0,0.0,TC1,n_agents,50,behavioral,2
681,340.5,0,0.0,TC1,n_agents,50,behavioral,2
682,341.0,0,0.0,TC1,n_agents,50,behavioral,2
683,341.5,0,0.0,TC1,n_agents,50,behavioral,2
684,342.0,0,0.0,TC1,n_agents,50,behavioral,2
685,342.5,0,0.0,TC1,n_agents,50,behavioral,2
686,343.0,0,0.0,TC1,n_agents,50,behavioral,2
687,343.5,0,0.0,TC1,n_agents,50,behavioral,2
688,344.0,0,0.0,TC1,n_agents,50,behavioral,2
689,344.5,0,0.0,TC1,n_agents,50,behavioral,2
690,345.0,0,0.0,TC1,n_agents,50,behavioral,2
691,345.5,0,0.0,TC1,n_agents,50,behavioral,2
692,346.0,0,0.0,TC1,n_agents,50,behavioral,2
693,346.5,0,0.0,TC1,n_agents,50,behavioral,2
694,347.0,0,0.0,TC1,n_agents,50,behavioral,2
695,347.5,0,0.0,TC1,n_agents,50,behavioral,2
696,348.0,0,0.0,TC1,n_agents,50,behavioral,2
697,348.5,0,0.0,TC1,n_agents,50,behavioral,2
698,349.0,0,0.0,TC1,n_agents,50,behavioral,2
699,349.5,0,0.0,TC1,n_agents,50,behavioral,2
700,350.0,0,0.0,TC1,n_agents,50,behavioral,2
701,350.5,0,0.0,TC1,n_agents,50,behavioral,2
702,351.0,0,0.0,TC1,n_agents,50,behavioral,2
703,351.5,0,0.0,TC1,n_agents,50,behavioral,2
704,352.0,0,0.0,TC1,n_agents,50,behavioral,2
705,352.5,0,0.0,TC1,n_agents,50,behavioral,2
706,353.0,0,0.0,TC1,n_agents,50,behavioral,2
707,353.5,0,0.0,TC1,n_agents,50,behavioral,2
708,354.0,0,0.0,TC1,n_agents,50,behavioral,2
709,354.5,0,0.0,TC1,n_agents,50,behavioral,2
710,355.0,0,0.0,TC1,n_agents,50,behavioral,2
711,355.5,0,0.0,TC1,n_agents,50,behavioral,2
712,356.0,0,0.0,TC1,n_agents,50,behavioral,2
713,356.5,0,0.0,TC1,n_agents,50,behavioral,2
714,357.0,0,0.0,TC1,n_agents,50,behavioral,2
715,357.5,0,0.0,TC1,n_agents,50,behavioral,2
716,358.0,0,0.0,TC1,n_agents,50,behavioral,2
717,358.5,0,0.0,TC1,n_agents,50,behavioral,2
718,359.0,0,0.0,TC1,n_agents,50,behavioral,2
719,359.5,0,0.0,TC1,n_agents,50,behavioral,2
720,360.0,0,0.0,TC1,n_agents,50,behavioral,2
721,360.5,0,0.0,TC1,n_agents,50,behavioral,2
722,361.0,0,0.0,TC1,n_agents,50,behavioral,2
723,361.5,0,0.0,TC1,n_agents,50,behavioral,2
724,362.0,0,0.0,TC1,n_agents,50,behavioral,2
725,362.5,0,0.0,TC1,n_agents,50,behavioral,2
726,363.0,0,0.0,TC1,n_agents,50,behavioral,2
727,363.5,0,0.0,TC1,n_agents,50,behavioral,2
728,364.0,0,0.0,TC1,n_agents,50,behavioral,2
729,364.5,0,0.0,TC1,n_agents,50,behavioral,2
730,365.0,0,0.0,TC1,n_agents,50,behavioral,2
731,365.5,0,0.0,TC1,n_agents,50,behavioral,2
732,366.0,0,0.0,TC1,n_agents,50,behavioral,2
733,366.5,0,0.0,TC1,n_agents,50,behavioral,2
734,367.0,0,0.0,TC1,n_agents,50,behavioral,2
735,367.5,0,0.0,TC1,n_agents,50,behavioral,2
736,368.0,0,0.0,TC1,n_agents,50,behavioral,2
737,368.5,0,0.0,TC1,n_agents,50,behavioral,2
738,369.0,0,0.0,TC1,n_agents,50,behavioral,2
739,369.5,0,0.0,TC1,n_agents,50,behavioral,2
740,370.0,0,0.0,TC1,n_agents,50,behavioral,2
741,370.5,0,0.0,TC1,n_agents,50,behavioral,2
742,371.0,0,0.0,TC1,n_agents,50,behavioral,2
743,371.5,0,0.0,TC1,n_agents,50,behavioral,2
744,372.0,0,0.0,TC1,n_agents,50,behavioral,2
745,372.5,0,0.0,TC1,n_agents,50,behavioral,2
746,373.0,0,0.0,TC1,n_agents,50,behavioral,2
747,373.5,0,0.0,TC1,n_agents,50,behavioral,2
748,374.0,0,0.0,TC1,n_agents,50,behavioral,2
749,374.5,0,0.0,TC1,n_agents,50,behavioral,2
750,375.0,0,0.0,TC1,n_agents,50,behavioral,2
751,375.5,0,0.0,TC1,n_agents,50,behavioral,2
752,376.0,0,0.0,TC1,n_agents,50,behavioral,2
753,376.5,0,0.0,TC1,n_agents,50,behavioral,2
754,377.0,0,0.0,TC1,n_agents,50,behavioral,2
755,377.5,0,0.0,TC1,n_agents,50,behavioral,2
756,378.0,0,0.0,TC1,n_agents,50,behavioral,2
757,378.5,0,0.0,TC1,n_agents,50,behavioral,2
758,379.0,0,0.0,TC1,n_agents,50,behavioral,2
759,379.5,0,0.0,TC1,n_agents,50,behavioral,2
760,380.0,0,0.0,TC1,n_agents,50,behavioral,2
761,380.5,0,0.0,TC1,n_agents,50,behavioral,2
762,381.0,0,0.0,TC1,n_agents,50,behavioral,2
763,381.5,0,0.0,TC1,n_agents,50,behavioral,2
764,382.0,0,0.0,TC1,n_agents,50,behavioral,2
765,382.5,0,0.0,TC1,n_agents,50,behavioral,2
766,383.0,0,0.0,TC1,n_agents,50,behavioral,2
767,383.5,0,0.0,TC1,n_agents,50,behavioral,2
768,384.0,0,0.0,TC1,n_agents,50,behavioral,2
769,384.5,0,0.0,TC1,n_agents,50,behavioral,2
770,385.0,0,0.0,TC1,n_agents,50,behavioral,2
771,385.5,0,0.0,TC1,n_agents,50,behavioral,2
772,386.0,0,0.0,TC1,n_agents,50,behavioral,2
773,386.5,0,0.0,TC1,n_agents,50,behavioral,2
774,387.0,0,0.0,TC1,n_agents,50,behavioral,2
775,387.5,0,0.0,TC1,n_agents,50,behavioral,2
776,388.0,0,0.0,TC1,n_agents,50,behavioral,2
777,388.5,0,0.0,TC1,n_agents,50,behavioral,2
778,389.0,0,0.0,TC1,n_agents,50,behavioral,2
779,389.5,0,0.0,TC1,n_agents,50,behavioral,2
780,390.0,0,0.0,TC1,n_agents,50,behavioral,2
781,390.5,0,0.0,TC1,n_agents,50,behavioral,2
782,391.0,0,0.0,TC1,n_agents,50,behavioral,2
783,391.5,0,0.0,TC1,n_agents,50,behavioral,2
784,392.0,0,0.0,TC1,n_agents,50,behavioral,2
785,392.5,0,0.0,TC1,n_agents,50,behavioral,2
786,393.0,0,0.0,TC1,n_agents,50,behavioral,2
787,393.5,0,0.0,TC1,n_agents,50,behavioral,2
788,394.0,0,0.0,TC1,n_agents,50,behavioral,2
789,394.5,0,0.0,TC1,n_agents,50,behavioral,2
790,395.0,0,0.0,TC1,n_agents,50,behavioral,2
791,395.5,0,0.0,TC1,n_agents,50,behavioral,2
792,396.0,0,0.0,TC1,n_agents,50,behavioral,2
793,396.5,0,0.0,TC1,n_agents,50,behavioral,2
794,397.0,0,0.0,TC1,n_agents,50,behavioral,2
795,397.5,0,0.0,TC1,n_agents,50,behavioral,2
796,398.0,0,0.0,TC1,n_agents,50,behavioral,2
797,398.5,0,0.0,TC1,n_agents,50,behavioral,2
798,399.0,0,0.0,TC1,n_agents,50,behavioral,2
799,399.5,0,0.0,TC1,n_agents,50,behavioral,2
800,400.0,0,0.0,TC1,n_agents,50,behavioral,2
0,0.0,0,0.0,TC1,n_agents,50,behavioral,3
1,0.5,0,0.0,TC1,n_agents,50,behavioral,3
2,1.0,0,0.0,TC1,n_agents,50,behavioral,3
3,1.5,0,0.0,TC1,n_agents,50,behavioral,3
4,2.0,0,0.0,TC1,n_agents,50,behavioral,3
5,2.5,0,0.0,TC1,n_agents,50,behavioral,3
6,3.0,0,0.0,TC1,n_agents,50,behavioral,3
7,3.5,0,0.0,TC1,n_agents,50,behavioral,3
8,4.0,0,0.0,TC1,n_agents,50,behavioral,3
9,4.5,0,0.0,TC1,n_agents,50,behavioral,3
10,5.0,0,0.0,TC1,n_agents,50,behavioral,3
11,5.5,0,0.0,TC1,n_agents,50,behavioral,3
12,6.0,0,0.0,TC1,n_agents,50,behavioral,3
13,6.5,0,0.0,TC1,n_agents,50,behavioral,3
14,7.0,0,0.0,TC1,n_agents,50,behavioral,3
15,7.5,0,0.0,TC1,n_agents,50,behavioral,3
16,8.0,0,0.0,TC1,n_agents,50,behavioral,3
17,8.5,0,0.0,TC1,n_agents,50,behavioral,3
18,9.0,0,0.0,TC1,n_agents,50,behavioral,3
19,9.5,0,0.0,TC1,n_agents,50,behavioral,3
20,10.0,0,0.0,TC1,n_agents,50,behavioral,3
21,10.5,0,0.0,TC1,n_agents,50,behavioral,3
22,11.0,0,0.0,TC1,n_agents,50,behavioral,3
23,11.5,0,0.0,TC1,n_agents,50,behavioral,3
24,12.0,0,0.0,TC1,n_agents,50,behavioral,3
25,12.5,0,0.0,TC1,n_agents,50,behavioral,3
26,13.0,0,0.0,TC1,n_agents,50,behavioral,3
27,13.5,0,0.0,TC1,n_agents,50,behavioral,3
28,14.0,0,0.0,TC1,n_agents,50,behavioral,3
29,14.5,0,0.0,TC1,n_agents,50,behavioral,3
30,15.0,0,0.0,TC1,n_agents,50,behavioral,3
31,15.5,0,0.0,TC1,n_agents,50,behavioral,3
32,16.0,0,0.0,TC1,n_agents,50,behavioral,3
33,16.5,0,0.0,TC1,n_agents,50,behavioral,3
34,17.0,0,0.0,TC1,n_agents,50,behavioral,3
35,17.5,0,0.0,TC1,n_agents,50,behavioral,3
36,18.0,0,0.0,TC1,n_agents,50,behavioral,3
37,18.5,0,0.0,TC1,n_agents,50,behavioral,3
38,19.0,0,0.0,TC1,n_agents,50,behavioral,3
39,19.5,0,0.0,TC1,n_agents,50,behavioral,3
40,20.0,0,0.0,TC1,n_agents,50,behavioral,3
41,20.5,0,0.0,TC1,n_agents,50,behavioral,3
42,21.0,0,0.0,TC1,n_agents,50,behavioral,3
43,21.5,0,0.0,TC1,n_agents,50,behavioral,3
44,22.0,0,0.0,TC1,n_agents,50,behavioral,3
45,22.5,0,0.0,TC1,n_agents,50,behavioral,3
46,23.0,0,0.0,TC1,n_agents,50,behavioral,3
47,23.5,0,0.0,TC1,n_agents,50,behavioral,3
48,24.0,0,0.0,TC1,n_agents,50,behavioral,3
49,24.5,0,0.0,TC1,n_agents,50,behavioral,3
50,25.0,0,0.0,TC1,n_agents,50,behavioral,3
51,25.5,0,0.0,TC1,n_agents,50,behavioral,3
52,26.0,0,0.0,TC1,n_agents,50,behavioral,3
53,26.5,0,0.0,TC1,n_agents,50,behavioral,3
54,27.0,0,0.0,TC1,n_agents,50,behavioral,3
55,27.5,0,0.0,TC1,n_agents,50,behavioral,3
56,28.0,0,0.0,TC1,n_agents,50,behavioral,3
57,28.5,0,0.0,TC1,n_agents,50,behavioral,3
58,29.0,0,0.0,TC1,n_agents,50,behavioral,3
59,29.5,0,0.0,TC1,n_agents,50,behavioral,3
60,30.0,0,0.0,TC1,n_agents,50,behavioral,3
61,30.5,0,0.0,TC1,n_agents,50,behavioral,3
62,31.0,0,0.0,TC1,n_agents,50,behavioral,3
63,31.5,0,0.0,TC1,n_agents,50,behavioral,3
64,32.0,0,0.0,TC1,n_agents,50,behavioral,3
65,32.5,0,0.0,TC1,n_agents,50,behavioral,3
66,33.0,0,0.0,TC1,n_agents,50,behavioral,3
67,33.5,0,0.0,TC1,n_agents,50,behavioral,3
68,34.0,0,0.0,TC1,n_agents,50,behavioral,3
69,34.5,0,0.0,TC1,n_agents,50,behavioral,3
70,35.0,0,0.0,TC1,n_agents,50,behavioral,3
71,35.5,0,0.0,TC1,n_agents,50,behavioral,3
72,36.0,0,0.0,TC1,n_agents,50,behavioral,3
73,36.5,0,0.0,TC1,n_agents,50,behavioral,3
74,37.0,0,0.0,TC1,n_agents,50,behavioral,3
75,37.5,0,0.0,TC1,n_agents,50,behavioral,3
76,38.0,0,0.0,TC1,n_agents,50,behavioral,3
77,38.5,0,0.0,TC1,n_agents,50,behavioral,3
78,39.0,0,0.0,TC1,n_agents,50,behavioral,3
79,39.5,0,0.0,TC1,n_agents,50,behavioral,3
80,40.0,0,0.0,TC1,n_agents,50,behavioral,3
81,40.5,0,0.0,TC1,n_agents,50,behavioral,3
82,41.0,0,0.0,TC1,n_agents,50,behavioral,3
83,41.5,0,0.0,TC1,n_agents,50,behavioral,3
84,42.0,0,0.0,TC1,n_agents,50,behavioral,3
85,42.5,0,0.0,TC1,n_agents,50,behavioral,3
86,43.0,0,0.0,TC1,n_agents,50,behavioral,3
87,43.5,0,0.0,TC1,n_agents,50,behavioral,3
88,44.0,0,0.0,TC1,n_agents,50,behavioral,3
89,44.5,0,0.0,TC1,n_agents,50,behavioral,3
90,45.0,0,0.0,TC1,n_agents,50,behavioral,3
91,45.5,0,0.0,TC1,n_agents,50,behavioral,3
92,46.0,0,0.0,TC1,n_agents,50,behavioral,3
93,46.5,0,0.0,TC1,n_agents,50,behavioral,3
94,47.0,0,0.0,TC1,n_agents,50,behavioral,3
95,47.5,0,0.0,TC1,n_agents,50,behavioral,3
96,48.0,0,0.0,TC1,n_agents,50,behavioral,3
97,48.5,0,0.0,TC1,n_agents,50,behavioral,3
98,49.0,0,0.0,TC1,n_agents,50,behavioral,3
99,49.5,0,0.0,TC1,n_agents,50,behavioral,3
100,50.0,0,0.0,TC1,n_agents,50,behavioral,3
101,50.5,0,0.0,TC1,n_agents,50,behavioral,3
102,51.0,0,0.0,TC1,n_agents,50,behavioral,3
103,51.5,0,0.0,TC1,n_agents,50,behavioral,3
104,52.0,0,0.0,TC1,n_agents,50,behavioral,3
105,52.5,0,0.0,TC1,n_agents,50,behavioral,3
106,53.0,0,0.0,TC1,n_agents,50,behavioral,3
107,53.5,0,0.0,TC1,n_agents,50,behavioral,3
108,54.0,0,0.0,TC1,n_agents,50,behavioral,3
109,54.5,0,0.0,TC1,n_agents,50,behavioral,3
110,55.0,0,0.0,TC1,n_agents,50,behavioral,3
111,55.5,0,0.0,TC1,n_agents,50,behavioral,3
112,56.0,0,0.0,TC1,n_agents,50,behavioral,3
113,56.5,0,0.0,TC1,n_agents,50,behavioral,3
114,57.0,0,0.0,TC1,n_agents,50,behavioral,3
115,57.5,0,0.0,TC1,n_agents,50,behavioral,3
116,58.0,0,0.0,TC1,n_agents,50,behavioral,3
117,58.5,0,0.0,TC1,n_agents,50,behavioral,3
118,59.0,0,0.0,TC1,n_agents,50,behavioral,3
119,59.5,0,0.0,TC1,n_agents,50,behavioral,3
120,60.0,0,0.0,TC1,n_agents,50,behavioral,3
121,60.5,0,0.0,TC1,n_agents,50,behavioral,3
122,61.0,0,0.0,TC1,n_agents,50,behavioral,3
123,61.5,0,0.0,TC1,n_agents,50,behavioral,3
124,62.0,0,0.0,TC1,n_agents,50,behavioral,3
125,62.5,0,0.0,TC1,n_agents,50,behavioral,3
126,63.0,0,0.0,TC1,n_agents,50,behavioral,3
127,63.5,0,0.0,TC1,n_agents,50,behavioral,3
128,64.0,0,0.0,TC1,n_agents,50,behavioral,3
129,64.5,0,0.0,TC1,n_agents,50,behavioral,3
130,65.0,0,0.0,TC1,n_agents,50,behavioral,3
131,65.5,0,0.0,TC1,n_agents,50,behavioral,3
132,66.0,0,0.0,TC1,n_agents,50,behavioral,3
133,66.5,0,0.0,TC1,n_agents,50,behavioral,3
134,67.0,0,0.0,TC1,n_agents,50,behavioral,3
135,67.5,0,0.0,TC1,n_agents,50,behavioral,3
136,68.0,0,0.0,TC1,n_agents,50,behavioral,3
137,68.5,0,0.0,TC1,n_agents,50,behavioral,3
138,69.0,0,0.0,TC1,n_agents,50,behavioral,3
139,69.5,0,0.0,TC1,n_agents,50,behavioral,3
140,70.0,0,0.0,TC1,n_agents,50,behavioral,3
141,70.5,0,0.0,TC1,n_agents,50,behavioral,3
142,71.0,0,0.0,TC1,n_agents,50,behavioral,3
143,71.5,0,0.0,TC1,n_agents,50,behavioral,3
144,72.0,0,0.0,TC1,n_agents,50,behavioral,3
145,72.5,0,0.0,TC1,n_agents,50,behavioral,3
146,73.0,0,0.0,TC1,n_agents,50,behavioral,3
147,73.5,0,0.0,TC1,n_agents,50,behavioral,3
148,74.0,0,0.0,TC1,n_agents,50,behavioral,3
149,74.5,0,0.0,TC1,n_agents,50,behavioral,3
150,75.0,0,0.0,TC1,n_agents,50,behavioral,3
151,75.5,0,0.0,TC1,n_agents,50,behavioral,3
152,76.0,0,0.0,TC1,n_agents,50,behavioral,3
153,76.5,0,0.0,TC1,n_agents,50,behavioral,3
154,77.0,0,0.0,TC1,n_agents,50,behavioral,3
155,77.5,0,0.0,TC1,n_agents,50,behavioral,3
156,78.0,0,0.0,TC1,n_agents,50,behavioral,3
157,78.5,0,0.0,TC1,n_agents,50,behavioral,3
158,79.0,0,0.0,TC1,n_agents,50,behavioral,3
159,79.5,0,0.0,TC1,n_agents,50,behavioral,3
160,80.0,0,0.0,TC1,n_agents,50,behavioral,3
161,80.5,0,0.0,TC1,n_agents,50,behavioral,3
162,81.0,0,0.0,TC1,n_agents,50,behavioral,3
163,81.5,0,0.0,TC1,n_agents,50,behavioral,3
164,82.0,0,0.0,TC1,n_agents,50,behavioral,3
165,82.5,0,0.0,TC1,n_agents,50,behavioral,3
166,83.0,0,0.0,TC1,n_agents,50,behavioral,3
167,83.5,0,0.0,TC1,n_agents,50,behavioral,3
168,84.0,0,0.0,TC1,n_agents,50,behavioral,3
169,84.5,0,0.0,TC1,n_agents,50,behavioral,3
170,85.0,0,0.0,TC1,n_agents,50,behavioral,3
171,85.5,0,0.0,TC1,n_agents,50,behavioral,3
172,86.0,0,0.0,TC1,n_agents,50,behavioral,3
173,86.5,0,0.0,TC1,n_agents,50,behavioral,3
174,87.0,0,0.0,TC1,n_agents,50,behavioral,3
175,87.5,0,0.0,TC1,n_agents,50,behavioral,3
176,88.0,0,0.0,TC1,n_agents,50,behavioral,3
177,88.5,0,0.0,TC1,n_agents,50,behavioral,3
178,89.0,0,0.0,TC1,n_agents,50,behavioral,3
179,89.5,0,0.0,TC1,n_agents,50,behavioral,3
180,90.0,0,0.0,TC1,n_agents,50,behavioral,3
181,90.5,0,0.0,TC1,n_agents,50,behavioral,3
182,91.0,0,0.0,TC1,n_agents,50,behavioral,3
183,91.5,0,0.0,TC1,n_agents,50,behavioral,3
184,92.0,0,0.0,TC1,n_agents,50,behavioral,3
185,92.5,0,0.0,TC1,n_agents,50,behavioral,3
186,93.0,0,0.0,TC1,n_agents,50,behavioral,3
187,93.5,0,0.0,TC1,n_agents,50,behavioral,3
188,94.0,0,0.0,TC1,n_agents,50,behavioral,3
189,94.5,0,0.0,TC1,n_agents,50,behavioral,3
190,95.0,0,0.0,TC1,n_agents,50,behavioral,3
191,95.5,0,0.0,TC1,n_agents,50,behavioral,3
192,96.0,0,0.0,TC1,n_agents,50,behavioral,3
193,96.5,0,0.0,TC1,n_agents,50,behavioral,3
194,97.0,0,0.0,TC1,n_agents,50,behavioral,3
195,97.5,0,0.0,TC1,n_agents,50,behavioral,3
196,98.0,0,0.0,TC1,n_agents,50,behavioral,3
197,98.5,0,0.0,TC1,n_agents,50,behavioral,3
198,99.0,0,0.0,TC1,n_agents,50,behavioral,3
199,99.5,0,0.0,TC1,n_agents,50,behavioral,3
200,100.0,0,0.0,TC1,n_agents,50,behavioral,3
201,100.5,0,0.0,TC1,n_agents,50,behavioral,3
202,101.0,0,0.0,TC1,n_agents,50,behavioral,3
203,101.5,0,0.0,TC1,n_agents,50,behavioral,3
204,102.0,0,0.0,TC1,n_agents,50,behavioral,3
205,102.5,0,0.0,TC1,n_agents,50,behavioral,3
206,103.0,0,0.0,TC1,n_agents,50,behavioral,3
207,103.5,0,0.0,TC1,n_agents,50,behavioral,3
208,104.0,0,0.0,TC1,n_agents,50,behavioral,3
209,104.5,0,0.0,TC1,n_agents,50,behavioral,3
210,105.0,0,0.0,TC1,n_agents,50,behavioral,3
211,105.5,0,0.0,TC1,n_agents,50,behavioral,3
212,106.0,0,0.0,TC1,n_agents,50,behavioral,3
213,106.5,0,0.0,TC1,n_agents,50,behavioral,3
214,107.0,0,0.0,TC1,n_agents,50,behavioral,3
215,107.5,0,0.0,TC1,n_agents,50,behavioral,3
216,108.0,0,0.0,TC1,n_agents,50,behavioral,3
217,108.5,0,0.0,TC1,n_agents,50,behavioral,3
218,109.0,0,0.0,TC1,n_agents,50,behavioral,3
219,109.5,0,0.0,TC1,n_agents,50,behavioral,3
220,110.0,0,0.0,TC1,n_agents,50,behavioral,3
221,110.5,0,0.0,TC1,n_agents,50,behavioral,3
222,111.0,0,0.0,TC1,n_agents,50,behavioral,3
223,111.5,0,0.0,TC1,n_agents,50,behavioral,3
224,112.0,0,0.0,TC1,n_agents,50,behavioral,3
225,112.5,0,0.0,TC1,n_agents,50,behavioral,3
226,113.0,0,0.0,TC1,n_agents,50,behavioral,3
227,113.5,0,0.0,TC1,n_agents,50,behavioral,3
228,114.0,0,0.0,TC1,n_agents,50,behavioral,3
229,114.5,0,0.0,TC1,n_agents,50,behavioral,3
230,115.0,0,0.0,TC1,n_agents,50,behavioral,3
231,115.5,0,0.0,TC1,n_agents,50,behavioral,3
232,116.0,0,0.0,TC1,n_agents,50,behavioral,3
233,116.5,0,0.0,TC1,n_agents,50,behavioral,3
234,117.0,0,0.0,TC1,n_agents,50,behavioral,3
235,117.5,0,0.0,TC1,n_agents,50,behavioral,3
236,118.0,0,0.0,TC1,n_agents,50,behavioral,3
237,118.5,0,0.0,TC1,n_agents,50,behavioral,3
238,119.0,0,0.0,TC1,n_agents,50,behavioral,3
239,119.5,0,0.0,TC1,n_agents,50,behavioral,3
240,120.0,0,0.0,TC1,n_agents,50,behavioral,3
241,120.5,0,0.0,TC1,n_agents,50,behavioral,3
242,121.0,0,0.0,TC1,n_agents,50,behavioral,3
243,121.5,0,0.0,TC1,n_agents,50,behavioral,3
244,122.0,0,0.0,TC1,n_agents,50,behavioral,3
245,122.5,0,0.0,TC1,n_agents,50,behavioral,3
246,123.0,0,0.0,TC1,n_agents,50,behavioral,3
247,123.5,0,0.0,TC1,n_agents,50,behavioral,3
248,124.0,0,0.0,TC1,n_agents,50,behavioral,3
249,124.5,0,0.0,TC1,n_agents,50,behavioral,3
250,125.0,0,0.0,TC1,n_agents,50,behavioral,3
251,125.5,0,0.0,TC1,n_agents,50,behavioral,3
252,126.0,0,0.0,TC1,n_agents,50,behavioral,3
253,126.5,0,0.0,TC1,n_agents,50,behavioral,3
254,127.0,0,0.0,TC1,n_agents,50,behavioral,3
255,127.5,0,0.0,TC1,n_agents,50,behavioral,3
256,128.0,0,0.0,TC1,n_agents,50,behavioral,3
257,128.5,0,0.0,TC1,n_agents,50,behavioral,3
258,129.0,0,0.0,TC1,n_agents,50,behavioral,3
259,129.5,0,0.0,TC1,n_agents,50,behavioral,3
260,130.0,0,0.0,TC1,n_agents,50,behavioral,3
261,130.5,0,0.0,TC1,n_agents,50,behavioral,3
262,131.0,0,0.0,TC1,n_agents,50,behavioral,3
263,131.5,0,0.0,TC1,n_agents,50,behavioral,3
264,132.0,0,0.0,TC1,n_agents,50,behavioral,3
265,132.5,0,0.0,TC1,n_agents,50,behavioral,3
266,133.0,0,0.0,TC1,n_agents,50,behavioral,3
267,133.5,0,0.0,TC1,n_agents,50,behavioral,3
268,134.0,0,0.0,TC1,n_agents,50,behavioral,3
269,134.5,0,0.0,TC1,n_agents,50,behavioral,3
270,135.0,0,0.0,TC1,n_agents,50,behavioral,3
271,135.5,0,0.0,TC1,n_agents,50,behavioral,3
272,136.0,0,0.0,TC1,n_agents,50,behavioral,3
273,136.5,0,0.0,TC1,n_agents,50,behavioral,3
274,137.0,0,0.0,TC1,n_agents,50,behavioral,3
275,137.5,0,0.0,TC1,n_agents,50,behavioral,3
276,138.0,0,0.0,TC1,n_agents,50,behavioral,3
277,138.5,0,0.0,TC1,n_agents,50,behavioral,3
278,139.0,0,0.0,TC1,n_agents,50,behavioral,3
279,139.5,0,0.0,TC1,n_agents,50,behavioral,3
280,140.0,0,0.0,TC1,n_agents,50,behavioral,3
281,140.5,0,0.0,TC1,n_agents,50,behavioral,3
282,141.0,0,0.0,TC1,n_agents,50,behavioral,3
283,141.5,0,0.0,TC1,n_agents,50,behavioral,3
284,142.0,0,0.0,TC1,n_agents,50,behavioral,3
285,142.5,0,0.0,TC1,n_agents,50,behavioral,3
286,143.0,0,0.0,TC1,n_agents,50,behavioral,3
287,143.5,0,0.0,TC1,n_agents,50,behavioral,3
288,144.0,0,0.0,TC1,n_agents,50,behavioral,3
289,144.5,0,0.0,TC1,n_agents,50,behavioral,3
290,145.0,0,0.0,TC1,n_agents,50,behavioral,3
291,145.5,0,0.0,TC1,n_agents,50,behavioral,3
292,146.0,0,0.0,TC1,n_agents,50,behavioral,3
293,146.5,0,0.0,TC1,n_agents,50,behavioral,3
294,147.0,0,0.0,TC1,n_agents,50,behavioral,3
295,147.5,0,0.0,TC1,n_agents,50,behavioral,3
296,148.0,0,0.0,TC1,n_agents,50,behavioral,3
297,148.5,0,0.0,TC1,n_agents,50,behavioral,3
298,149.0,0,0.0,TC1,n_agents,50,behavioral,3
299,149.5,0,0.0,TC1,n_agents,50,behavioral,3
300,150.0,0,0.0,TC1,n_agents,50,behavioral,3
301,150.5,0,0.0,TC1,n_agents,50,behavioral,3
302,151.0,0,0.0,TC1,n_agents,50,behavioral,3
303,151.5,0,0.0,TC1,n_agents,50,behavioral,3
304,152.0,0,0.0,TC1,n_agents,50,behavioral,3
305,152.5,0,0.0,TC1,n_agents,50,behavioral,3
306,153.0,0,0.0,TC1,n_agents,50,behavioral,3
307,153.5,0,0.0,TC1,n_agents,50,behavioral,3
308,154.0,0,0.0,TC1,n_agents,50,behavioral,3
309,154.5,0,0.0,TC1,n_agents,50,behavioral,3
310,155.0,0,0.0,TC1,n_agents,50,behavioral,3
311,155.5,0,0.0,TC1,n_agents,50,behavioral,3
312,156.0,0,0.0,TC1,n_agents,50,behavioral,3
313,156.5,0,0.0,TC1,n_agents,50,behavioral,3
314,157.0,0,0.0,TC1,n_agents,50,behavioral,3
315,157.5,0,0.0,TC1,n_agents,50,behavioral,3
316,158.0,0,0.0,TC1,n_agents,50,behavioral,3
317,158.5,0,0.0,TC1,n_agents,50,behavioral,3
318,159.0,0,0.0,TC1,n_agents,50,behavioral,3
319,159.5,0,0.0,TC1,n_agents,50,behavioral,3
320,160.0,0,0.0,TC1,n_agents,50,behavioral,3
321,160.5,0,0.0,TC1,n_agents,50,behavioral,3
322,161.0,0,0.0,TC1,n_agents,50,behavioral,3
323,161.5,0,0.0,TC1,n_agents,50,behavioral,3
324,162.0,0,0.0,TC1,n_agents,50,behavioral,3
325,162.5,0,0.0,TC1,n_agents,50,behavioral,3
326,163.0,0,0.0,TC1,n_agents,50,behavioral,3
327,163.5,0,0.0,TC1,n_agents,50,behavioral,3
328,164.0,0,0.0,TC1,n_agents,50,behavioral,3
329,164.5,0,0.0,TC1,n_agents,50,behavioral,3
330,165.0,0,0.0,TC1,n_agents,50,behavioral,3
331,165.5,0,0.0,TC1,n_agents,50,behavioral,3
332,166.0,0,0.0,TC1,n_agents,50,behavioral,3
333,166.5,0,0.0,TC1,n_agents,50,behavioral,3
334,167.0,0,0.0,TC1,n_agents,50,behavioral,3
335,167.5,0,0.0,TC1,n_agents,50,behavioral,3
336,168.0,0,0.0,TC1,n_agents,50,behavioral,3
337,168.5,0,0.0,TC1,n_agents,50,behavioral,3
338,169.0,0,0.0,TC1,n_agents,50,behavioral,3
339,169.5,0,0.0,TC1,n_agents,50,behavioral,3
340,170.0,0,0.0,TC1,n_agents,50,behavioral,3
341,170.5,0,0.0,TC1,n_agents,50,behavioral,3
342,171.0,0,0.0,TC1,n_agents,50,behavioral,3
343,171.5,0,0.0,TC1,n_agents,50,behavioral,3
344,172.0,0,0.0,TC1,n_agents,50,behavioral,3
345,172.5,0,0.0,TC1,n_agents,50,behavioral,3
346,173.0,0,0.0,TC1,n_agents,50,behavioral,3
347,173.5,0,0.0,TC1,n_agents,50,behavioral,3
348,174.0,0,0.0,TC1,n_agents,50,behavioral,3
349,174.5,0,0.0,TC1,n_agents,50,behavioral,3
350,175.0,0,0.0,TC1,n_agents,50,behavioral,3
351,175.5,0,0.0,TC1,n_agents,50,behavioral,3
352,176.0,0,0.0,TC1,n_agents,50,behavioral,3
353,176.5,0,0.0,TC1,n_agents,50,behavioral,3
354,177.0,0,0.0,TC1,n_agents,50,behavioral,3
355,177.5,0,0.0,TC1,n_agents,50,behavioral,3
356,178.0,0,0.0,TC1,n_agents,50,behavioral,3
357,178.5,0,0.0,TC1,n_agents,50,behavioral,3
358,179.0,0,0.0,TC1,n_agents,50,behavioral,3
359,179.5,0,0.0,TC1,n_agents,50,behavioral,3
360,180.0,0,0.0,TC1,n_agents,50,behavioral,3
361,180.5,0,0.0,TC1,n_agents,50,behavioral,3
362,181.0,0,0.0,TC1,n_agents,50,behavioral,3
363,181.5,0,0.0,TC1,n_agents,50,behavioral,3
364,182.0,0,0.0,TC1,n_agents,50,behavioral,3
365,182.5,0,0.0,TC1,n_agents,50,behavioral,3
366,183.0,0,0.0,TC1,n_agents,50,behavioral,3
367,183.5,0,0.0,TC1,n_agents,50,behavioral,3
368,184.0,0,0.0,TC1,n_agents,50,behavioral,3
369,184.5,0,0.0,TC1,n_agents,50,behavioral,3
370,185.0,0,0.0,TC1,n_agents,50,behavioral,3
371,185.5,0,0.0,TC1,n_agents,50,behavioral,3
372,186.0,0,0.0,TC1,n_agents,50,behavioral,3
373,186.5,0,0.0,TC1,n_agents,50,behavioral,3
374,187.0,0,0.0,TC1,n_agents,50,behavioral,3
375,187.5,0,0.0,TC1,n_agents,50,behavioral,3
376,188.0,0,0.0,TC1,n_agents,50,behavioral,3
377,188.5,0,0.0,TC1,n_agents,50,behavioral,3
378,189.0,0,0.0,TC1,n_agents,50,behavioral,3
379,189.5,0,0.0,TC1,n_agents,50,behavioral,3
380,190.0,0,0.0,TC1,n_agents,50,behavioral,3
381,190.5,0,0.0,TC1,n_agents,50,behavioral,3
382,191.0,0,0.0,TC1,n_agents,50,behavioral,3
383,191.5,0,0.0,TC1,n_agents,50,behavioral,3
384,192.0,0,0.0,TC1,n_agents,50,behavioral,3
385,192.5,0,0.0,TC1,n_agents,50,behavioral,3
386,193.0,0,0.0,TC1,n_agents,50,behavioral,3
387,193.5,0,0.0,TC1,n_agents,50,behavioral,3
388,194.0,0,0.0,TC1,n_agents,50,behavioral,3
389,194.5,0,0.0,TC1,n_agents,50,behavioral,3
390,195.0,0,0.0,TC1,n_agents,50,behavioral,3
391,195.5,0,0.0,TC1,n_agents,50,behavioral,3
392,196.0,0,0.0,TC1,n_agents,50,behavioral,3
393,196.5,0,0.0,TC1,n_agents,50,behavioral,3
394,197.0,0,0.0,TC1,n_agents,50,behavioral,3
395,197.5,0,0.0,TC1,n_agents,50,behavioral,3
396,198.0,0,0.0,TC1,n_agents,50,behavioral,3
397,198.5,0,0.0,TC1,n_agents,50,behavioral,3
398,199.0,0,0.0,TC1,n_agents,50,behavioral,3
399,199.5,0,0.0,TC1,n_agents,50,behavioral,3
400,200.0,0,0.0,TC1,n_agents,50,behavioral,3
401,200.5,0,0.0,TC1,n_agents,50,behavioral,3
402,201.0,0,0.0,TC1,n_agents,50,behavioral,3
403,201.5,0,0.0,TC1,n_agents,50,behavioral,3
404,202.0,0,0.0,TC1,n_agents,50,behavioral,3
405,202.5,0,0.0,TC1,n_agents,50,behavioral,3
406,203.0,0,0.0,TC1,n_agents,50,behavioral,3
407,203.5,0,0.0,TC1,n_agents,50,behavioral,3
408,204.0,0,0.0,TC1,n_agents,50,behavioral,3
409,204.5,0,0.0,TC1,n_agents,50,behavioral,3
410,205.0,0,0.0,TC1,n_agents,50,behavioral,3
411,205.5,0,0.0,TC1,n_agents,50,behavioral,3
412,206.0,0,0.0,TC1,n_agents,50,behavioral,3
413,206.5,0,0.0,TC1,n_agents,50,behavioral,3
414,207.0,0,0.0,TC1,n_agents,50,behavioral,3
415,207.5,0,0.0,TC1,n_agents,50,behavioral,3
416,208.0,0,0.0,TC1,n_agents,50,behavioral,3
417,208.5,0,0.0,TC1,n_agents,50,behavioral,3
418,209.0,0,0.0,TC1,n_agents,50,behavioral,3
419,209.5,0,0.0,TC1,n_agents,50,behavioral,3
420,210.0,0,0.0,TC1,n_agents,50,behavioral,3
421,210.5,0,0.0,TC1,n_agents,50,behavioral,3
422,211.0,0,0.0,TC1,n_agents,50,behavioral,3
423,211.5,0,0.0,TC1,n_agents,50,behavioral,3
424,212.0,0,0.0,TC1,n_agents,50,behavioral,3
425,212.5,0,0.0,TC1,n_agents,50,behavioral,3
426,213.0,0,0.0,TC1,n_agents,50,behavioral,3
427,213.5,0,0.0,TC1,n_agents,50,behavioral,3
428,214.0,0,0.0,TC1,n_agents,50,behavioral,3
429,214.5,0,0.0,TC1,n_agents,50,behavioral,3
430,215.0,0,0.0,TC1,n_agents,50,behavioral,3
431,215.5,0,0.0,TC1,n_agents,50,behavioral,3
432,216.0,0,0.0,TC1,n_agents,50,behavioral,3
433,216.5,0,0.0,TC1,n_agents,50,behavioral,3
434,217.0,0,0.0,TC1,n_agents,50,behavioral,3
435,217.5,0,0.0,TC1,n_agents,50,behavioral,3
436,218.0,0,0.0,TC1,n_agents,50,behavioral,3
437,218.5,0,0.0,TC1,n_agents,50,behavioral,3
438,219.0,0,0.0,TC1,n_agents,50,behavioral,3
439,219.5,0,0.0,TC1,n_agents,50,behavioral,3
440,220.0,0,0.0,TC1,n_agents,50,behavioral,3
441,220.5,0,0.0,TC1,n_agents,50,behavioral,3
442,221.0,0,0.0,TC1,n_agents,50,behavioral,3
443,221.5,0,0.0,TC1,n_agents,50,behavioral,3
444,222.0,0,0.0,TC1,n_agents,50,behavioral,3
445,222.5,0,0.0,TC1,n_agents,50,behavioral,3
446,223.0,0,0.0,TC1,n_agents,50,behavioral,3
447,223.5,0,0.0,TC1,n_agents,50,behavioral,3
448,224.0,0,0.0,TC1,n_agents,50,behavioral,3
449,224.5,0,0.0,TC1,n_agents,50,behavioral,3
450,225.0,0,0.0,TC1,n_agents,50,behavioral,3
451,225.5,0,0.0,TC1,n_agents,50,behavioral,3
452,226.0,0,0.0,TC1,n_agents,50,behavioral,3
453,226.5,0,0.0,TC1,n_agents,50,behavioral,3
454,227.0,0,0.0,TC1,n_agents,50,behavioral,3
455,227.5,0,0.0,TC1,n_agents,50,behavioral,3
456,228.0,0,0.0,TC1,n_agents,50,behavioral,3
457,228.5,0,0.0,TC1,n_agents,50,behavioral,3
458,229.0,0,0.0,TC1,n_agents,50,behavioral,3
459,229.5,0,0.0,TC1,n_agents,50,behavioral,3
460,230.0,0,0.0,TC1,n_agents,50,behavioral,3
461,230.5,0,0.0,TC1,n_agents,50,behavioral,3
462,231.0,0,0.0,TC1,n_agents,50,behavioral,3
463,231.5,0,0.0,TC1,n_agents,50,behavioral,3
464,232.0,0,0.0,TC1,n_agents,50,behavioral,3
465,232.5,0,0.0,TC1,n_agents,50,behavioral,3
466,233.0,0,0.0,TC1,n_agents,50,behavioral,3
467,233.5,0,0.0,TC1,n_agents,50,behavioral,3
468,234.0,0,0.0,TC1,n_agents,50,behavioral,3
469,234.5,0,0.0,TC1,n_agents,50,behavioral,3
470,235.0,0,0.0,TC1,n_agents,50,behavioral,3
471,235.5,0,0.0,TC1,n_agents,50,behavioral,3
472,236.0,0,0.0,TC1,n_agents,50,behavioral,3
473,236.5,0,0.0,TC1,n_agents,50,behavioral,3
474,237.0,0,0.0,TC1,n_agents,50,behavioral,3
475,237.5,0,0.0,TC1,n_agents,50,behavioral,3
476,238.0,0,0.0,TC1,n_agents,50,behavioral,3
477,238.5,0,0.0,TC1,n_agents,50,behavioral,3
478,239.0,0,0.0,TC1,n_agents,50,behavioral,3
479,239.5,0,0.0,TC1,n_agents,50,behavioral,3
480,240.0,0,0.0,TC1,n_agents,50,behavioral,3
481,240.5,0,0.0,TC1,n_agents,50,behavioral,3
482,241.0,0,0.0,TC1,n_agents,50,behavioral,3
483,241.5,0,0.0,TC1,n_agents,50,behavioral,3
484,242.0,0,0.0,TC1,n_agents,50,behavioral,3
485,242.5,0,0.0,TC1,n_agents,50,behavioral,3
486,243.0,0,0.0,TC1,n_agents,50,behavioral,3
487,243.5,0,0.0,TC1,n_agents,50,behavioral,3
488,244.0,0,0.0,TC1,n_agents,50,behavioral,3
489,244.5,0,0.0,TC1,n_agents,50,behavioral,3
490,245.0,0,0.0,TC1,n_agents,50,behavioral,3
491,245.5,0,0.0,TC1,n_agents,50,behavioral,3
492,246.0,0,0.0,TC1,n_agents,50,behavioral,3
493,246.5,0,0.0,TC1,n_agents,50,behavioral,3
494,247.0,0,0.0,TC1,n_agents,50,behavioral,3
495,247.5,0,0.0,TC1,n_agents,50,behavioral,3
496,248.0,0,0.0,TC1,n_agents,50,behavioral,3
497,248.5,0,0.0,TC1,n_agents,50,behavioral,3
498,249.0,0,0.0,TC1,n_agents,50,behavioral,3
499,249.5,0,0.0,TC1,n_agents,50,behavioral,3
500,250.0,0,0.0,TC1,n_agents,50,behavioral,3
501,250.5,0,0.0,TC1,n_agents,50,behavioral,3
502,251.0,0,0.0,TC1,n_agents,50,behavioral,3
503,251.5,0,0.0,TC1,n_agents,50,behavioral,3
504,252.0,0,0.0,TC1,n_agents,50,behavioral,3
505,252.5,0,0.0,TC1,n_agents,50,behavioral,3
506,253.0,0,0.0,TC1,n_agents,50,behavioral,3
507,253.5,0,0.0,TC1,n_agents,50,behavioral,3
508,254.0,0,0.0,TC1,n_agents,50,behavioral,3
509,254.5,0,0.0,TC1,n_agents,50,behavioral,3
510,255.0,0,0.0,TC1,n_agents,50,behavioral,3
511,255.5,0,0.0,TC1,n_agents,50,behavioral,3
512,256.0,0,0.0,TC1,n_agents,50,behavioral,3
513,256.5,0,0.0,TC1,n_agents,50,behavioral,3
514,257.0,0,0.0,TC1,n_agents,50,behavioral,3
515,257.5,0,0.0,TC1,n_agents,50,behavioral,3
516,258.0,0,0.0,TC1,n_agents,50,behavioral,3
517,258.5,0,0.0,TC1,n_agents,50,behavioral,3
518,259.0,0,0.0,TC1,n_agents,50,behavioral,3
519,259.5,0,0.0,TC1,n_agents,50,behavioral,3
520,260.0,0,0.0,TC1,n_agents,50,behavioral,3
521,260.5,0,0.0,TC1,n_agents,50,behavioral,3
522,261.0,0,0.0,TC1,n_agents,50,behavioral,3
523,261.5,0,0.0,TC1,n_agents,50,behavioral,3
524,262.0,0,0.0,TC1,n_agents,50,behavioral,3
525,262.5,0,0.0,TC1,n_agents,50,behavioral,3
526,263.0,0,0.0,TC1,n_agents,50,behavioral,3
527,263.5,0,0.0,TC1,n_agents,50,behavioral,3
528,264.0,0,0.0,TC1,n_agents,50,behavioral,3
529,264.5,0,0.0,TC1,n_agents,50,behavioral,3
530,265.0,0,0.0,TC1,n_agents,50,behavioral,3
531,265.5,0,0.0,TC1,n_agents,50,behavioral,3
532,266.0,0,0.0,TC1,n_agents,50,behavioral,3
533,266.5,0,0.0,TC1,n_agents,50,behavioral,3
534,267.0,0,0.0,TC1,n_agents,50,behavioral,3
535,267.5,0,0.0,TC1,n_agents,50,behavioral,3
536,268.0,0,0.0,TC1,n_agents,50,behavioral,3
537,268.5,0,0.0,TC1,n_agents,50,behavioral,3
538,269.0,0,0.0,TC1,n_agents,50,behavioral,3
539,269.5,0,0.0,TC1,n_agents,50,behavioral,3
540,270.0,0,0.0,TC1,n_agents,50,behavioral,3
541,270.5,0,0.0,TC1,n_agents,50,behavioral,3
542,271.0,0,0.0,TC1,n_agents,50,behavioral,3
543,271.5,0,0.0,TC1,n_agents,50,behavioral,3
544,272.0,0,0.0,TC1,n_agents,50,behavioral,3
545,272.5,0,0.0,TC1,n_agents,50,behavioral,3
546,273.0,0,0.0,TC1,n_agents,50,behavioral,3
547,273.5,0,0.0,TC1,n_agents,50,behavioral,3
548,274.0,0,0.0,TC1,n_agents,50,behavioral,3
549,274.5,0,0.0,TC1,n_agents,50,behavioral,3
550,275.0,0,0.0,TC1,n_agents,50,behavioral,3
551,275.5,0,0.0,TC1,n_agents,50,behavioral,3
552,276.0,0,0.0,TC1,n_agents,50,behavioral,3
553,276.5,0,0.0,TC1,n_agents,50,behavioral,3
554,277.0,0,0.0,TC1,n_agents,50,behavioral,3
555,277.5,0,0.0,TC1,n_agents,50,behavioral,3
556,278.0,0,0.0,TC1,n_agents,50,behavioral,3
557,278.5,0,0.0,TC1,n_agents,50,behavioral,3
558,279.0,0,0.0,TC1,n_agents,50,behavioral,3
559,279.5,0,0.0,TC1,n_agents,50,behavioral,3
560,280.0,0,0.0,TC1,n_agents,50,behavioral,3
561,280.5,0,0.0,TC1,n_agents,50,behavioral,3
562,281.0,0,0.0,TC1,n_agents,50,behavioral,3
563,281.5,0,0.0,TC1,n_agents,50,behavioral,3
564,282.0,0,0.0,TC1,n_agents,50,behavioral,3
565,282.5,0,0.0,TC1,n_agents,50,behavioral,3
566,283.0,0,0.0,TC1,n_agents,50,behavioral,3
567,283.5,0,0.0,TC1,n_agents,50,behavioral,3
568,284.0,0,0.0,TC1,n_agents,50,behavioral,3
569,284.5,0,0.0,TC1,n_agents,50,behavioral,3
570,285.0,0,0.0,TC1,n_agents,50,behavioral,3
571,285.5,0,0.0,TC1,n_agents,50,behavioral,3
572,286.0,0,0.0,TC1,n_agents,50,behavioral,3
573,286.5,0,0.0,TC1,n_agents,50,behavioral,3
574,287.0,0,0.0,TC1,n_agents,50,behavioral,3
575,287.5,0,0.0,TC1,n_agents,50,behavioral,3
576,288.0,0,0.0,TC1,n_agents,50,behavioral,3
577,288.5,0,0.0,TC1,n_agents,50,behavioral,3
578,289.0,0,0.0,TC1,n_agents,50,behavioral,3
579,289.5,0,0.0,TC1,n_agents,50,behavioral,3
580,290.0,0,0.0,TC1,n_agents,50,behavioral,3
581,290.5,0,0.0,TC1,n_agents,50,behavioral,3
582,291.0,0,0.0,TC1,n_agents,50,behavioral,3
583,291.5,0,0.0,TC1,n_agents,50,behavioral,3
584,292.0,0,0.0,TC1,n_agents,50,behavioral,3
585,292.5,0,0.0,TC1,n_agents,50,behavioral,3
586,293.0,0,0.0,TC1,n_agents,50,behavioral,3
587,293.5,0,0.0,TC1,n_agents,50,behavioral,3
588,294.0,0,0.0,TC1,n_agents,50,behavioral,3
589,294.5,0,0.0,TC1,n_agents,50,behavioral,3
590,295.0,0,0.0,TC1,n_agents,50,behavioral,3
591,295.5,0,0.0,TC1,n_agents,50,behavioral,3
592,296.0,0,0.0,TC1,n_agents,50,behavioral,3
593,296.5,0,0.0,TC1,n_agents,50,behavioral,3
594,297.0,0,0.0,TC1,n_agents,50,behavioral,3
595,297.5,0,0.0,TC1,n_agents,50,behavioral,3
596,298.0,0,0.0,TC1,n_agents,50,behavioral,3
597,298.5,0,0.0,TC1,n_agents,50,behavioral,3
598,299.0,0,0.0,TC1,n_agents,50,behavioral,3
599,299.5,0,0.0,TC1,n_agents,50,behavioral,3
600,300.0,0,0.0,TC1,n_agents,50,behavioral,3
601,300.5,0,0.0,TC1,n_agents,50,behavioral,3
602,301.0,0,0.0,TC1,n_agents,50,behavioral,3
603,301.5,0,0.0,TC1,n_agents,50,behavioral,3
604,302.0,0,0.0,TC1,n_agents,50,behavioral,3
605,302.5,0,0.0,TC1,n_agents,50,behavioral,3
606,303.0,0,0.0,TC1,n_agents,50,behavioral,3
607,303.5,0,0.0,TC1,n_agents,50,behavioral,3
608,304.0,0,0.0,TC1,n_agents,50,behavioral,3
609,304.5,0,0.0,TC1,n_agents,50,behavioral,3
610,305.0,0,0.0,TC1,n_agents,50,behavioral,3
611,305.5,0,0.0,TC1,n_agents,50,behavioral,3
612,306.0,0,0.0,TC1,n_agents,50,behavioral,3
613,306.5,0,0.0,TC1,n_agents,50,behavioral,3
614,307.0,0,0.0,TC1,n_agents,50,behavioral,3
615,307.5,0,0.0,TC1,n_agents,50,behavioral,3
616,308.0,0,0.0,TC1,n_agents,50,behavioral,3
617,308.5,0,0.0,TC1,n_agents,50,behavioral,3
618,309.0,0,0.0,TC1,n_agents,50,behavioral,3
619,309.5,0,0.0,TC1,n_agents,50,behavioral,3
620,310.0,0,0.0,TC1,n_agents,50,behavioral,3
621,310.5,0,0.0,TC1,n_agents,50,behavioral,3
622,311.0,0,0.0,TC1,n_agents,50,behavioral,3
623,311.5,0,0.0,TC1,n_agents,50,behavioral,3
624,312.0,0,0.0,TC1,n_agents,50,behavioral,3
625,312.5,0,0.0,TC1,n_agents,50,behavioral,3
626,313.0,0,0.0,TC1,n_agents,50,behavioral,3
627,313.5,0,0.0,TC1,n_agents,50,behavioral,3
628,314.0,0,0.0,TC1,n_agents,50,behavioral,3
629,314.5,0,0.0,TC1,n_agents,50,behavioral,3
630,315.0,0,0.0,TC1,n_agents,50,behavioral,3
631,315.5,0,0.0,TC1,n_agents,50,behavioral,3
632,316.0,0,0.0,TC1,n_agents,50,behavioral,3
633,316.5,0,0.0,TC1,n_agents,50,behavioral,3
634,317.0,0,0.0,TC1,n_agents,50,behavioral,3
635,317.5,0,0.0,TC1,n_agents,50,behavioral,3
636,318.0,0,0.0,TC1,n_agents,50,behavioral,3
637,318.5,0,0.0,TC1,n_agents,50,behavioral,3
638,319.0,0,0.0,TC1,n_agents,50,behavioral,3
639,319.5,0,0.0,TC1,n_agents,50,behavioral,3
640,320.0,0,0.0,TC1,n_agents,50,behavioral,3
641,320.5,0,0.0,TC1,n_agents,50,behavioral,3
642,321.0,0,0.0,TC1,n_agents,50,behavioral,3
643,321.5,0,0.0,TC1,n_agents,50,behavioral,3
644,322.0,0,0.0,TC1,n_agents,50,behavioral,3
645,322.5,0,0.0,TC1,n_agents,50,behavioral,3
646,323.0,0,0.0,TC1,n_agents,50,behavioral,3
647,323.5,0,0.0,TC1,n_agents,50,behavioral,3
648,324.0,0,0.0,TC1,n_agents,50,behavioral,3
649,324.5,0,0.0,TC1,n_agents,50,behavioral,3
650,325.0,0,0.0,TC1,n_agents,50,behavioral,3
651,325.5,0,0.0,TC1,n_agents,50,behavioral,3
652,326.0,0,0.0,TC1,n_agents,50,behavioral,3
653,326.5,0,0.0,TC1,n_agents,50,behavioral,3
654,327.0,0,0.0,TC1,n_agents,50,behavioral,3
655,327.5,0,0.0,TC1,n_agents,50,behavioral,3
656,328.0,0,0.0,TC1,n_agents,50,behavioral,3
657,328.5,0,0.0,TC1,n_agents,50,behavioral,3
658,329.0,0,0.0,TC1,n_agents,50,behavioral,3
659,329.5,0,0.0,TC1,n_agents,50,behavioral,3
660,330.0,0,0.0,TC1,n_agents,50,behavioral,3
661,330.5,0,0.0,TC1,n_agents,50,behavioral,3
662,331.0,0,0.0,TC1,n_agents,50,behavioral,3
663,331.5,0,0.0,TC1,n_agents,50,behavioral,3
664,332.0,0,0.0,TC1,n_agents,50,behavioral,3
665,332.5,0,0.0,TC1,n_agents,50,behavioral,3
666,333.0,0,0.0,TC1,n_agents,50,behavioral,3
667,333.5,0,0.0,TC1,n_agents,50,behavioral,3
668,334.0,0,0.0,TC1,n_agents,50,behavioral,3
669,334.5,0,0.0,TC1,n_agents,50,behavioral,3
670,335.0,0,0.0,TC1,n_agents,50,behavioral,3
671,335.5,0,0.0,TC1,n_agents,50,behavioral,3
672,336.0,0,0.0,TC1,n_agents,50,behavioral,3
673,336.5,0,0.0,TC1,n_agents,50,behavioral,3
674,337.0,0,0.0,TC1,n_agents,50,behavioral,3
675,337.5,0,0.0,TC1,n_agents,50,behavioral,3
676,338.0,0,0.0,TC1,n_agents,50,behavioral,3
677,338.5,0,0.0,TC1,n_agents,50,behavioral,3
678,339.0,0,0.0,TC1,n_agents,50,behavioral,3
679,339.5,0,0.0,TC1,n_agents,50,behavioral,3
680,340.0,0,0.0,TC1,n_agents,50,behavioral,3
681,340.5,0,0.0,TC1,n_agents,50,behavioral,3
682,341.0,0,0.0,TC1,n_agents,50,behavioral,3
683,341.5,0,0.0,TC1,n_agents,50,behavioral,3
684,342.0,0,0.0,TC1,n_agents,50,behavioral,3
685,342.5,0,0.0,TC1,n_agents,50,behavioral,3
686,343.0,0,0.0,TC1,n_agents,50,behavioral,3
687,343.5,0,0.0,TC1,n_agents,50,behavioral,3
688,344.0,0,0.0,TC1,n_agents,50,behavioral,3
689,344.5,0,0.0,TC1,n_agents,50,behavioral,3
690,345.0,0,0.0,TC1,n_agents,50,behavioral,3
691,345.5,0,0.0,TC1,n_agents,50,behavioral,3
692,346.0,0,0.0,TC1,n_agents,50,behavioral,3
693,346.5,0,0.0,TC1,n_agents,50,behavioral,3
694,347.0,0,0.0,TC1,n_agents,50,behavioral,3
695,347.5,0,0.0,TC1,n_agents,50,behavioral,3
696,348.0,0,0.0,TC1,n_agents,50,behavioral,3
697,348.5,0,0.0,TC1,n_agents,50,behavioral,3
698,349.0,0,0.0,TC1,n_agents,50,behavioral,3
699,349.5,0,0.0,TC1,n_agents,50,behavioral,3
700,350.0,0,0.0,TC1,n_agents,50,behavioral,3
701,350.5,0,0.0,TC1,n_agents,50,behavioral,3
702,351.0,0,0.0,TC1,n_agents,50,behavioral,3
703,351.5,0,0.0,TC1,n_agents,50,behavioral,3
704,352.0,0,0.0,TC1,n_agents,50,behavioral,3
705,352.5,0,0.0,TC1,n_agents,50,behavioral,3
706,353.0,0,0.0,TC1,n_agents,50,behavioral,3
707,353.5,0,0.0,TC1,n_agents,50,behavioral,3
708,354.0,0,0.0,TC1,n_agents,50,behavioral,3
709,354.5,0,0.0,TC1,n_agents,50,behavioral,3
710,355.0,0,0.0,TC1,n_agents,50,behavioral,3
711,355.5,0,0.0,TC1,n_agents,50,behavioral,3
712,356.0,0,0.0,TC1,n_agents,50,behavioral,3
713,356.5,0,0.0,TC1,n_agents,50,behavioral,3
714,357.0,0,0.0,TC1,n_agents,50,behavioral,3
715,357.5,0,0.0,TC1,n_agents,50,behavioral,3
716,358.0,0,0.0,TC1,n_agents,50,behavioral,3
717,358.5,0,0.0,TC1,n_agents,50,behavioral,3
718,359.0,0,0.0,TC1,n_agents,50,behavioral,3
719,359.5,0,0.0,TC1,n_agents,50,behavioral,3
720,360.0,0,0.0,TC1,n_agents,50,behavioral,3
721,360.5,0,0.0,TC1,n_agents,50,behavioral,3
722,361.0,0,0.0,TC1,n_agents,50,behavioral,3
723,361.5,0,0.0,TC1,n_agents,50,behavioral,3
724,362.0,0,0.0,TC1,n_agents,50,behavioral,3
725,362.5,0,0.0,TC1,n_agents,50,behavioral,3
726,363.0,0,0.0,TC1,n_agents,50,behavioral,3
727,363.5,0,0.0,TC1,n_agents,50,behavioral,3
728,364.0,0,0.0,TC1,n_agents,50,behavioral,3
729,364.5,0,0.0,TC1,n_agents,50,behavioral,3
730,365.0,0,0.0,TC1,n_agents,50,behavioral,3
731,365.5,0,0.0,TC1,n_agents,50,behavioral,3
732,366.0,0,0.0,TC1,n_agents,50,behavioral,3
733,366.5,0,0.0,TC1,n_agents,50,behavioral,3
734,367.0,0,0.0,TC1,n_agents,50,behavioral,3
735,367.5,0,0.0,TC1,n_agents,50,behavioral,3
736,368.0,0,0.0,TC1,n_agents,50,behavioral,3
737,368.5,0,0.0,TC1,n_agents,50,behavioral,3
738,369.0,0,0.0,TC1,n_agents,50,behavioral,3
739,369.5,0,0.0,TC1,n_agents,50,behavioral,3
740,370.0,0,0.0,TC1,n_agents,50,behavioral,3
741,370.5,0,0.0,TC1,n_agents,50,behavioral,3
742,371.0,0,0.0,TC1,n_agents,50,behavioral,3
743,371.5,0,0.0,TC1,n_agents,50,behavioral,3
744,372.0,0,0.0,TC1,n_agents,50,behavioral,3
745,372.5,0,0.0,TC1,n_agents,50,behavioral,3
746,373.0,0,0.0,TC1,n_agents,50,behavioral,3
747,373.5,0,0.0,TC1,n_agents,50,behavioral,3
748,374.0,0,0.0,TC1,n_agents,50,behavioral,3
749,374.5,0,0.0,TC1,n_agents,50,behavioral,3
750,375.0,0,0.0,TC1,n_agents,50,behavioral,3
751,375.5,0,0.0,TC1,n_agents,50,behavioral,3
752,376.0,0,0.0,TC1,n_agents,50,behavioral,3
753,376.5,0,0.0,TC1,n_agents,50,behavioral,3
754,377.0,0,0.0,TC1,n_agents,50,behavioral,3
755,377.5,0,0.0,TC1,n_agents,50,behavioral,3
756,378.0,0,0.0,TC1,n_agents,50,behavioral,3
757,378.5,0,0.0,TC1,n_agents,50,behavioral,3
758,379.0,0,0.0,TC1,n_agents,50,behavioral,3
759,379.5,0,0.0,TC1,n_agents,50,behavioral,3
760,380.0,0,0.0,TC1,n_agents,50,behavioral,3
761,380.5,0,0.0,TC1,n_agents,50,behavioral,3
762,381.0,0,0.0,TC1,n_agents,50,behavioral,3
763,381.5,0,0.0,TC1,n_agents,50,behavioral,3
764,382.0,0,0.0,TC1,n_agents,50,behavioral,3
765,382.5,0,0.0,TC1,n_agents,50,behavioral,3
766,383.0,0,0.0,TC1,n_agents,50,behavioral,3
767,383.5,0,0.0,TC1,n_agents,50,behavioral,3
768,384.0,0,0.0,TC1,n_agents,50,behavioral,3
769,384.5,0,0.0,TC1,n_agents,50,behavioral,3
770,385.0,0,0.0,TC1,n_agents,50,behavioral,3
771,385.5,0,0.0,TC1,n_agents,50,behavioral,3
772,386.0,0,0.0,TC1,n_agents,50,behavioral,3
773,386.5,0,0.0,TC1,n_agents,50,behavioral,3
774,387.0,0,0.0,TC1,n_agents,50,behavioral,3
775,387.5,0,0.0,TC1,n_agents,50,behavioral,3
776,388.0,0,0.0,TC1,n_agents,50,behavioral,3
777,388.5,0,0.0,TC1,n_agents,50,behavioral,3
778,389.0,0,0.0,TC1,n_agents,50,behavioral,3
779,389.5,0,0.0,TC1,n_agents,50,behavioral,3
780,390.0,0,0.0,TC1,n_agents,50,behavioral,3
781,390.5,0,0.0,TC1,n_agents,50,behavioral,3
782,391.0,0,0.0,TC1,n_agents,50,behavioral,3
783,391.5,0,0.0,TC1,n_agents,50,behavioral,3
784,392.0,0,0.0,TC1,n_agents,50,behavioral,3
785,392.5,0,0.0,TC1,n_agents,50,behavioral,3
786,393.0,0,0.0,TC1,n_agents,50,behavioral,3
787,393.5,0,0.0,TC1,n_agents,50,behavioral,3
788,394.0,0,0.0,TC1,n_agents,50,behavioral,3
789,394.5,0,0.0,TC1,n_agents,50,behavioral,3
790,395.0,0,0.0,TC1,n_agents,50,behavioral,3
791,395.5,0,0.0,TC1,n_agents,50,behavioral,3
792,396.0,0,0.0,TC1,n_agents,50,behavioral,3
793,396.5,0,0.0,TC1,n_agents,50,behavioral,3
794,397.0,0,0.0,TC1,n_agents,50,behavioral,3
795,397.5,0,0.0,TC1,n_agents,50,behavioral,3
796,398.0,0,0.0,TC1,n_agents,50,behavioral,3
797,398.5,0,0.0,TC1,n_agents,50,behavioral,3
798,399.0,0,0.0,TC1,n_agents,50,behavioral,3
799,399.5,0,0.0,TC1,n_agents,50,behavioral,3
800,400.0,0,0.0,TC1,n_agents,50,behavioral,3
0,0.0,0,0.0,TC1,n_agents,100,behavioral,1
1,0.5,0,0.0,TC1,n_agents,100,behavioral,1
2,1.0,0,0.0,TC1,n_agents,100,behavioral,1
3,1.5,0,0.0,TC1,n_agents,100,behavioral,1
4,2.0,0,0.0,TC1,n_agents,100,behavioral,1
5,2.5,0,0.0,TC1,n_agents,100,behavioral,1
6,3.0,0,0.0,TC1,n_agents,100,behavioral,1
7,3.5,0,0.0,TC1,n_agents,100,behavioral,1
8,4.0,0,0.0,TC1,n_agents,100,behavioral,1
9,4.5,0,0.0,TC1,n_agents,100,behavioral,1
10,5.0,0,0.0,TC1,n_agents,100,behavioral,1
11,5.5,0,0.0,TC1,n_agents,100,behavioral,1
12,6.0,0,0.0,TC1,n_agents,100,behavioral,1
13,6.5,0,0.0,TC1,n_agents,100,behavioral,1
14,7.0,0,0.0,TC1,n_agents,100,behavioral,1
15,7.5,0,0.0,TC1,n_agents,100,behavioral,1
16,8.0,0,0.0,TC1,n_agents,100,behavioral,1
17,8.5,0,0.0,TC1,n_agents,100,behavioral,1
18,9.0,0,0.0,TC1,n_agents,100,behavioral,1
19,9.5,0,0.0,TC1,n_agents,100,behavioral,1
20,10.0,0,0.0,TC1,n_agents,100,behavioral,1
21,10.5,0,0.0,TC1,n_agents,100,behavioral,1
22,11.0,0,0.0,TC1,n_agents,100,behavioral,1
23,11.5,0,0.0,TC1,n_agents,100,behavioral,1
24,12.0,0,0.0,TC1,n_agents,100,behavioral,1
25,12.5,0,0.0,TC1,n_agents,100,behavioral,1
26,13.0,0,0.0,TC1,n_agents,100,behavioral,1
27,13.5,0,0.0,TC1,n_agents,100,behavioral,1
28,14.0,0,0.0,TC1,n_agents,100,behavioral,1
29,14.5,0,0.0,TC1,n_agents,100,behavioral,1
30,15.0,0,0.0,TC1,n_agents,100,behavioral,1
31,15.5,0,0.0,TC1,n_agents,100,behavioral,1
32,16.0,0,0.0,TC1,n_agents,100,behavioral,1
33,16.5,0,0.0,TC1,n_agents,100,behavioral,1
34,17.0,0,0.0,TC1,n_agents,100,behavioral,1
35,17.5,0,0.0,TC1,n_agents,100,behavioral,1
36,18.0,0,0.0,TC1,n_agents,100,behavioral,1
37,18.5,0,0.0,TC1,n_agents,100,behavioral,1
38,19.0,0,0.0,TC1,n_agents,100,behavioral,1
39,19.5,0,0.0,TC1,n_agents,100,behavioral,1
40,20.0,0,0.0,TC1,n_agents,100,behavioral,1
41,20.5,0,0.0,TC1,n_agents,100,behavioral,1
42,21.0,0,0.0,TC1,n_agents,100,behavioral,1
43,21.5,0,0.0,TC1,n_agents,100,behavioral,1
44,22.0,0,0.0,TC1,n_agents,100,behavioral,1
45,22.5,0,0.0,TC1,n_agents,100,behavioral,1
46,23.0,0,0.0,TC1,n_agents,100,behavioral,1
47,23.5,0,0.0,TC1,n_agents,100,behavioral,1
48,24.0,0,0.0,TC1,n_agents,100,behavioral,1
49,24.5,0,0.0,TC1,n_agents,100,behavioral,1
50,25.0,0,0.0,TC1,n_agents,100,behavioral,1
51,25.5,0,0.0,TC1,n_agents,100,behavioral,1
52,26.0,0,0.0,TC1,n_agents,100,behavioral,1
53,26.5,0,0.0,TC1,n_agents,100,behavioral,1
54,27.0,0,0.0,TC1,n_agents,100,behavioral,1
55,27.5,0,0.0,TC1,n_agents,100,behavioral,1
56,28.0,0,0.0,TC1,n_agents,100,behavioral,1
57,28.5,0,0.0,TC1,n_agents,100,behavioral,1
58,29.0,0,0.0,TC1,n_agents,100,behavioral,1
59,29.5,0,0.0,TC1,n_agents,100,behavioral,1
60,30.0,0,0.0,TC1,n_agents,100,behavioral,1
61,30.5,0,0.0,TC1,n_agents,100,behavioral,1
62,31.0,0,0.0,TC1,n_agents,100,behavioral,1
63,31.5,0,0.0,TC1,n_agents,100,behavioral,1
64,32.0,0,0.0,TC1,n_agents,100,behavioral,1
65,32.5,0,0.0,TC1,n_agents,100,behavioral,1
66,33.0,0,0.0,TC1,n_agents,100,behavioral,1
67,33.5,0,0.0,TC1,n_agents,100,behavioral,1
68,34.0,0,0.0,TC1,n_agents,100,behavioral,1
69,34.5,0,0.0,TC1,n_agents,100,behavioral,1
70,35.0,0,0.0,TC1,n_agents,100,behavioral,1
71,35.5,0,0.0,TC1,n_agents,100,behavioral,1
72,36.0,0,0.0,TC1,n_agents,100,behavioral,1
73,36.5,0,0.0,TC1,n_agents,100,behavioral,1
74,37.0,0,0.0,TC1,n_agents,100,behavioral,1
75,37.5,0,0.0,TC1,n_agents,100,behavioral,1
76,38.0,0,0.0,TC1,n_agents,100,behavioral,1
77,38.5,0,0.0,TC1,n_agents,100,behavioral,1
78,39.0,0,0.0,TC1,n_agents,100,behavioral,1
79,39.5,0,0.0,TC1,n_agents,100,behavioral,1
80,40.0,0,0.0,TC1,n_agents,100,behavioral,1
81,40.5,0,0.0,TC1,n_agents,100,behavioral,1
82,41.0,0,0.0,TC1,n_agents,100,behavioral,1
83,41.5,0,0.0,TC1,n_agents,100,behavioral,1
84,42.0,0,0.0,TC1,n_agents,100,behavioral,1
85,42.5,0,0.0,TC1,n_agents,100,behavioral,1
86,43.0,0,0.0,TC1,n_agents,100,behavioral,1
87,43.5,0,0.0,TC1,n_agents,100,behavioral,1
88,44.0,0,0.0,TC1,n_agents,100,behavioral,1
89,44.5,0,0.0,TC1,n_agents,100,behavioral,1
90,45.0,0,0.0,TC1,n_agents,100,behavioral,1
91,45.5,0,0.0,TC1,n_agents,100,behavioral,1
92,46.0,0,0.0,TC1,n_agents,100,behavioral,1
93,46.5,0,0.0,TC1,n_agents,100,behavioral,1
94,47.0,0,0.0,TC1,n_agents,100,behavioral,1
95,47.5,0,0.0,TC1,n_agents,100,behavioral,1
96,48.0,0,0.0,TC1,n_agents,100,behavioral,1
97,48.5,0,0.0,TC1,n_agents,100,behavioral,1
98,49.0,0,0.0,TC1,n_agents,100,behavioral,1
99,49.5,0,0.0,TC1,n_agents,100,behavioral,1
100,50.0,0,0.0,TC1,n_agents,100,behavioral,1
101,50.5,0,0.0,TC1,n_agents,100,behavioral,1
102,51.0,0,0.0,TC1,n_agents,100,behavioral,1
103,51.5,0,0.0,TC1,n_agents,100,behavioral,1
104,52.0,0,0.0,TC1,n_agents,100,behavioral,1
105,52.5,0,0.0,TC1,n_agents,100,behavioral,1
106,53.0,0,0.0,TC1,n_agents,100,behavioral,1
107,53.5,0,0.0,TC1,n_agents,100,behavioral,1
108,54.0,0,0.0,TC1,n_agents,100,behavioral,1
109,54.5,0,0.0,TC1,n_agents,100,behavioral,1
110,55.0,0,0.0,TC1,n_agents,100,behavioral,1
111,55.5,0,0.0,TC1,n_agents,100,behavioral,1
112,56.0,0,0.0,TC1,n_agents,100,behavioral,1
113,56.5,0,0.0,TC1,n_agents,100,behavioral,1
114,57.0,0,0.0,TC1,n_agents,100,behavioral,1
115,57.5,0,0.0,TC1,n_agents,100,behavioral,1
116,58.0,0,0.0,TC1,n_agents,100,behavioral,1
117,58.5,0,0.0,TC1,n_agents,100,behavioral,1
118,59.0,0,0.0,TC1,n_agents,100,behavioral,1
119,59.5,0,0.0,TC1,n_agents,100,behavioral,1
120,60.0,0,0.0,TC1,n_agents,100,behavioral,1
121,60.5,0,0.0,TC1,n_agents,100,behavioral,1
122,61.0,0,0.0,TC1,n_agents,100,behavioral,1
123,61.5,0,0.0,TC1,n_agents,100,behavioral,1
124,62.0,0,0.0,TC1,n_agents,100,behavioral,1
125,62.5,0,0.0,TC1,n_agents,100,behavioral,1
126,63.0,0,0.0,TC1,n_agents,100,behavioral,1
127,63.5,0,0.0,TC1,n_agents,100,behavioral,1
128,64.0,0,0.0,TC1,n_agents,100,behavioral,1
129,64.5,0,0.0,TC1,n_agents,100,behavioral,1
130,65.0,0,0.0,TC1,n_agents,100,behavioral,1
131,65.5,0,0.0,TC1,n_agents,100,behavioral,1
132,66.0,0,0.0,TC1,n_agents,100,behavioral,1
133,66.5,0,0.0,TC1,n_agents,100,behavioral,1
134,67.0,0,0.0,TC1,n_agents,100,behavioral,1
135,67.5,0,0.0,TC1,n_agents,100,behavioral,1
136,68.0,0,0.0,TC1,n_agents,100,behavioral,1
137,68.5,0,0.0,TC1,n_agents,100,behavioral,1
138,69.0,0,0.0,TC1,n_agents,100,behavioral,1
139,69.5,0,0.0,TC1,n_agents,100,behavioral,1
140,70.0,0,0.0,TC1,n_agents,100,behavioral,1
141,70.5,0,0.0,TC1,n_agents,100,behavioral,1
142,71.0,0,0.0,TC1,n_agents,100,behavioral,1
143,71.5,0,0.0,TC1,n_agents,100,behavioral,1
144,72.0,0,0.0,TC1,n_agents,100,behavioral,1
145,72.5,0,0.0,TC1,n_agents,100,behavioral,1
146,73.0,0,0.0,TC1,n_agents,100,behavioral,1
147,73.5,0,0.0,TC1,n_agents,100,behavioral,1
148,74.0,0,0.0,TC1,n_agents,100,behavioral,1
149,74.5,0,0.0,TC1,n_agents,100,behavioral,1
150,75.0,0,0.0,TC1,n_agents,100,behavioral,1
151,75.5,0,0.0,TC1,n_agents,100,behavioral,1
152,76.0,0,0.0,TC1,n_agents,100,behavioral,1
153,76.5,0,0.0,TC1,n_agents,100,behavioral,1
154,77.0,0,0.0,TC1,n_agents,100,behavioral,1
155,77.5,0,0.0,TC1,n_agents,100,behavioral,1
156,78.0,0,0.0,TC1,n_agents,100,behavioral,1
157,78.5,0,0.0,TC1,n_agents,100,behavioral,1
158,79.0,0,0.0,TC1,n_agents,100,behavioral,1
159,79.5,0,0.0,TC1,n_agents,100,behavioral,1
160,80.0,0,0.0,TC1,n_agents,100,behavioral,1
161,80.5,0,0.0,TC1,n_agents,100,behavioral,1
162,81.0,0,0.0,TC1,n_agents,100,behavioral,1
163,81.5,0,0.0,TC1,n_agents,100,behavioral,1
164,82.0,0,0.0,TC1,n_agents,100,behavioral,1
165,82.5,0,0.0,TC1,n_agents,100,behavioral,1
166,83.0,0,0.0,TC1,n_agents,100,behavioral,1
167,83.5,0,0.0,TC1,n_agents,100,behavioral,1
168,84.0,0,0.0,TC1,n_agents,100,behavioral,1
169,84.5,0,0.0,TC1,n_agents,100,behavioral,1
170,85.0,0,0.0,TC1,n_agents,100,behavioral,1
171,85.5,0,0.0,TC1,n_agents,100,behavioral,1
172,86.0,0,0.0,TC1,n_agents,100,behavioral,1
173,86.5,0,0.0,TC1,n_agents,100,behavioral,1
174,87.0,0,0.0,TC1,n_agents,100,behavioral,1
175,87.5,0,0.0,TC1,n_agents,100,behavioral,1
176,88.0,0,0.0,TC1,n_agents,100,behavioral,1
177,88.5,0,0.0,TC1,n_agents,100,behavioral,1
178,89.0,0,0.0,TC1,n_agents,100,behavioral,1
179,89.5,0,0.0,TC1,n_agents,100,behavioral,1
180,90.0,0,0.0,TC1,n_agents,100,behavioral,1
181,90.5,0,0.0,TC1,n_agents,100,behavioral,1
182,91.0,0,0.0,TC1,n_agents,100,behavioral,1
183,91.5,0,0.0,TC1,n_agents,100,behavioral,1
184,92.0,0,0.0,TC1,n_agents,100,behavioral,1
185,92.5,0,0.0,TC1,n_agents,100,behavioral,1
186,93.0,0,0.0,TC1,n_agents,100,behavioral,1
187,93.5,0,0.0,TC1,n_agents,100,behavioral,1
188,94.0,0,0.0,TC1,n_agents,100,behavioral,1
189,94.5,0,0.0,TC1,n_agents,100,behavioral,1
190,95.0,0,0.0,TC1,n_agents,100,behavioral,1
191,95.5,0,0.0,TC1,n_agents,100,behavioral,1
192,96.0,0,0.0,TC1,n_agents,100,behavioral,1
193,96.5,0,0.0,TC1,n_agents,100,behavioral,1
194,97.0,0,0.0,TC1,n_agents,100,behavioral,1
195,97.5,0,0.0,TC1,n_agents,100,behavioral,1
196,98.0,0,0.0,TC1,n_agents,100,behavioral,1
197,98.5,0,0.0,TC1,n_agents,100,behavioral,1
198,99.0,0,0.0,TC1,n_agents,100,behavioral,1
199,99.5,0,0.0,TC1,n_agents,100,behavioral,1
200,100.0,0,0.0,TC1,n_agents,100,behavioral,1
201,100.5,0,0.0,TC1,n_agents,100,behavioral,1
202,101.0,0,0.0,TC1,n_agents,100,behavioral,1
203,101.5,0,0.0,TC1,n_agents,100,behavioral,1
204,102.0,0,0.0,TC1,n_agents,100,behavioral,1
205,102.5,0,0.0,TC1,n_agents,100,behavioral,1
206,103.0,0,0.0,TC1,n_agents,100,behavioral,1
207,103.5,0,0.0,TC1,n_agents,100,behavioral,1
208,104.0,0,0.0,TC1,n_agents,100,behavioral,1
209,104.5,0,0.0,TC1,n_agents,100,behavioral,1
210,105.0,0,0.0,TC1,n_agents,100,behavioral,1
211,105.5,0,0.0,TC1,n_agents,100,behavioral,1
212,106.0,0,0.0,TC1,n_agents,100,behavioral,1
213,106.5,0,0.0,TC1,n_agents,100,behavioral,1
214,107.0,0,0.0,TC1,n_agents,100,behavioral,1
215,107.5,0,0.0,TC1,n_agents,100,behavioral,1
216,108.0,0,0.0,TC1,n_agents,100,behavioral,1
217,108.5,0,0.0,TC1,n_agents,100,behavioral,1
218,109.0,0,0.0,TC1,n_agents,100,behavioral,1
219,109.5,0,0.0,TC1,n_agents,100,behavioral,1
220,110.0,0,0.0,TC1,n_agents,100,behavioral,1
221,110.5,0,0.0,TC1,n_agents,100,behavioral,1
222,111.0,0,0.0,TC1,n_agents,100,behavioral,1
223,111.5,0,0.0,TC1,n_agents,100,behavioral,1
224,112.0,0,0.0,TC1,n_agents,100,behavioral,1
225,112.5,0,0.0,TC1,n_agents,100,behavioral,1
226,113.0,0,0.0,TC1,n_agents,100,behavioral,1
227,113.5,0,0.0,TC1,n_agents,100,behavioral,1
228,114.0,0,0.0,TC1,n_agents,100,behavioral,1
229,114.5,0,0.0,TC1,n_agents,100,behavioral,1
230,115.0,0,0.0,TC1,n_agents,100,behavioral,1
231,115.5,0,0.0,TC1,n_agents,100,behavioral,1
232,116.0,0,0.0,TC1,n_agents,100,behavioral,1
233,116.5,0,0.0,TC1,n_agents,100,behavioral,1
234,117.0,0,0.0,TC1,n_agents,100,behavioral,1
235,117.5,0,0.0,TC1,n_agents,100,behavioral,1
236,118.0,0,0.0,TC1,n_agents,100,behavioral,1
237,118.5,0,0.0,TC1,n_agents,100,behavioral,1
238,119.0,0,0.0,TC1,n_agents,100,behavioral,1
239,119.5,0,0.0,TC1,n_agents,100,behavioral,1
240,120.0,0,0.0,TC1,n_agents,100,behavioral,1
241,120.5,0,0.0,TC1,n_agents,100,behavioral,1
242,121.0,0,0.0,TC1,n_agents,100,behavioral,1
243,121.5,0,0.0,TC1,n_agents,100,behavioral,1
244,122.0,0,0.0,TC1,n_agents,100,behavioral,1
245,122.5,0,0.0,TC1,n_agents,100,behavioral,1
246,123.0,0,0.0,TC1,n_agents,100,behavioral,1
247,123.5,0,0.0,TC1,n_agents,100,behavioral,1
248,124.0,0,0.0,TC1,n_agents,100,behavioral,1
249,124.5,0,0.0,TC1,n_agents,100,behavioral,1
250,125.0,0,0.0,TC1,n_agents,100,behavioral,1
251,125.5,0,0.0,TC1,n_agents,100,behavioral,1
252,126.0,0,0.0,TC1,n_agents,100,behavioral,1
253,126.5,0,0.0,TC1,n_agents,100,behavioral,1
254,127.0,0,0.0,TC1,n_agents,100,behavioral,1
255,127.5,0,0.0,TC1,n_agents,100,behavioral,1
256,128.0,0,0.0,TC1,n_agents,100,behavioral,1
257,128.5,0,0.0,TC1,n_agents,100,behavioral,1
258,129.0,0,0.0,TC1,n_agents,100,behavioral,1
259,129.5,0,0.0,TC1,n_agents,100,behavioral,1
260,130.0,0,0.0,TC1,n_agents,100,behavioral,1
261,130.5,0,0.0,TC1,n_agents,100,behavioral,1
262,131.0,0,0.0,TC1,n_agents,100,behavioral,1
263,131.5,0,0.0,TC1,n_agents,100,behavioral,1
264,132.0,0,0.0,TC1,n_agents,100,behavioral,1
265,132.5,0,0.0,TC1,n_agents,100,behavioral,1
266,133.0,0,0.0,TC1,n_agents,100,behavioral,1
267,133.5,0,0.0,TC1,n_agents,100,behavioral,1
268,134.0,0,0.0,TC1,n_agents,100,behavioral,1
269,134.5,0,0.0,TC1,n_agents,100,behavioral,1
270,135.0,0,0.0,TC1,n_agents,100,behavioral,1
271,135.5,0,0.0,TC1,n_agents,100,behavioral,1
272,136.0,0,0.0,TC1,n_agents,100,behavioral,1
273,136.5,0,0.0,TC1,n_agents,100,behavioral,1
274,137.0,0,0.0,TC1,n_agents,100,behavioral,1
275,137.5,0,0.0,TC1,n_agents,100,behavioral,1
276,138.0,0,0.0,TC1,n_agents,100,behavioral,1
277,138.5,0,0.0,TC1,n_agents,100,behavioral,1
278,139.0,0,0.0,TC1,n_agents,100,behavioral,1
279,139.5,0,0.0,TC1,n_agents,100,behavioral,1
280,140.0,0,0.0,TC1,n_agents,100,behavioral,1
281,140.5,0,0.0,TC1,n_agents,100,behavioral,1
282,141.0,0,0.0,TC1,n_agents,100,behavioral,1
283,141.5,0,0.0,TC1,n_agents,100,behavioral,1
284,142.0,0,0.0,TC1,n_agents,100,behavioral,1
285,142.5,0,0.0,TC1,n_agents,100,behavioral,1
286,143.0,0,0.0,TC1,n_agents,100,behavioral,1
287,143.5,0,0.0,TC1,n_agents,100,behavioral,1
288,144.0,0,0.0,TC1,n_agents,100,behavioral,1
289,144.5,0,0.0,TC1,n_agents,100,behavioral,1
290,145.0,0,0.0,TC1,n_agents,100,behavioral,1
291,145.5,0,0.0,TC1,n_agents,100,behavioral,1
292,146.0,0,0.0,TC1,n_agents,100,behavioral,1
293,146.5,0,0.0,TC1,n_agents,100,behavioral,1
294,147.0,0,0.0,TC1,n_agents,100,behavioral,1
295,147.5,0,0.0,TC1,n_agents,100,behavioral,1
296,148.0,0,0.0,TC1,n_agents,100,behavioral,1
297,148.5,0,0.0,TC1,n_agents,100,behavioral,1
298,149.0,0,0.0,TC1,n_agents,100,behavioral,1
299,149.5,0,0.0,TC1,n_agents,100,behavioral,1
300,150.0,0,0.0,TC1,n_agents,100,behavioral,1
301,150.5,0,0.0,TC1,n_agents,100,behavioral,1
302,151.0,0,0.0,TC1,n_agents,100,behavioral,1
303,151.5,0,0.0,TC1,n_agents,100,behavioral,1
304,152.0,0,0.0,TC1,n_agents,100,behavioral,1
305,152.5,0,0.0,TC1,n_agents,100,behavioral,1
306,153.0,0,0.0,TC1,n_agents,100,behavioral,1
307,153.5,0,0.0,TC1,n_agents,100,behavioral,1
308,154.0,0,0.0,TC1,n_agents,100,behavioral,1
309,154.5,0,0.0,TC1,n_agents,100,behavioral,1
310,155.0,0,0.0,TC1,n_agents,100,behavioral,1
311,155.5,0,0.0,TC1,n_agents,100,behavioral,1
312,156.0,0,0.0,TC1,n_agents,100,behavioral,1
313,156.5,0,0.0,TC1,n_agents,100,behavioral,1
314,157.0,0,0.0,TC1,n_agents,100,behavioral,1
315,157.5,0,0.0,TC1,n_agents,100,behavioral,1
316,158.0,0,0.0,TC1,n_agents,100,behavioral,1
317,158.5,0,0.0,TC1,n_agents,100,behavioral,1
318,159.0,0,0.0,TC1,n_agents,100,behavioral,1
319,159.5,0,0.0,TC1,n_agents,100,behavioral,1
320,160.0,0,0.0,TC1,n_agents,100,behavioral,1
321,160.5,0,0.0,TC1,n_agents,100,behavioral,1
322,161.0,0,0.0,TC1,n_agents,100,behavioral,1
323,161.5,0,0.0,TC1,n_agents,100,behavioral,1
324,162.0,0,0.0,TC1,n_agents,100,behavioral,1
325,162.5,0,0.0,TC1,n_agents,100,behavioral,1
326,163.0,0,0.0,TC1,n_agents,100,behavioral,1
327,163.5,0,0.0,TC1,n_agents,100,behavioral,1
328,164.0,0,0.0,TC1,n_agents,100,behavioral,1
329,164.5,0,0.0,TC1,n_agents,100,behavioral,1
330,165.0,0,0.0,TC1,n_agents,100,behavioral,1
331,165.5,0,0.0,TC1,n_agents,100,behavioral,1
332,166.0,0,0.0,TC1,n_agents,100,behavioral,1
333,166.5,0,0.0,TC1,n_agents,100,behavioral,1
334,167.0,0,0.0,TC1,n_agents,100,behavioral,1
335,167.5,0,0.0,TC1,n_agents,100,behavioral,1
336,168.0,0,0.0,TC1,n_agents,100,behavioral,1
337,168.5,0,0.0,TC1,n_agents,100,behavioral,1
338,169.0,0,0.0,TC1,n_agents,100,behavioral,1
339,169.5,0,0.0,TC1,n_agents,100,behavioral,1
340,170.0,0,0.0,TC1,n_agents,100,behavioral,1
341,170.5,0,0.0,TC1,n_agents,100,behavioral,1
342,171.0,0,0.0,TC1,n_agents,100,behavioral,1
343,171.5,0,0.0,TC1,n_agents,100,behavioral,1
344,172.0,0,0.0,TC1,n_agents,100,behavioral,1
345,172.5,0,0.0,TC1,n_agents,100,behavioral,1
346,173.0,0,0.0,TC1,n_agents,100,behavioral,1
347,173.5,0,0.0,TC1,n_agents,100,behavioral,1
348,174.0,0,0.0,TC1,n_agents,100,behavioral,1
349,174.5,0,0.0,TC1,n_agents,100,behavioral,1
350,175.0,0,0.0,TC1,n_agents,100,behavioral,1
351,175.5,0,0.0,TC1,n_agents,100,behavioral,1
352,176.0,0,0.0,TC1,n_agents,100,behavioral,1
353,176.5,0,0.0,TC1,n_agents,100,behavioral,1
354,177.0,0,0.0,TC1,n_agents,100,behavioral,1
355,177.5,0,0.0,TC1,n_agents,100,behavioral,1
356,178.0,0,0.0,TC1,n_agents,100,behavioral,1
357,178.5,0,0.0,TC1,n_agents,100,behavioral,1
358,179.0,0,0.0,TC1,n_agents,100,behavioral,1
359,179.5,0,0.0,TC1,n_agents,100,behavioral,1
360,180.0,0,0.0,TC1,n_agents,100,behavioral,1
361,180.5,0,0.0,TC1,n_agents,100,behavioral,1
362,181.0,0,0.0,TC1,n_agents,100,behavioral,1
363,181.5,0,0.0,TC1,n_agents,100,behavioral,1
364,182.0,0,0.0,TC1,n_agents,100,behavioral,1
365,182.5,0,0.0,TC1,n_agents,100,behavioral,1
366,183.0,0,0.0,TC1,n_agents,100,behavioral,1
367,183.5,0,0.0,TC1,n_agents,100,behavioral,1
368,184.0,0,0.0,TC1,n_agents,100,behavioral,1
369,184.5,0,0.0,TC1,n_agents,100,behavioral,1
370,185.0,0,0.0,TC1,n_agents,100,behavioral,1
371,185.5,0,0.0,TC1,n_agents,100,behavioral,1
372,186.0,0,0.0,TC1,n_agents,100,behavioral,1
373,186.5,0,0.0,TC1,n_agents,100,behavioral,1
374,187.0,0,0.0,TC1,n_agents,100,behavioral,1
375,187.5,0,0.0,TC1,n_agents,100,behavioral,1
376,188.0,0,0.0,TC1,n_agents,100,behavioral,1
377,188.5,0,0.0,TC1,n_agents,100,behavioral,1
378,189.0,0,0.0,TC1,n_agents,100,behavioral,1
379,189.5,0,0.0,TC1,n_agents,100,behavioral,1
380,190.0,0,0.0,TC1,n_agents,100,behavioral,1
381,190.5,0,0.0,TC1,n_agents,100,behavioral,1
382,191.0,0,0.0,TC1,n_agents,100,behavioral,1
383,191.5,0,0.0,TC1,n_agents,100,behavioral,1
384,192.0,0,0.0,TC1,n_agents,100,behavioral,1
385,192.5,0,0.0,TC1,n_agents,100,behavioral,1
386,193.0,0,0.0,TC1,n_agents,100,behavioral,1
387,193.5,0,0.0,TC1,n_agents,100,behavioral,1
388,194.0,0,0.0,TC1,n_agents,100,behavioral,1
389,194.5,0,0.0,TC1,n_agents,100,behavioral,1
390,195.0,0,0.0,TC1,n_agents,100,behavioral,1
391,195.5,0,0.0,TC1,n_agents,100,behavioral,1
392,196.0,0,0.0,TC1,n_agents,100,behavioral,1
393,196.5,0,0.0,TC1,n_agents,100,behavioral,1
394,197.0,0,0.0,TC1,n_agents,100,behavioral,1
395,197.5,0,0.0,TC1,n_agents,100,behavioral,1
396,198.0,0,0.0,TC1,n_agents,100,behavioral,1
397,198.5,0,0.0,TC1,n_agents,100,behavioral,1
398,199.0,0,0.0,TC1,n_agents,100,behavioral,1
399,199.5,0,0.0,TC1,n_agents,100,behavioral,1
400,200.0,0,0.0,TC1,n_agents,100,behavioral,1
401,200.5,0,0.0,TC1,n_agents,100,behavioral,1
402,201.0,0,0.0,TC1,n_agents,100,behavioral,1
403,201.5,0,0.0,TC1,n_agents,100,behavioral,1
404,202.0,0,0.0,TC1,n_agents,100,behavioral,1
405,202.5,0,0.0,TC1,n_agents,100,behavioral,1
406,203.0,0,0.0,TC1,n_agents,100,behavioral,1
407,203.5,0,0.0,TC1,n_agents,100,behavioral,1
408,204.0,0,0.0,TC1,n_agents,100,behavioral,1
409,204.5,0,0.0,TC1,n_agents,100,behavioral,1
410,205.0,0,0.0,TC1,n_agents,100,behavioral,1
411,205.5,0,0.0,TC1,n_agents,100,behavioral,1
412,206.0,0,0.0,TC1,n_agents,100,behavioral,1
413,206.5,0,0.0,TC1,n_agents,100,behavioral,1
414,207.0,0,0.0,TC1,n_agents,100,behavioral,1
415,207.5,0,0.0,TC1,n_agents,100,behavioral,1
416,208.0,0,0.0,TC1,n_agents,100,behavioral,1
417,208.5,0,0.0,TC1,n_agents,100,behavioral,1
418,209.0,0,0.0,TC1,n_agents,100,behavioral,1
419,209.5,0,0.0,TC1,n_agents,100,behavioral,1
420,210.0,0,0.0,TC1,n_agents,100,behavioral,1
421,210.5,0,0.0,TC1,n_agents,100,behavioral,1
422,211.0,0,0.0,TC1,n_agents,100,behavioral,1
423,211.5,0,0.0,TC1,n_agents,100,behavioral,1
424,212.0,0,0.0,TC1,n_agents,100,behavioral,1
425,212.5,0,0.0,TC1,n_agents,100,behavioral,1
426,213.0,0,0.0,TC1,n_agents,100,behavioral,1
427,213.5,0,0.0,TC1,n_agents,100,behavioral,1
428,214.0,0,0.0,TC1,n_agents,100,behavioral,1
429,214.5,0,0.0,TC1,n_agents,100,behavioral,1
430,215.0,0,0.0,TC1,n_agents,100,behavioral,1
431,215.5,0,0.0,TC1,n_agents,100,behavioral,1
432,216.0,0,0.0,TC1,n_agents,100,behavioral,1
433,216.5,0,0.0,TC1,n_agents,100,behavioral,1
434,217.0,0,0.0,TC1,n_agents,100,behavioral,1
435,217.5,0,0.0,TC1,n_agents,100,behavioral,1
436,218.0,0,0.0,TC1,n_agents,100,behavioral,1
437,218.5,0,0.0,TC1,n_agents,100,behavioral,1
438,219.0,0,0.0,TC1,n_agents,100,behavioral,1
439,219.5,0,0.0,TC1,n_agents,100,behavioral,1
440,220.0,0,0.0,TC1,n_agents,100,behavioral,1
441,220.5,0,0.0,TC1,n_agents,100,behavioral,1
442,221.0,0,0.0,TC1,n_agents,100,behavioral,1
443,221.5,0,0.0,TC1,n_agents,100,behavioral,1
444,222.0,0,0.0,TC1,n_agents,100,behavioral,1
445,222.5,0,0.0,TC1,n_agents,100,behavioral,1
446,223.0,0,0.0,TC1,n_agents,100,behavioral,1
447,223.5,0,0.0,TC1,n_agents,100,behavioral,1
448,224.0,0,0.0,TC1,n_agents,100,behavioral,1
449,224.5,0,0.0,TC1,n_agents,100,behavioral,1
450,225.0,0,0.0,TC1,n_agents,100,behavioral,1
451,225.5,0,0.0,TC1,n_agents,100,behavioral,1
452,226.0,0,0.0,TC1,n_agents,100,behavioral,1
453,226.5,0,0.0,TC1,n_agents,100,behavioral,1
454,227.0,0,0.0,TC1,n_agents,100,behavioral,1
455,227.5,0,0.0,TC1,n_agents,100,behavioral,1
456,228.0,0,0.0,TC1,n_agents,100,behavioral,1
457,228.5,0,0.0,TC1,n_agents,100,behavioral,1
458,229.0,0,0.0,TC1,n_agents,100,behavioral,1
459,229.5,0,0.0,TC1,n_agents,100,behavioral,1
460,230.0,0,0.0,TC1,n_agents,100,behavioral,1
461,230.5,0,0.0,TC1,n_agents,100,behavioral,1
462,231.0,0,0.0,TC1,n_agents,100,behavioral,1
463,231.5,0,0.0,TC1,n_agents,100,behavioral,1
464,232.0,0,0.0,TC1,n_agents,100,behavioral,1
465,232.5,0,0.0,TC1,n_agents,100,behavioral,1
466,233.0,0,0.0,TC1,n_agents,100,behavioral,1
467,233.5,0,0.0,TC1,n_agents,100,behavioral,1
468,234.0,0,0.0,TC1,n_agents,100,behavioral,1
469,234.5,0,0.0,TC1,n_agents,100,behavioral,1
470,235.0,0,0.0,TC1,n_agents,100,behavioral,1
471,235.5,0,0.0,TC1,n_agents,100,behavioral,1
472,236.0,0,0.0,TC1,n_agents,100,behavioral,1
473,236.5,0,0.0,TC1,n_agents,100,behavioral,1
474,237.0,0,0.0,TC1,n_agents,100,behavioral,1
475,237.5,0,0.0,TC1,n_agents,100,behavioral,1
476,238.0,0,0.0,TC1,n_agents,100,behavioral,1
477,238.5,0,0.0,TC1,n_agents,100,behavioral,1
478,239.0,0,0.0,TC1,n_agents,100,behavioral,1
479,239.5,0,0.0,TC1,n_agents,100,behavioral,1
480,240.0,0,0.0,TC1,n_agents,100,behavioral,1
481,240.5,0,0.0,TC1,n_agents,100,behavioral,1
482,241.0,0,0.0,TC1,n_agents,100,behavioral,1
483,241.5,0,0.0,TC1,n_agents,100,behavioral,1
484,242.0,0,0.0,TC1,n_agents,100,behavioral,1
485,242.5,0,0.0,TC1,n_agents,100,behavioral,1
486,243.0,0,0.0,TC1,n_agents,100,behavioral,1
487,243.5,0,0.0,TC1,n_agents,100,behavioral,1
488,244.0,0,0.0,TC1,n_agents,100,behavioral,1
489,244.5,0,0.0,TC1,n_agents,100,behavioral,1
490,245.0,0,0.0,TC1,n_agents,100,behavioral,1
491,245.5,0,0.0,TC1,n_agents,100,behavioral,1
492,246.0,0,0.0,TC1,n_agents,100,behavioral,1
493,246.5,0,0.0,TC1,n_agents,100,behavioral,1
494,247.0,0,0.0,TC1,n_agents,100,behavioral,1
495,247.5,0,0.0,TC1,n_agents,100,behavioral,1
496,248.0,0,0.0,TC1,n_agents,100,behavioral,1
497,248.5,0,0.0,TC1,n_agents,100,behavioral,1
498,249.0,0,0.0,TC1,n_agents,100,behavioral,1
499,249.5,0,0.0,TC1,n_agents,100,behavioral,1
500,250.0,0,0.0,TC1,n_agents,100,behavioral,1
501,250.5,0,0.0,TC1,n_agents,100,behavioral,1
502,251.0,0,0.0,TC1,n_agents,100,behavioral,1
503,251.5,0,0.0,TC1,n_agents,100,behavioral,1
504,252.0,0,0.0,TC1,n_agents,100,behavioral,1
505,252.5,0,0.0,TC1,n_agents,100,behavioral,1
506,253.0,0,0.0,TC1,n_agents,100,behavioral,1
507,253.5,0,0.0,TC1,n_agents,100,behavioral,1
508,254.0,0,0.0,TC1,n_agents,100,behavioral,1
509,254.5,0,0.0,TC1,n_agents,100,behavioral,1
510,255.0,0,0.0,TC1,n_agents,100,behavioral,1
511,255.5,0,0.0,TC1,n_agents,100,behavioral,1
512,256.0,0,0.0,TC1,n_agents,100,behavioral,1
513,256.5,0,0.0,TC1,n_agents,100,behavioral,1
514,257.0,0,0.0,TC1,n_agents,100,behavioral,1
515,257.5,0,0.0,TC1,n_agents,100,behavioral,1
516,258.0,0,0.0,TC1,n_agents,100,behavioral,1
517,258.5,0,0.0,TC1,n_agents,100,behavioral,1
518,259.0,0,0.0,TC1,n_agents,100,behavioral,1
519,259.5,0,0.0,TC1,n_agents,100,behavioral,1
520,260.0,0,0.0,TC1,n_agents,100,behavioral,1
521,260.5,0,0.0,TC1,n_agents,100,behavioral,1
522,261.0,0,0.0,TC1,n_agents,100,behavioral,1
523,261.5,0,0.0,TC1,n_agents,100,behavioral,1
524,262.0,0,0.0,TC1,n_agents,100,behavioral,1
525,262.5,0,0.0,TC1,n_agents,100,behavioral,1
526,263.0,0,0.0,TC1,n_agents,100,behavioral,1
527,263.5,0,0.0,TC1,n_agents,100,behavioral,1
528,264.0,0,0.0,TC1,n_agents,100,behavioral,1
529,264.5,0,0.0,TC1,n_agents,100,behavioral,1
530,265.0,0,0.0,TC1,n_agents,100,behavioral,1
531,265.5,0,0.0,TC1,n_agents,100,behavioral,1
532,266.0,0,0.0,TC1,n_agents,100,behavioral,1
533,266.5,0,0.0,TC1,n_agents,100,behavioral,1
534,267.0,0,0.0,TC1,n_agents,100,behavioral,1
535,267.5,0,0.0,TC1,n_agents,100,behavioral,1
536,268.0,0,0.0,TC1,n_agents,100,behavioral,1
537,268.5,0,0.0,TC1,n_agents,100,behavioral,1
538,269.0,0,0.0,TC1,n_agents,100,behavioral,1
539,269.5,0,0.0,TC1,n_agents,100,behavioral,1
540,270.0,0,0.0,TC1,n_agents,100,behavioral,1
541,270.5,0,0.0,TC1,n_agents,100,behavioral,1
542,271.0,0,0.0,TC1,n_agents,100,behavioral,1
543,271.5,0,0.0,TC1,n_agents,100,behavioral,1
544,272.0,0,0.0,TC1,n_agents,100,behavioral,1
545,272.5,0,0.0,TC1,n_agents,100,behavioral,1
546,273.0,0,0.0,TC1,n_agents,100,behavioral,1
547,273.5,0,0.0,TC1,n_agents,100,behavioral,1
548,274.0,0,0.0,TC1,n_agents,100,behavioral,1
549,274.5,0,0.0,TC1,n_agents,100,behavioral,1
550,275.0,0,0.0,TC1,n_agents,100,behavioral,1
551,275.5,0,0.0,TC1,n_agents,100,behavioral,1
552,276.0,0,0.0,TC1,n_agents,100,behavioral,1
553,276.5,0,0.0,TC1,n_agents,100,behavioral,1
554,277.0,0,0.0,TC1,n_agents,100,behavioral,1
555,277.5,0,0.0,TC1,n_agents,100,behavioral,1
556,278.0,0,0.0,TC1,n_agents,100,behavioral,1
557,278.5,0,0.0,TC1,n_agents,100,behavioral,1
558,279.0,0,0.0,TC1,n_agents,100,behavioral,1
559,279.5,0,0.0,TC1,n_agents,100,behavioral,1
560,280.0,0,0.0,TC1,n_agents,100,behavioral,1
561,280.5,0,0.0,TC1,n_agents,100,behavioral,1
562,281.0,0,0.0,TC1,n_agents,100,behavioral,1
563,281.5,0,0.0,TC1,n_agents,100,behavioral,1
564,282.0,0,0.0,TC1,n_agents,100,behavioral,1
565,282.5,0,0.0,TC1,n_agents,100,behavioral,1
566,283.0,0,0.0,TC1,n_agents,100,behavioral,1
567,283.5,0,0.0,TC1,n_agents,100,behavioral,1
568,284.0,0,0.0,TC1,n_agents,100,behavioral,1
569,284.5,0,0.0,TC1,n_agents,100,behavioral,1
570,285.0,0,0.0,TC1,n_agents,100,behavioral,1
571,285.5,0,0.0,TC1,n_agents,100,behavioral,1
572,286.0,0,0.0,TC1,n_agents,100,behavioral,1
573,286.5,0,0.0,TC1,n_agents,100,behavioral,1
574,287.0,0,0.0,TC1,n_agents,100,behavioral,1
575,287.5,0,0.0,TC1,n_agents,100,behavioral,1
576,288.0,0,0.0,TC1,n_agents,100,behavioral,1
577,288.5,0,0.0,TC1,n_agents,100,behavioral,1
578,289.0,0,0.0,TC1,n_agents,100,behavioral,1
579,289.5,0,0.0,TC1,n_agents,100,behavioral,1
580,290.0,0,0.0,TC1,n_agents,100,behavioral,1
581,290.5,0,0.0,TC1,n_agents,100,behavioral,1
582,291.0,0,0.0,TC1,n_agents,100,behavioral,1
583,291.5,0,0.0,TC1,n_agents,100,behavioral,1
584,292.0,0,0.0,TC1,n_agents,100,behavioral,1
585,292.5,0,0.0,TC1,n_agents,100,behavioral,1
586,293.0,0,0.0,TC1,n_agents,100,behavioral,1
587,293.5,0,0.0,TC1,n_agents,100,behavioral,1
588,294.0,0,0.0,TC1,n_agents,100,behavioral,1
589,294.5,0,0.0,TC1,n_agents,100,behavioral,1
590,295.0,0,0.0,TC1,n_agents,100,behavioral,1
591,295.5,0,0.0,TC1,n_agents,100,behavioral,1
592,296.0,0,0.0,TC1,n_agents,100,behavioral,1
593,296.5,0,0.0,TC1,n_agents,100,behavioral,1
594,297.0,0,0.0,TC1,n_agents,100,behavioral,1
595,297.5,0,0.0,TC1,n_agents,100,behavioral,1
596,298.0,0,0.0,TC1,n_agents,100,behavioral,1
597,298.5,0,0.0,TC1,n_agents,100,behavioral,1
598,299.0,0,0.0,TC1,n_agents,100,behavioral,1
599,299.5,0,0.0,TC1,n_agents,100,behavioral,1
600,300.0,0,0.0,TC1,n_agents,100,behavioral,1
601,300.5,0,0.0,TC1,n_agents,100,behavioral,1
602,301.0,0,0.0,TC1,n_agents,100,behavioral,1
603,301.5,0,0.0,TC1,n_agents,100,behavioral,1
604,302.0,0,0.0,TC1,n_agents,100,behavioral,1
605,302.5,0,0.0,TC1,n_agents,100,behavioral,1
606,303.0,0,0.0,TC1,n_agents,100,behavioral,1
607,303.5,0,0.0,TC1,n_agents,100,behavioral,1
608,304.0,0,0.0,TC1,n_agents,100,behavioral,1
609,304.5,0,0.0,TC1,n_agents,100,behavioral,1
610,305.0,0,0.0,TC1,n_agents,100,behavioral,1
611,305.5,0,0.0,TC1,n_agents,100,behavioral,1
612,306.0,0,0.0,TC1,n_agents,100,behavioral,1
613,306.5,0,0.0,TC1,n_agents,100,behavioral,1
614,307.0,0,0.0,TC1,n_agents,100,behavioral,1
615,307.5,0,0.0,TC1,n_agents,100,behavioral,1
616,308.0,0,0.0,TC1,n_agents,100,behavioral,1
617,308.5,0,0.0,TC1,n_agents,100,behavioral,1
618,309.0,0,0.0,TC1,n_agents,100,behavioral,1
619,309.5,0,0.0,TC1,n_agents,100,behavioral,1
620,310.0,0,0.0,TC1,n_agents,100,behavioral,1
621,310.5,0,0.0,TC1,n_agents,100,behavioral,1
622,311.0,0,0.0,TC1,n_agents,100,behavioral,1
623,311.5,0,0.0,TC1,n_agents,100,behavioral,1
624,312.0,0,0.0,TC1,n_agents,100,behavioral,1
625,312.5,0,0.0,TC1,n_agents,100,behavioral,1
626,313.0,0,0.0,TC1,n_agents,100,behavioral,1
627,313.5,0,0.0,TC1,n_agents,100,behavioral,1
628,314.0,0,0.0,TC1,n_agents,100,behavioral,1
629,314.5,0,0.0,TC1,n_agents,100,behavioral,1
630,315.0,0,0.0,TC1,n_agents,100,behavioral,1
631,315.5,0,0.0,TC1,n_agents,100,behavioral,1
632,316.0,0,0.0,TC1,n_agents,100,behavioral,1
633,316.5,0,0.0,TC1,n_agents,100,behavioral,1
634,317.0,0,0.0,TC1,n_agents,100,behavioral,1
635,317.5,0,0.0,TC1,n_agents,100,behavioral,1
636,318.0,0,0.0,TC1,n_agents,100,behavioral,1
637,318.5,0,0.0,TC1,n_agents,100,behavioral,1
638,319.0,0,0.0,TC1,n_agents,100,behavioral,1
639,319.5,0,0.0,TC1,n_agents,100,behavioral,1
640,320.0,0,0.0,TC1,n_agents,100,behavioral,1
641,320.5,0,0.0,TC1,n_agents,100,behavioral,1
642,321.0,0,0.0,TC1,n_agents,100,behavioral,1
643,321.5,0,0.0,TC1,n_agents,100,behavioral,1
644,322.0,0,0.0,TC1,n_agents,100,behavioral,1
645,322.5,0,0.0,TC1,n_agents,100,behavioral,1
646,323.0,0,0.0,TC1,n_agents,100,behavioral,1
647,323.5,0,0.0,TC1,n_agents,100,behavioral,1
648,324.0,0,0.0,TC1,n_agents,100,behavioral,1
649,324.5,0,0.0,TC1,n_agents,100,behavioral,1
650,325.0,0,0.0,TC1,n_agents,100,behavioral,1
651,325.5,0,0.0,TC1,n_agents,100,behavioral,1
652,326.0,0,0.0,TC1,n_agents,100,behavioral,1
653,326.5,0,0.0,TC1,n_agents,100,behavioral,1
654,327.0,0,0.0,TC1,n_agents,100,behavioral,1
655,327.5,0,0.0,TC1,n_agents,100,behavioral,1
656,328.0,0,0.0,TC1,n_agents,100,behavioral,1
657,328.5,0,0.0,TC1,n_agents,100,behavioral,1
658,329.0,0,0.0,TC1,n_agents,100,behavioral,1
659,329.5,0,0.0,TC1,n_agents,100,behavioral,1
660,330.0,0,0.0,TC1,n_agents,100,behavioral,1
661,330.5,0,0.0,TC1,n_agents,100,behavioral,1
662,331.0,0,0.0,TC1,n_agents,100,behavioral,1
663,331.5,0,0.0,TC1,n_agents,100,behavioral,1
664,332.0,0,0.0,TC1,n_agents,100,behavioral,1
665,332.5,0,0.0,TC1,n_agents,100,behavioral,1
666,333.0,0,0.0,TC1,n_agents,100,behavioral,1
667,333.5,0,0.0,TC1,n_agents,100,behavioral,1
668,334.0,0,0.0,TC1,n_agents,100,behavioral,1
669,334.5,0,0.0,TC1,n_agents,100,behavioral,1
670,335.0,0,0.0,TC1,n_agents,100,behavioral,1
671,335.5,0,0.0,TC1,n_agents,100,behavioral,1
672,336.0,0,0.0,TC1,n_agents,100,behavioral,1
673,336.5,0,0.0,TC1,n_agents,100,behavioral,1
674,337.0,0,0.0,TC1,n_agents,100,behavioral,1
675,337.5,0,0.0,TC1,n_agents,100,behavioral,1
676,338.0,0,0.0,TC1,n_agents,100,behavioral,1
677,338.5,0,0.0,TC1,n_agents,100,behavioral,1
678,339.0,0,0.0,TC1,n_agents,100,behavioral,1
679,339.5,0,0.0,TC1,n_agents,100,behavioral,1
680,340.0,0,0.0,TC1,n_agents,100,behavioral,1
681,340.5,0,0.0,TC1,n_agents,100,behavioral,1
682,341.0,0,0.0,TC1,n_agents,100,behavioral,1
683,341.5,0,0.0,TC1,n_agents,100,behavioral,1
684,342.0,0,0.0,TC1,n_agents,100,behavioral,1
685,342.5,0,0.0,TC1,n_agents,100,behavioral,1
686,343.0,0,0.0,TC1,n_agents,100,behavioral,1
687,343.5,0,0.0,TC1,n_agents,100,behavioral,1
688,344.0,0,0.0,TC1,n_agents,100,behavioral,1
689,344.5,0,0.0,TC1,n_agents,100,behavioral,1
690,345.0,0,0.0,TC1,n_agents,100,behavioral,1
691,345.5,0,0.0,TC1,n_agents,100,behavioral,1
692,346.0,0,0.0,TC1,n_agents,100,behavioral,1
693,346.5,0,0.0,TC1,n_agents,100,behavioral,1
694,347.0,0,0.0,TC1,n_agents,100,behavioral,1
695,347.5,0,0.0,TC1,n_agents,100,behavioral,1
696,348.0,0,0.0,TC1,n_agents,100,behavioral,1
697,348.5,0,0.0,TC1,n_agents,100,behavioral,1
698,349.0,0,0.0,TC1,n_agents,100,behavioral,1
699,349.5,0,0.0,TC1,n_agents,100,behavioral,1
700,350.0,0,0.0,TC1,n_agents,100,behavioral,1
701,350.5,0,0.0,TC1,n_agents,100,behavioral,1
702,351.0,0,0.0,TC1,n_agents,100,behavioral,1
703,351.5,0,0.0,TC1,n_agents,100,behavioral,1
704,352.0,0,0.0,TC1,n_agents,100,behavioral,1
705,352.5,0,0.0,TC1,n_agents,100,behavioral,1
706,353.0,0,0.0,TC1,n_agents,100,behavioral,1
707,353.5,0,0.0,TC1,n_agents,100,behavioral,1
708,354.0,0,0.0,TC1,n_agents,100,behavioral,1
709,354.5,0,0.0,TC1,n_agents,100,behavioral,1
710,355.0,0,0.0,TC1,n_agents,100,behavioral,1
711,355.5,0,0.0,TC1,n_agents,100,behavioral,1
712,356.0,0,0.0,TC1,n_agents,100,behavioral,1
713,356.5,0,0.0,TC1,n_agents,100,behavioral,1
714,357.0,0,0.0,TC1,n_agents,100,behavioral,1
715,357.5,0,0.0,TC1,n_agents,100,behavioral,1
716,358.0,0,0.0,TC1,n_agents,100,behavioral,1
717,358.5,0,0.0,TC1,n_agents,100,behavioral,1
718,359.0,0,0.0,TC1,n_agents,100,behavioral,1
719,359.5,0,0.0,TC1,n_agents,100,behavioral,1
720,360.0,0,0.0,TC1,n_agents,100,behavioral,1
721,360.5,0,0.0,TC1,n_agents,100,behavioral,1
722,361.0,0,0.0,TC1,n_agents,100,behavioral,1
723,361.5,0,0.0,TC1,n_agents,100,behavioral,1
724,362.0,0,0.0,TC1,n_agents,100,behavioral,1
725,362.5,0,0.0,TC1,n_agents,100,behavioral,1
726,363.0,0,0.0,TC1,n_agents,100,behavioral,1
727,363.5,0,0.0,TC1,n_agents,100,behavioral,1
728,364.0,0,0.0,TC1,n_agents,100,behavioral,1
729,364.5,0,0.0,TC1,n_agents,100,behavioral,1
730,365.0,0,0.0,TC1,n_agents,100,behavioral,1
731,365.5,0,0.0,TC1,n_agents,100,behavioral,1
732,366.0,0,0.0,TC1,n_agents,100,behavioral,1
733,366.5,0,0.0,TC1,n_agents,100,behavioral,1
734,367.0,0,0.0,TC1,n_agents,100,behavioral,1
735,367.5,0,0.0,TC1,n_agents,100,behavioral,1
736,368.0,0,0.0,TC1,n_agents,100,behavioral,1
737,368.5,0,0.0,TC1,n_agents,100,behavioral,1
738,369.0,0,0.0,TC1,n_agents,100,behavioral,1
739,369.5,0,0.0,TC1,n_agents,100,behavioral,1
740,370.0,0,0.0,TC1,n_agents,100,behavioral,1
741,370.5,0,0.0,TC1,n_agents,100,behavioral,1
742,371.0,0,0.0,TC1,n_agents,100,behavioral,1
743,371.5,0,0.0,TC1,n_agents,100,behavioral,1
744,372.0,0,0.0,TC1,n_agents,100,behavioral,1
745,372.5,0,0.0,TC1,n_agents,100,behavioral,1
746,373.0,0,0.0,TC1,n_agents,100,behavioral,1
747,373.5,0,0.0,TC1,n_agents,100,behavioral,1
748,374.0,0,0.0,TC1,n_agents,100,behavioral,1
749,374.5,0,0.0,TC1,n_agents,100,behavioral,1
750,375.0,0,0.0,TC1,n_agents,100,behavioral,1
751,375.5,0,0.0,TC1,n_agents,100,behavioral,1
752,376.0,0,0.0,TC1,n_agents,100,behavioral,1
753,376.5,0,0.0,TC1,n_agents,100,behavioral,1
754,377.0,0,0.0,TC1,n_agents,100,behavioral,1
755,377.5,0,0.0,TC1,n_agents,100,behavioral,1
756,378.0,0,0.0,TC1,n_agents,100,behavioral,1
757,378.5,0,0.0,TC1,n_agents,100,behavioral,1
758,379.0,0,0.0,TC1,n_agents,100,behavioral,1
759,379.5,0,0.0,TC1,n_agents,100,behavioral,1
760,380.0,0,0.0,TC1,n_agents,100,behavioral,1
761,380.5,0,0.0,TC1,n_agents,100,behavioral,1
762,381.0,0,0.0,TC1,n_agents,100,behavioral,1
763,381.5,0,0.0,TC1,n_agents,100,behavioral,1
764,382.0,0,0.0,TC1,n_agents,100,behavioral,1
765,382.5,0,0.0,TC1,n_agents,100,behavioral,1
766,383.0,0,0.0,TC1,n_agents,100,behavioral,1
767,383.5,0,0.0,TC1,n_agents,100,behavioral,1
768,384.0,0,0.0,TC1,n_agents,100,behavioral,1
769,384.5,0,0.0,TC1,n_agents,100,behavioral,1
770,385.0,0,0.0,TC1,n_agents,100,behavioral,1
771,385.5,0,0.0,TC1,n_agents,100,behavioral,1
772,386.0,0,0.0,TC1,n_agents,100,behavioral,1
773,386.5,0,0.0,TC1,n_agents,100,behavioral,1
774,387.0,0,0.0,TC1,n_agents,100,behavioral,1
775,387.5,0,0.0,TC1,n_agents,100,behavioral,1
776,388.0,0,0.0,TC1,n_agents,100,behavioral,1
777,388.5,0,0.0,TC1,n_agents,100,behavioral,1
778,389.0,0,0.0,TC1,n_agents,100,behavioral,1
779,389.5,0,0.0,TC1,n_agents,100,behavioral,1
780,390.0,0,0.0,TC1,n_agents,100,behavioral,1
781,390.5,0,0.0,TC1,n_agents,100,behavioral,1
782,391.0,0,0.0,TC1,n_agents,100,behavioral,1
783,391.5,0,0.0,TC1,n_agents,100,behavioral,1
784,392.0,0,0.0,TC1,n_agents,100,behavioral,1
785,392.5,0,0.0,TC1,n_agents,100,behavioral,1
786,393.0,0,0.0,TC1,n_agents,100,behavioral,1
787,393.5,0,0.0,TC1,n_agents,100,behavioral,1
788,394.0,0,0.0,TC1,n_agents,100,behavioral,1
789,394.5,0,0.0,TC1,n_agents,100,behavioral,1
790,395.0,0,0.0,TC1,n_agents,100,behavioral,1
791,395.5,0,0.0,TC1,n_agents,100,behavioral,1
792,396.0,0,0.0,TC1,n_agents,100,behavioral,1
793,396.5,0,0.0,TC1,n_agents,100,behavioral,1
794,397.0,0,0.0,TC1,n_agents,100,behavioral,1
795,397.5,0,0.0,TC1,n_agents,100,behavioral,1
796,398.0,0,0.0,TC1,n_agents,100,behavioral,1
797,398.5,0,0.0,TC1,n_agents,100,behavioral,1
798,399.0,0,0.0,TC1,n_agents,100,behavioral,1
799,399.5,0,0.0,TC1,n_agents,100,behavioral,1
800,400.0,0,0.0,TC1,n_agents,100,behavioral,1
0,0.0,0,0.0,TC1,n_agents,100,behavioral,2
1,0.5,0,0.0,TC1,n_agents,100,behavioral,2
2,1.0,0,0.0,TC1,n_agents,100,behavioral,2
3,1.5,0,0.0,TC1,n_agents,100,behavioral,2
4,2.0,0,0.0,TC1,n_agents,100,behavioral,2
5,2.5,0,0.0,TC1,n_agents,100,behavioral,2
6,3.0,0,0.0,TC1,n_agents,100,behavioral,2
7,3.5,0,0.0,TC1,n_agents,100,behavioral,2
8,4.0,0,0.0,TC1,n_agents,100,behavioral,2
9,4.5,0,0.0,TC1,n_agents,100,behavioral,2
10,5.0,0,0.0,TC1,n_agents,100,behavioral,2
11,5.5,0,0.0,TC1,n_agents,100,behavioral,2
12,6.0,0,0.0,TC1,n_agents,100,behavioral,2
13,6.5,0,0.0,TC1,n_agents,100,behavioral,2
14,7.0,0,0.0,TC1,n_agents,100,behavioral,2
15,7.5,0,0.0,TC1,n_agents,100,behavioral,2
16,8.0,0,0.0,TC1,n_agents,100,behavioral,2
17,8.5,0,0.0,TC1,n_agents,100,behavioral,2
18,9.0,0,0.0,TC1,n_agents,100,behavioral,2
19,9.5,0,0.0,TC1,n_agents,100,behavioral,2
20,10.0,0,0.0,TC1,n_agents,100,behavioral,2
21,10.5,0,0.0,TC1,n_agents,100,behavioral,2
22,11.0,0,0.0,TC1,n_agents,100,behavioral,2
23,11.5,0,0.0,TC1,n_agents,100,behavioral,2
24,12.0,0,0.0,TC1,n_agents,100,behavioral,2
25,12.5,0,0.0,TC1,n_agents,100,behavioral,2
26,13.0,0,0.0,TC1,n_agents,100,behavioral,2
27,13.5,0,0.0,TC1,n_agents,100,behavioral,2
28,14.0,0,0.0,TC1,n_agents,100,behavioral,2
29,14.5,0,0.0,TC1,n_agents,100,behavioral,2
30,15.0,0,0.0,TC1,n_agents,100,behavioral,2
31,15.5,0,0.0,TC1,n_agents,100,behavioral,2
32,16.0,0,0.0,TC1,n_agents,100,behavioral,2
33,16.5,0,0.0,TC1,n_agents,100,behavioral,2
34,17.0,0,0.0,TC1,n_agents,100,behavioral,2
35,17.5,0,0.0,TC1,n_agents,100,behavioral,2
36,18.0,0,0.0,TC1,n_agents,100,behavioral,2
37,18.5,0,0.0,TC1,n_agents,100,behavioral,2
38,19.0,0,0.0,TC1,n_agents,100,behavioral,2
39,19.5,0,0.0,TC1,n_agents,100,behavioral,2
40,20.0,0,0.0,TC1,n_agents,100,behavioral,2
41,20.5,0,0.0,TC1,n_agents,100,behavioral,2
42,21.0,0,0.0,TC1,n_agents,100,behavioral,2
43,21.5,0,0.0,TC1,n_agents,100,behavioral,2
44,22.0,0,0.0,TC1,n_agents,100,behavioral,2
45,22.5,0,0.0,TC1,n_agents,100,behavioral,2
46,23.0,0,0.0,TC1,n_agents,100,behavioral,2
47,23.5,0,0.0,TC1,n_agents,100,behavioral,2
48,24.0,0,0.0,TC1,n_agents,100,behavioral,2
49,24.5,0,0.0,TC1,n_agents,100,behavioral,2
50,25.0,0,0.0,TC1,n_agents,100,behavioral,2
51,25.5,0,0.0,TC1,n_agents,100,behavioral,2
52,26.0,0,0.0,TC1,n_agents,100,behavioral,2
53,26.5,0,0.0,TC1,n_agents,100,behavioral,2
54,27.0,0,0.0,TC1,n_agents,100,behavioral,2
55,27.5,0,0.0,TC1,n_agents,100,behavioral,2
56,28.0,0,0.0,TC1,n_agents,100,behavioral,2
57,28.5,0,0.0,TC1,n_agents,100,behavioral,2
58,29.0,0,0.0,TC1,n_agents,100,behavioral,2
59,29.5,0,0.0,TC1,n_agents,100,behavioral,2
60,30.0,0,0.0,TC1,n_agents,100,behavioral,2
61,30.5,0,0.0,TC1,n_agents,100,behavioral,2
62,31.0,0,0.0,TC1,n_agents,100,behavioral,2
63,31.5,0,0.0,TC1,n_agents,100,behavioral,2
64,32.0,0,0.0,TC1,n_agents,100,behavioral,2
65,32.5,0,0.0,TC1,n_agents,100,behavioral,2
66,33.0,0,0.0,TC1,n_agents,100,behavioral,2
67,33.5,0,0.0,TC1,n_agents,100,behavioral,2
68,34.0,0,0.0,TC1,n_agents,100,behavioral,2
69,34.5,0,0.0,TC1,n_agents,100,behavioral,2
70,35.0,0,0.0,TC1,n_agents,100,behavioral,2
71,35.5,0,0.0,TC1,n_agents,100,behavioral,2
72,36.0,0,0.0,TC1,n_agents,100,behavioral,2
73,36.5,0,0.0,TC1,n_agents,100,behavioral,2
74,37.0,0,0.0,TC1,n_agents,100,behavioral,2
75,37.5,0,0.0,TC1,n_agents,100,behavioral,2
76,38.0,0,0.0,TC1,n_agents,100,behavioral,2
77,38.5,0,0.0,TC1,n_agents,100,behavioral,2
78,39.0,0,0.0,TC1,n_agents,100,behavioral,2
79,39.5,0,0.0,TC1,n_agents,100,behavioral,2
80,40.0,0,0.0,TC1,n_agents,100,behavioral,2
81,40.5,0,0.0,TC1,n_agents,100,behavioral,2
82,41.0,0,0.0,TC1,n_agents,100,behavioral,2
83,41.5,0,0.0,TC1,n_agents,100,behavioral,2
84,42.0,0,0.0,TC1,n_agents,100,behavioral,2
85,42.5,0,0.0,TC1,n_agents,100,behavioral,2
86,43.0,0,0.0,TC1,n_agents,100,behavioral,2
87,43.5,0,0.0,TC1,n_agents,100,behavioral,2
88,44.0,0,0.0,TC1,n_agents,100,behavioral,2
89,44.5,0,0.0,TC1,n_agents,100,behavioral,2
90,45.0,0,0.0,TC1,n_agents,100,behavioral,2
91,45.5,0,0.0,TC1,n_agents,100,behavioral,2
92,46.0,0,0.0,TC1,n_agents,100,behavioral,2
93,46.5,0,0.0,TC1,n_agents,100,behavioral,2
94,47.0,0,0.0,TC1,n_agents,100,behavioral,2
95,47.5,0,0.0,TC1,n_agents,100,behavioral,2
96,48.0,0,0.0,TC1,n_agents,100,behavioral,2
97,48.5,0,0.0,TC1,n_agents,100,behavioral,2
98,49.0,0,0.0,TC1,n_agents,100,behavioral,2
99,49.5,0,0.0,TC1,n_agents,100,behavioral,2
100,50.0,0,0.0,TC1,n_agents,100,behavioral,2
101,50.5,0,0.0,TC1,n_agents,100,behavioral,2
102,51.0,0,0.0,TC1,n_agents,100,behavioral,2
103,51.5,0,0.0,TC1,n_agents,100,behavioral,2
104,52.0,0,0.0,TC1,n_agents,100,behavioral,2
105,52.5,0,0.0,TC1,n_agents,100,behavioral,2
106,53.0,0,0.0,TC1,n_agents,100,behavioral,2
107,53.5,0,0.0,TC1,n_agents,100,behavioral,2
108,54.0,0,0.0,TC1,n_agents,100,behavioral,2
109,54.5,0,0.0,TC1,n_agents,100,behavioral,2
110,55.0,0,0.0,TC1,n_agents,100,behavioral,2
111,55.5,0,0.0,TC1,n_agents,100,behavioral,2
112,56.0,0,0.0,TC1,n_agents,100,behavioral,2
113,56.5,0,0.0,TC1,n_agents,100,behavioral,2
114,57.0,0,0.0,TC1,n_agents,100,behavioral,2
115,57.5,0,0.0,TC1,n_agents,100,behavioral,2
116,58.0,0,0.0,TC1,n_agents,100,behavioral,2
117,58.5,0,0.0,TC1,n_agents,100,behavioral,2
118,59.0,0,0.0,TC1,n_agents,100,behavioral,2
119,59.5,0,0.0,TC1,n_agents,100,behavioral,2
120,60.0,0,0.0,TC1,n_agents,100,behavioral,2
121,60.5,0,0.0,TC1,n_agents,100,behavioral,2
122,61.0,0,0.0,TC1,n_agents,100,behavioral,2
123,61.5,0,0.0,TC1,n_agents,100,behavioral,2
124,62.0,0,0.0,TC1,n_agents,100,behavioral,2
125,62.5,0,0.0,TC1,n_agents,100,behavioral,2
126,63.0,0,0.0,TC1,n_agents,100,behavioral,2
127,63.5,0,0.0,TC1,n_agents,100,behavioral,2
128,64.0,0,0.0,TC1,n_agents,100,behavioral,2
129,64.5,0,0.0,TC1,n_agents,100,behavioral,2
130,65.0,0,0.0,TC1,n_agents,100,behavioral,2
131,65.5,0,0.0,TC1,n_agents,100,behavioral,2
132,66.0,0,0.0,TC1,n_agents,100,behavioral,2
133,66.5,0,0.0,TC1,n_agents,100,behavioral,2
134,67.0,0,0.0,TC1,n_agents,100,behavioral,2
135,67.5,0,0.0,TC1,n_agents,100,behavioral,2
136,68.0,0,0.0,TC1,n_agents,100,behavioral,2
137,68.5,0,0.0,TC1,n_agents,100,behavioral,2
138,69.0,0,0.0,TC1,n_agents,100,behavioral,2
139,69.5,0,0.0,TC1,n_agents,100,behavioral,2
140,70.0,0,0.0,TC1,n_agents,100,behavioral,2
141,70.5,0,0.0,TC1,n_agents,100,behavioral,2
142,71.0,0,0.0,TC1,n_agents,100,behavioral,2
143,71.5,0,0.0,TC1,n_agents,100,behavioral,2
144,72.0,0,0.0,TC1,n_agents,100,behavioral,2
145,72.5,0,0.0,TC1,n_agents,100,behavioral,2
146,73.0,0,0.0,TC1,n_agents,100,behavioral,2
147,73.5,0,0.0,TC1,n_agents,100,behavioral,2
148,74.0,0,0.0,TC1,n_agents,100,behavioral,2
149,74.5,0,0.0,TC1,n_agents,100,behavioral,2
150,75.0,0,0.0,TC1,n_agents,100,behavioral,2
151,75.5,0,0.0,TC1,n_agents,100,behavioral,2
152,76.0,0,0.0,TC1,n_agents,100,behavioral,2
153,76.5,0,0.0,TC1,n_agents,100,behavioral,2
154,77.0,0,0.0,TC1,n_agents,100,behavioral,2
155,77.5,0,0.0,TC1,n_agents,100,behavioral,2
156,78.0,0,0.0,TC1,n_agents,100,behavioral,2
157,78.5,0,0.0,TC1,n_agents,100,behavioral,2
158,79.0,0,0.0,TC1,n_agents,100,behavioral,2
159,79.5,0,0.0,TC1,n_agents,100,behavioral,2
160,80.0,0,0.0,TC1,n_agents,100,behavioral,2
161,80.5,0,0.0,TC1,n_agents,100,behavioral,2
162,81.0,0,0.0,TC1,n_agents,100,behavioral,2
163,81.5,0,0.0,TC1,n_agents,100,behavioral,2
164,82.0,0,0.0,TC1,n_agents,100,behavioral,2
165,82.5,0,0.0,TC1,n_agents,100,behavioral,2
166,83.0,0,0.0,TC1,n_agents,100,behavioral,2
167,83.5,0,0.0,TC1,n_agents,100,behavioral,2
168,84.0,0,0.0,TC1,n_agents,100,behavioral,2
169,84.5,0,0.0,TC1,n_agents,100,behavioral,2
170,85.0,0,0.0,TC1,n_agents,100,behavioral,2
171,85.5,0,0.0,TC1,n_agents,100,behavioral,2
172,86.0,0,0.0,TC1,n_agents,100,behavioral,2
173,86.5,0,0.0,TC1,n_agents,100,behavioral,2
174,87.0,0,0.0,TC1,n_agents,100,behavioral,2
175,87.5,0,0.0,TC1,n_agents,100,behavioral,2
176,88.0,0,0.0,TC1,n_agents,100,behavioral,2
177,88.5,0,0.0,TC1,n_agents,100,behavioral,2
178,89.0,0,0.0,TC1,n_agents,100,behavioral,2
179,89.5,0,0.0,TC1,n_agents,100,behavioral,2
180,90.0,0,0.0,TC1,n_agents,100,behavioral,2
181,90.5,0,0.0,TC1,n_agents,100,behavioral,2
182,91.0,0,0.0,TC1,n_agents,100,behavioral,2
183,91.5,0,0.0,TC1,n_agents,100,behavioral,2
184,92.0,0,0.0,TC1,n_agents,100,behavioral,2
185,92.5,0,0.0,TC1,n_agents,100,behavioral,2
186,93.0,0,0.0,TC1,n_agents,100,behavioral,2
187,93.5,0,0.0,TC1,n_agents,100,behavioral,2
188,94.0,0,0.0,TC1,n_agents,100,behavioral,2
189,94.5,0,0.0,TC1,n_agents,100,behavioral,2
190,95.0,0,0.0,TC1,n_agents,100,behavioral,2
191,95.5,0,0.0,TC1,n_agents,100,behavioral,2
192,96.0,0,0.0,TC1,n_agents,100,behavioral,2
193,96.5,0,0.0,TC1,n_agents,100,behavioral,2
194,97.0,0,0.0,TC1,n_agents,100,behavioral,2
195,97.5,0,0.0,TC1,n_agents,100,behavioral,2
196,98.0,0,0.0,TC1,n_agents,100,behavioral,2
197,98.5,0,0.0,TC1,n_agents,100,behavioral,2
198,99.0,0,0.0,TC1,n_agents,100,behavioral,2
199,99.5,0,0.0,TC1,n_agents,100,behavioral,2
200,100.0,0,0.0,TC1,n_agents,100,behavioral,2
201,100.5,0,0.0,TC1,n_agents,100,behavioral,2
202,101.0,0,0.0,TC1,n_agents,100,behavioral,2
203,101.5,0,0.0,TC1,n_agents,100,behavioral,2
204,102.0,0,0.0,TC1,n_agents,100,behavioral,2
205,102.5,0,0.0,TC1,n_agents,100,behavioral,2
206,103.0,0,0.0,TC1,n_agents,100,behavioral,2
207,103.5,0,0.0,TC1,n_agents,100,behavioral,2
208,104.0,0,0.0,TC1,n_agents,100,behavioral,2
209,104.5,0,0.0,TC1,n_agents,100,behavioral,2
210,105.0,0,0.0,TC1,n_agents,100,behavioral,2
211,105.5,0,0.0,TC1,n_agents,100,behavioral,2
212,106.0,0,0.0,TC1,n_agents,100,behavioral,2
213,106.5,0,0.0,TC1,n_agents,100,behavioral,2
214,107.0,0,0.0,TC1,n_agents,100,behavioral,2
215,107.5,0,0.0,TC1,n_agents,100,behavioral,2
216,108.0,0,0.0,TC1,n_agents,100,behavioral,2
217,108.5,0,0.0,TC1,n_agents,100,behavioral,2
218,109.0,0,0.0,TC1,n_agents,100,behavioral,2
219,109.5,0,0.0,TC1,n_agents,100,behavioral,2
220,110.0,0,0.0,TC1,n_agents,100,behavioral,2
221,110.5,0,0.0,TC1,n_agents,100,behavioral,2
222,111.0,0,0.0,TC1,n_agents,100,behavioral,2
223,111.5,0,0.0,TC1,n_agents,100,behavioral,2
224,112.0,0,0.0,TC1,n_agents,100,behavioral,2
225,112.5,0,0.0,TC1,n_agents,100,behavioral,2
226,113.0,0,0.0,TC1,n_agents,100,behavioral,2
227,113.5,0,0.0,TC1,n_agents,100,behavioral,2
228,114.0,0,0.0,TC1,n_agents,100,behavioral,2
229,114.5,0,0.0,TC1,n_agents,100,behavioral,2
230,115.0,0,0.0,TC1,n_agents,100,behavioral,2
231,115.5,0,0.0,TC1,n_agents,100,behavioral,2
232,116.0,0,0.0,TC1,n_agents,100,behavioral,2
233,116.5,0,0.0,TC1,n_agents,100,behavioral,2
234,117.0,0,0.0,TC1,n_agents,100,behavioral,2
235,117.5,0,0.0,TC1,n_agents,100,behavioral,2
236,118.0,0,0.0,TC1,n_agents,100,behavioral,2
237,118.5,0,0.0,TC1,n_agents,100,behavioral,2
238,119.0,0,0.0,TC1,n_agents,100,behavioral,2
239,119.5,0,0.0,TC1,n_agents,100,behavioral,2
240,120.0,0,0.0,TC1,n_agents,100,behavioral,2
241,120.5,0,0.0,TC1,n_agents,100,behavioral,2
242,121.0,0,0.0,TC1,n_agents,100,behavioral,2
243,121.5,0,0.0,TC1,n_agents,100,behavioral,2
244,122.0,0,0.0,TC1,n_agents,100,behavioral,2
245,122.5,0,0.0,TC1,n_agents,100,behavioral,2
246,123.0,0,0.0,TC1,n_agents,100,behavioral,2
247,123.5,0,0.0,TC1,n_agents,100,behavioral,2
248,124.0,0,0.0,TC1,n_agents,100,behavioral,2
249,124.5,0,0.0,TC1,n_agents,100,behavioral,2
250,125.0,0,0.0,TC1,n_agents,100,behavioral,2
251,125.5,0,0.0,TC1,n_agents,100,behavioral,2
252,126.0,0,0.0,TC1,n_agents,100,behavioral,2
253,126.5,0,0.0,TC1,n_agents,100,behavioral,2
254,127.0,0,0.0,TC1,n_agents,100,behavioral,2
255,127.5,0,0.0,TC1,n_agents,100,behavioral,2
256,128.0,0,0.0,TC1,n_agents,100,behavioral,2
257,128.5,0,0.0,TC1,n_agents,100,behavioral,2
258,129.0,0,0.0,TC1,n_agents,100,behavioral,2
259,129.5,0,0.0,TC1,n_agents,100,behavioral,2
260,130.0,0,0.0,TC1,n_agents,100,behavioral,2
261,130.5,0,0.0,TC1,n_agents,100,behavioral,2
262,131.0,0,0.0,TC1,n_agents,100,behavioral,2
263,131.5,0,0.0,TC1,n_agents,100,behavioral,2
264,132.0,0,0.0,TC1,n_agents,100,behavioral,2
265,132.5,0,0.0,TC1,n_agents,100,behavioral,2
266,133.0,0,0.0,TC1,n_agents,100,behavioral,2
267,133.5,0,0.0,TC1,n_agents,100,behavioral,2
268,134.0,0,0.0,TC1,n_agents,100,behavioral,2
269,134.5,0,0.0,TC1,n_agents,100,behavioral,2
270,135.0,0,0.0,TC1,n_agents,100,behavioral,2
271,135.5,0,0.0,TC1,n_agents,100,behavioral,2
272,136.0,0,0.0,TC1,n_agents,100,behavioral,2
273,136.5,0,0.0,TC1,n_agents,100,behavioral,2
274,137.0,0,0.0,TC1,n_agents,100,behavioral,2
275,137.5,0,0.0,TC1,n_agents,100,behavioral,2
276,138.0,0,0.0,TC1,n_agents,100,behavioral,2
277,138.5,0,0.0,TC1,n_agents,100,behavioral,2
278,139.0,0,0.0,TC1,n_agents,100,behavioral,2
279,139.5,0,0.0,TC1,n_agents,100,behavioral,2
280,140.0,0,0.0,TC1,n_agents,100,behavioral,2
281,140.5,0,0.0,TC1,n_agents,100,behavioral,2
282,141.0,0,0.0,TC1,n_agents,100,behavioral,2
283,141.5,0,0.0,TC1,n_agents,100,behavioral,2
284,142.0,0,0.0,TC1,n_agents,100,behavioral,2
285,142.5,0,0.0,TC1,n_agents,100,behavioral,2
286,143.0,0,0.0,TC1,n_agents,100,behavioral,2
287,143.5,0,0.0,TC1,n_agents,100,behavioral,2
288,144.0,0,0.0,TC1,n_agents,100,behavioral,2
289,144.5,0,0.0,TC1,n_agents,100,behavioral,2
290,145.0,0,0.0,TC1,n_agents,100,behavioral,2
291,145.5,0,0.0,TC1,n_agents,100,behavioral,2
292,146.0,0,0.0,TC1,n_agents,100,behavioral,2
293,146.5,0,0.0,TC1,n_agents,100,behavioral,2
294,147.0,0,0.0,TC1,n_agents,100,behavioral,2
295,147.5,0,0.0,TC1,n_agents,100,behavioral,2
296,148.0,0,0.0,TC1,n_agents,100,behavioral,2
297,148.5,0,0.0,TC1,n_agents,100,behavioral,2
298,149.0,0,0.0,TC1,n_agents,100,behavioral,2
299,149.5,0,0.0,TC1,n_agents,100,behavioral,2
300,150.0,0,0.0,TC1,n_agents,100,behavioral,2
301,150.5,0,0.0,TC1,n_agents,100,behavioral,2
302,151.0,0,0.0,TC1,n_agents,100,behavioral,2
303,151.5,0,0.0,TC1,n_agents,100,behavioral,2
304,152.0,0,0.0,TC1,n_agents,100,behavioral,2
305,152.5,0,0.0,TC1,n_agents,100,behavioral,2
306,153.0,0,0.0,TC1,n_agents,100,behavioral,2
307,153.5,0,0.0,TC1,n_agents,100,behavioral,2
308,154.0,0,0.0,TC1,n_agents,100,behavioral,2
309,154.5,0,0.0,TC1,n_agents,100,behavioral,2
310,155.0,0,0.0,TC1,n_agents,100,behavioral,2
311,155.5,0,0.0,TC1,n_agents,100,behavioral,2
312,156.0,0,0.0,TC1,n_agents,100,behavioral,2
313,156.5,0,0.0,TC1,n_agents,100,behavioral,2
314,157.0,0,0.0,TC1,n_agents,100,behavioral,2
315,157.5,0,0.0,TC1,n_agents,100,behavioral,2
316,158.0,0,0.0,TC1,n_agents,100,behavioral,2
317,158.5,0,0.0,TC1,n_agents,100,behavioral,2
318,159.0,0,0.0,TC1,n_agents,100,behavioral,2
319,159.5,0,0.0,TC1,n_agents,100,behavioral,2
320,160.0,0,0.0,TC1,n_agents,100,behavioral,2
321,160.5,0,0.0,TC1,n_agents,100,behavioral,2
322,161.0,0,0.0,TC1,n_agents,100,behavioral,2
323,161.5,0,0.0,TC1,n_agents,100,behavioral,2
324,162.0,0,0.0,TC1,n_agents,100,behavioral,2
325,162.5,0,0.0,TC1,n_agents,100,behavioral,2
326,163.0,0,0.0,TC1,n_agents,100,behavioral,2
327,163.5,0,0.0,TC1,n_agents,100,behavioral,2
328,164.0,0,0.0,TC1,n_agents,100,behavioral,2
329,164.5,0,0.0,TC1,n_agents,100,behavioral,2
330,165.0,0,0.0,TC1,n_agents,100,behavioral,2
331,165.5,0,0.0,TC1,n_agents,100,behavioral,2
332,166.0,0,0.0,TC1,n_agents,100,behavioral,2
333,166.5,0,0.0,TC1,n_agents,100,behavioral,2
334,167.0,0,0.0,TC1,n_agents,100,behavioral,2
335,167.5,0,0.0,TC1,n_agents,100,behavioral,2
336,168.0,0,0.0,TC1,n_agents,100,behavioral,2
337,168.5,0,0.0,TC1,n_agents,100,behavioral,2
338,169.0,0,0.0,TC1,n_agents,100,behavioral,2
339,169.5,0,0.0,TC1,n_agents,100,behavioral,2
340,170.0,0,0.0,TC1,n_agents,100,behavioral,2
341,170.5,0,0.0,TC1,n_agents,100,behavioral,2
342,171.0,0,0.0,TC1,n_agents,100,behavioral,2
343,171.5,0,0.0,TC1,n_agents,100,behavioral,2
344,172.0,0,0.0,TC1,n_agents,100,behavioral,2
345,172.5,0,0.0,TC1,n_agents,100,behavioral,2
346,173.0,0,0.0,TC1,n_agents,100,behavioral,2
347,173.5,0,0.0,TC1,n_agents,100,behavioral,2
348,174.0,0,0.0,TC1,n_agents,100,behavioral,2
349,174.5,0,0.0,TC1,n_agents,100,behavioral,2
350,175.0,0,0.0,TC1,n_agents,100,behavioral,2
351,175.5,0,0.0,TC1,n_agents,100,behavioral,2
352,176.0,0,0.0,TC1,n_agents,100,behavioral,2
353,176.5,0,0.0,TC1,n_agents,100,behavioral,2
354,177.0,0,0.0,TC1,n_agents,100,behavioral,2
355,177.5,0,0.0,TC1,n_agents,100,behavioral,2
356,178.0,0,0.0,TC1,n_agents,100,behavioral,2
357,178.5,0,0.0,TC1,n_agents,100,behavioral,2
358,179.0,0,0.0,TC1,n_agents,100,behavioral,2
359,179.5,0,0.0,TC1,n_agents,100,behavioral,2
360,180.0,0,0.0,TC1,n_agents,100,behavioral,2
361,180.5,0,0.0,TC1,n_agents,100,behavioral,2
362,181.0,0,0.0,TC1,n_agents,100,behavioral,2
363,181.5,0,0.0,TC1,n_agents,100,behavioral,2
364,182.0,0,0.0,TC1,n_agents,100,behavioral,2
365,182.5,0,0.0,TC1,n_agents,100,behavioral,2
366,183.0,0,0.0,TC1,n_agents,100,behavioral,2
367,183.5,0,0.0,TC1,n_agents,100,behavioral,2
368,184.0,0,0.0,TC1,n_agents,100,behavioral,2
369,184.5,0,0.0,TC1,n_agents,100,behavioral,2
370,185.0,0,0.0,TC1,n_agents,100,behavioral,2
371,185.5,0,0.0,TC1,n_agents,100,behavioral,2
372,186.0,0,0.0,TC1,n_agents,100,behavioral,2
373,186.5,0,0.0,TC1,n_agents,100,behavioral,2
374,187.0,0,0.0,TC1,n_agents,100,behavioral,2
375,187.5,0,0.0,TC1,n_agents,100,behavioral,2
376,188.0,0,0.0,TC1,n_agents,100,behavioral,2
377,188.5,0,0.0,TC1,n_agents,100,behavioral,2
378,189.0,0,0.0,TC1,n_agents,100,behavioral,2
379,189.5,0,0.0,TC1,n_agents,100,behavioral,2
380,190.0,0,0.0,TC1,n_agents,100,behavioral,2
381,190.5,0,0.0,TC1,n_agents,100,behavioral,2
382,191.0,0,0.0,TC1,n_agents,100,behavioral,2
383,191.5,0,0.0,TC1,n_agents,100,behavioral,2
384,192.0,0,0.0,TC1,n_agents,100,behavioral,2
385,192.5,0,0.0,TC1,n_agents,100,behavioral,2
386,193.0,0,0.0,TC1,n_agents,100,behavioral,2
387,193.5,0,0.0,TC1,n_agents,100,behavioral,2
388,194.0,0,0.0,TC1,n_agents,100,behavioral,2
389,194.5,0,0.0,TC1,n_agents,100,behavioral,2
390,195.0,0,0.0,TC1,n_agents,100,behavioral,2
391,195.5,0,0.0,TC1,n_agents,100,behavioral,2
392,196.0,0,0.0,TC1,n_agents,100,behavioral,2
393,196.5,0,0.0,TC1,n_agents,100,behavioral,2
394,197.0,0,0.0,TC1,n_agents,100,behavioral,2
395,197.5,0,0.0,TC1,n_agents,100,behavioral,2
396,198.0,0,0.0,TC1,n_agents,100,behavioral,2
397,198.5,0,0.0,TC1,n_agents,100,behavioral,2
398,199.0,0,0.0,TC1,n_agents,100,behavioral,2
399,199.5,0,0.0,TC1,n_agents,100,behavioral,2
400,200.0,0,0.0,TC1,n_agents,100,behavioral,2
401,200.5,0,0.0,TC1,n_agents,100,behavioral,2
402,201.0,0,0.0,TC1,n_agents,100,behavioral,2
403,201.5,0,0.0,TC1,n_agents,100,behavioral,2
404,202.0,0,0.0,TC1,n_agents,100,behavioral,2
405,202.5,0,0.0,TC1,n_agents,100,behavioral,2
406,203.0,0,0.0,TC1,n_agents,100,behavioral,2
407,203.5,0,0.0,TC1,n_agents,100,behavioral,2
408,204.0,0,0.0,TC1,n_agents,100,behavioral,2
409,204.5,0,0.0,TC1,n_agents,100,behavioral,2
410,205.0,0,0.0,TC1,n_agents,100,behavioral,2
411,205.5,0,0.0,TC1,n_agents,100,behavioral,2
412,206.0,0,0.0,TC1,n_agents,100,behavioral,2
413,206.5,0,0.0,TC1,n_agents,100,behavioral,2
414,207.0,0,0.0,TC1,n_agents,100,behavioral,2
415,207.5,0,0.0,TC1,n_agents,100,behavioral,2
416,208.0,0,0.0,TC1,n_agents,100,behavioral,2
417,208.5,0,0.0,TC1,n_agents,100,behavioral,2
418,209.0,0,0.0,TC1,n_agents,100,behavioral,2
419,209.5,0,0.0,TC1,n_agents,100,behavioral,2
420,210.0,0,0.0,TC1,n_agents,100,behavioral,2
421,210.5,0,0.0,TC1,n_agents,100,behavioral,2
422,211.0,0,0.0,TC1,n_agents,100,behavioral,2
423,211.5,0,0.0,TC1,n_agents,100,behavioral,2
424,212.0,0,0.0,TC1,n_agents,100,behavioral,2
425,212.5,0,0.0,TC1,n_agents,100,behavioral,2
426,213.0,0,0.0,TC1,n_agents,100,behavioral,2
427,213.5,0,0.0,TC1,n_agents,100,behavioral,2
428,214.0,0,0.0,TC1,n_agents,100,behavioral,2
429,214.5,0,0.0,TC1,n_agents,100,behavioral,2
430,215.0,0,0.0,TC1,n_agents,100,behavioral,2
431,215.5,0,0.0,TC1,n_agents,100,behavioral,2
432,216.0,0,0.0,TC1,n_agents,100,behavioral,2
433,216.5,0,0.0,TC1,n_agents,100,behavioral,2
434,217.0,0,0.0,TC1,n_agents,100,behavioral,2
435,217.5,0,0.0,TC1,n_agents,100,behavioral,2
436,218.0,0,0.0,TC1,n_agents,100,behavioral,2
437,218.5,0,0.0,TC1,n_agents,100,behavioral,2
438,219.0,0,0.0,TC1,n_agents,100,behavioral,2
439,219.5,0,0.0,TC1,n_agents,100,behavioral,2
440,220.0,0,0.0,TC1,n_agents,100,behavioral,2
441,220.5,0,0.0,TC1,n_agents,100,behavioral,2
442,221.0,0,0.0,TC1,n_agents,100,behavioral,2
443,221.5,0,0.0,TC1,n_agents,100,behavioral,2
444,222.0,0,0.0,TC1,n_agents,100,behavioral,2
445,222.5,0,0.0,TC1,n_agents,100,behavioral,2
446,223.0,0,0.0,TC1,n_agents,100,behavioral,2
447,223.5,0,0.0,TC1,n_agents,100,behavioral,2
448,224.0,0,0.0,TC1,n_agents,100,behavioral,2
449,224.5,0,0.0,TC1,n_agents,100,behavioral,2
450,225.0,0,0.0,TC1,n_agents,100,behavioral,2
451,225.5,0,0.0,TC1,n_agents,100,behavioral,2
452,226.0,0,0.0,TC1,n_agents,100,behavioral,2
453,226.5,0,0.0,TC1,n_agents,100,behavioral,2
454,227.0,0,0.0,TC1,n_agents,100,behavioral,2
455,227.5,0,0.0,TC1,n_agents,100,behavioral,2
456,228.0,0,0.0,TC1,n_agents,100,behavioral,2
457,228.5,0,0.0,TC1,n_agents,100,behavioral,2
458,229.0,0,0.0,TC1,n_agents,100,behavioral,2
459,229.5,0,0.0,TC1,n_agents,100,behavioral,2
460,230.0,0,0.0,TC1,n_agents,100,behavioral,2
461,230.5,0,0.0,TC1,n_agents,100,behavioral,2
462,231.0,0,0.0,TC1,n_agents,100,behavioral,2
463,231.5,0,0.0,TC1,n_agents,100,behavioral,2
464,232.0,0,0.0,TC1,n_agents,100,behavioral,2
465,232.5,0,0.0,TC1,n_agents,100,behavioral,2
466,233.0,0,0.0,TC1,n_agents,100,behavioral,2
467,233.5,0,0.0,TC1,n_agents,100,behavioral,2
468,234.0,0,0.0,TC1,n_agents,100,behavioral,2
469,234.5,0,0.0,TC1,n_agents,100,behavioral,2
470,235.0,0,0.0,TC1,n_agents,100,behavioral,2
471,235.5,0,0.0,TC1,n_agents,100,behavioral,2
472,236.0,0,0.0,TC1,n_agents,100,behavioral,2
473,236.5,0,0.0,TC1,n_agents,100,behavioral,2
474,237.0,0,0.0,TC1,n_agents,100,behavioral,2
475,237.5,0,0.0,TC1,n_agents,100,behavioral,2
476,238.0,0,0.0,TC1,n_agents,100,behavioral,2
477,238.5,0,0.0,TC1,n_agents,100,behavioral,2
478,239.0,0,0.0,TC1,n_agents,100,behavioral,2
479,239.5,0,0.0,TC1,n_agents,100,behavioral,2
480,240.0,0,0.0,TC1,n_agents,100,behavioral,2
481,240.5,0,0.0,TC1,n_agents,100,behavioral,2
482,241.0,0,0.0,TC1,n_agents,100,behavioral,2
483,241.5,0,0.0,TC1,n_agents,100,behavioral,2
484,242.0,0,0.0,TC1,n_agents,100,behavioral,2
485,242.5,0,0.0,TC1,n_agents,100,behavioral,2
486,243.0,0,0.0,TC1,n_agents,100,behavioral,2
487,243.5,0,0.0,TC1,n_agents,100,behavioral,2
488,244.0,0,0.0,TC1,n_agents,100,behavioral,2
489,244.5,0,0.0,TC1,n_agents,100,behavioral,2
490,245.0,0,0.0,TC1,n_agents,100,behavioral,2
491,245.5,0,0.0,TC1,n_agents,100,behavioral,2
492,246.0,0,0.0,TC1,n_agents,100,behavioral,2
493,246.5,0,0.0,TC1,n_agents,100,behavioral,2
494,247.0,0,0.0,TC1,n_agents,100,behavioral,2
495,247.5,0,0.0,TC1,n_agents,100,behavioral,2
496,248.0,0,0.0,TC1,n_agents,100,behavioral,2
497,248.5,0,0.0,TC1,n_agents,100,behavioral,2
498,249.0,0,0.0,TC1,n_agents,100,behavioral,2
499,249.5,0,0.0,TC1,n_agents,100,behavioral,2
500,250.0,0,0.0,TC1,n_agents,100,behavioral,2
501,250.5,0,0.0,TC1,n_agents,100,behavioral,2
502,251.0,0,0.0,TC1,n_agents,100,behavioral,2
503,251.5,0,0.0,TC1,n_agents,100,behavioral,2
504,252.0,0,0.0,TC1,n_agents,100,behavioral,2
505,252.5,0,0.0,TC1,n_agents,100,behavioral,2
506,253.0,0,0.0,TC1,n_agents,100,behavioral,2
507,253.5,0,0.0,TC1,n_agents,100,behavioral,2
508,254.0,0,0.0,TC1,n_agents,100,behavioral,2
509,254.5,0,0.0,TC1,n_agents,100,behavioral,2
510,255.0,0,0.0,TC1,n_agents,100,behavioral,2
511,255.5,0,0.0,TC1,n_agents,100,behavioral,2
512,256.0,0,0.0,TC1,n_agents,100,behavioral,2
513,256.5,0,0.0,TC1,n_agents,100,behavioral,2
514,257.0,0,0.0,TC1,n_agents,100,behavioral,2
515,257.5,0,0.0,TC1,n_agents,100,behavioral,2
516,258.0,0,0.0,TC1,n_agents,100,behavioral,2
517,258.5,0,0.0,TC1,n_agents,100,behavioral,2
518,259.0,0,0.0,TC1,n_agents,100,behavioral,2
519,259.5,0,0.0,TC1,n_agents,100,behavioral,2
520,260.0,0,0.0,TC1,n_agents,100,behavioral,2
521,260.5,0,0.0,TC1,n_agents,100,behavioral,2
522,261.0,0,0.0,TC1,n_agents,100,behavioral,2
523,261.5,0,0.0,TC1,n_agents,100,behavioral,2
524,262.0,0,0.0,TC1,n_agents,100,behavioral,2
525,262.5,0,0.0,TC1,n_agents,100,behavioral,2
526,263.0,0,0.0,TC1,n_agents,100,behavioral,2
527,263.5,0,0.0,TC1,n_agents,100,behavioral,2
528,264.0,0,0.0,TC1,n_agents,100,behavioral,2
529,264.5,0,0.0,TC1,n_agents,100,behavioral,2
530,265.0,0,0.0,TC1,n_agents,100,behavioral,2
531,265.5,0,0.0,TC1,n_agents,100,behavioral,2
532,266.0,0,0.0,TC1,n_agents,100,behavioral,2
533,266.5,0,0.0,TC1,n_agents,100,behavioral,2
534,267.0,0,0.0,TC1,n_agents,100,behavioral,2
535,267.5,0,0.0,TC1,n_agents,100,behavioral,2
536,268.0,0,0.0,TC1,n_agents,100,behavioral,2
537,268.5,0,0.0,TC1,n_agents,100,behavioral,2
538,269.0,0,0.0,TC1,n_agents,100,behavioral,2
539,269.5,0,0.0,TC1,n_agents,100,behavioral,2
540,270.0,0,0.0,TC1,n_agents,100,behavioral,2
541,270.5,0,0.0,TC1,n_agents,100,behavioral,2
542,271.0,0,0.0,TC1,n_agents,100,behavioral,2
543,271.5,0,0.0,TC1,n_agents,100,behavioral,2
544,272.0,0,0.0,TC1,n_agents,100,behavioral,2
545,272.5,0,0.0,TC1,n_agents,100,behavioral,2
546,273.0,0,0.0,TC1,n_agents,100,behavioral,2
547,273.5,0,0.0,TC1,n_agents,100,behavioral,2
548,274.0,0,0.0,TC1,n_agents,100,behavioral,2
549,274.5,0,0.0,TC1,n_agents,100,behavioral,2
550,275.0,0,0.0,TC1,n_agents,100,behavioral,2
551,275.5,0,0.0,TC1,n_agents,100,behavioral,2
552,276.0,0,0.0,TC1,n_agents,100,behavioral,2
553,276.5,0,0.0,TC1,n_agents,100,behavioral,2
554,277.0,0,0.0,TC1,n_agents,100,behavioral,2
555,277.5,0,0.0,TC1,n_agents,100,behavioral,2
556,278.0,0,0.0,TC1,n_agents,100,behavioral,2
557,278.5,0,0.0,TC1,n_agents,100,behavioral,2
558,279.0,0,0.0,TC1,n_agents,100,behavioral,2
559,279.5,0,0.0,TC1,n_agents,100,behavioral,2
560,280.0,0,0.0,TC1,n_agents,100,behavioral,2
561,280.5,0,0.0,TC1,n_agents,100,behavioral,2
562,281.0,0,0.0,TC1,n_agents,100,behavioral,2
563,281.5,0,0.0,TC1,n_agents,100,behavioral,2
564,282.0,0,0.0,TC1,n_agents,100,behavioral,2
565,282.5,0,0.0,TC1,n_agents,100,behavioral,2
566,283.0,0,0.0,TC1,n_agents,100,behavioral,2
567,283.5,0,0.0,TC1,n_agents,100,behavioral,2
568,284.0,0,0.0,TC1,n_agents,100,behavioral,2
569,284.5,0,0.0,TC1,n_agents,100,behavioral,2
570,285.0,0,0.0,TC1,n_agents,100,behavioral,2
571,285.5,0,0.0,TC1,n_agents,100,behavioral,2
572,286.0,0,0.0,TC1,n_agents,100,behavioral,2
573,286.5,0,0.0,TC1,n_agents,100,behavioral,2
574,287.0,0,0.0,TC1,n_agents,100,behavioral,2
575,287.5,0,0.0,TC1,n_agents,100,behavioral,2
576,288.0,0,0.0,TC1,n_agents,100,behavioral,2
577,288.5,0,0.0,TC1,n_agents,100,behavioral,2
578,289.0,0,0.0,TC1,n_agents,100,behavioral,2
579,289.5,0,0.0,TC1,n_agents,100,behavioral,2
580,290.0,0,0.0,TC1,n_agents,100,behavioral,2
581,290.5,0,0.0,TC1,n_agents,100,behavioral,2
582,291.0,0,0.0,TC1,n_agents,100,behavioral,2
583,291.5,0,0.0,TC1,n_agents,100,behavioral,2
584,292.0,0,0.0,TC1,n_agents,100,behavioral,2
585,292.5,0,0.0,TC1,n_agents,100,behavioral,2
586,293.0,0,0.0,TC1,n_agents,100,behavioral,2
587,293.5,0,0.0,TC1,n_agents,100,behavioral,2
588,294.0,0,0.0,TC1,n_agents,100,behavioral,2
589,294.5,0,0.0,TC1,n_agents,100,behavioral,2
590,295.0,0,0.0,TC1,n_agents,100,behavioral,2
591,295.5,0,0.0,TC1,n_agents,100,behavioral,2
592,296.0,0,0.0,TC1,n_agents,100,behavioral,2
593,296.5,0,0.0,TC1,n_agents,100,behavioral,2
594,297.0,0,0.0,TC1,n_agents,100,behavioral,2
595,297.5,0,0.0,TC1,n_agents,100,behavioral,2
596,298.0,0,0.0,TC1,n_agents,100,behavioral,2
597,298.5,0,0.0,TC1,n_agents,100,behavioral,2
598,299.0,0,0.0,TC1,n_agents,100,behavioral,2
599,299.5,0,0.0,TC1,n_agents,100,behavioral,2
600,300.0,0,0.0,TC1,n_agents,100,behavioral,2
601,300.5,0,0.0,TC1,n_agents,100,behavioral,2
602,301.0,0,0.0,TC1,n_agents,100,behavioral,2
603,301.5,0,0.0,TC1,n_agents,100,behavioral,2
604,302.0,0,0.0,TC1,n_agents,100,behavioral,2
605,302.5,0,0.0,TC1,n_agents,100,behavioral,2
606,303.0,0,0.0,TC1,n_agents,100,behavioral,2
607,303.5,0,0.0,TC1,n_agents,100,behavioral,2
608,304.0,0,0.0,TC1,n_agents,100,behavioral,2
609,304.5,0,0.0,TC1,n_agents,100,behavioral,2
610,305.0,0,0.0,TC1,n_agents,100,behavioral,2
611,305.5,0,0.0,TC1,n_agents,100,behavioral,2
612,306.0,0,0.0,TC1,n_agents,100,behavioral,2
613,306.5,0,0.0,TC1,n_agents,100,behavioral,2
614,307.0,0,0.0,TC1,n_agents,100,behavioral,2
615,307.5,0,0.0,TC1,n_agents,100,behavioral,2
616,308.0,0,0.0,TC1,n_agents,100,behavioral,2
617,308.5,0,0.0,TC1,n_agents,100,behavioral,2
618,309.0,0,0.0,TC1,n_agents,100,behavioral,2
619,309.5,0,0.0,TC1,n_agents,100,behavioral,2
620,310.0,0,0.0,TC1,n_agents,100,behavioral,2
621,310.5,0,0.0,TC1,n_agents,100,behavioral,2
622,311.0,0,0.0,TC1,n_agents,100,behavioral,2
623,311.5,0,0.0,TC1,n_agents,100,behavioral,2
624,312.0,0,0.0,TC1,n_agents,100,behavioral,2
625,312.5,0,0.0,TC1,n_agents,100,behavioral,2
626,313.0,0,0.0,TC1,n_agents,100,behavioral,2
627,313.5,0,0.0,TC1,n_agents,100,behavioral,2
628,314.0,0,0.0,TC1,n_agents,100,behavioral,2
629,314.5,0,0.0,TC1,n_agents,100,behavioral,2
630,315.0,0,0.0,TC1,n_agents,100,behavioral,2
631,315.5,0,0.0,TC1,n_agents,100,behavioral,2
632,316.0,0,0.0,TC1,n_agents,100,behavioral,2
633,316.5,0,0.0,TC1,n_agents,100,behavioral,2
634,317.0,0,0.0,TC1,n_agents,100,behavioral,2
635,317.5,0,0.0,TC1,n_agents,100,behavioral,2
636,318.0,0,0.0,TC1,n_agents,100,behavioral,2
637,318.5,0,0.0,TC1,n_agents,100,behavioral,2
638,319.0,0,0.0,TC1,n_agents,100,behavioral,2
639,319.5,0,0.0,TC1,n_agents,100,behavioral,2
640,320.0,0,0.0,TC1,n_agents,100,behavioral,2
641,320.5,0,0.0,TC1,n_agents,100,behavioral,2
642,321.0,0,0.0,TC1,n_agents,100,behavioral,2
643,321.5,0,0.0,TC1,n_agents,100,behavioral,2
644,322.0,0,0.0,TC1,n_agents,100,behavioral,2
645,322.5,0,0.0,TC1,n_agents,100,behavioral,2
646,323.0,0,0.0,TC1,n_agents,100,behavioral,2
647,323.5,0,0.0,TC1,n_agents,100,behavioral,2
648,324.0,0,0.0,TC1,n_agents,100,behavioral,2
649,324.5,0,0.0,TC1,n_agents,100,behavioral,2
650,325.0,0,0.0,TC1,n_agents,100,behavioral,2
651,325.5,0,0.0,TC1,n_agents,100,behavioral,2
652,326.0,0,0.0,TC1,n_agents,100,behavioral,2
653,326.5,0,0.0,TC1,n_agents,100,behavioral,2
654,327.0,0,0.0,TC1,n_agents,100,behavioral,2
655,327.5,0,0.0,TC1,n_agents,100,behavioral,2
656,328.0,0,0.0,TC1,n_agents,100,behavioral,2
657,328.5,0,0.0,TC1,n_agents,100,behavioral,2
658,329.0,0,0.0,TC1,n_agents,100,behavioral,2
659,329.5,0,0.0,TC1,n_agents,100,behavioral,2
660,330.0,0,0.0,TC1,n_agents,100,behavioral,2
661,330.5,0,0.0,TC1,n_agents,100,behavioral,2
662,331.0,0,0.0,TC1,n_agents,100,behavioral,2
663,331.5,0,0.0,TC1,n_agents,100,behavioral,2
664,332.0,0,0.0,TC1,n_agents,100,behavioral,2
665,332.5,0,0.0,TC1,n_agents,100,behavioral,2
666,333.0,0,0.0,TC1,n_agents,100,behavioral,2
667,333.5,0,0.0,TC1,n_agents,100,behavioral,2
668,334.0,0,0.0,TC1,n_agents,100,behavioral,2
669,334.5,0,0.0,TC1,n_agents,100,behavioral,2
670,335.0,0,0.0,TC1,n_agents,100,behavioral,2
671,335.5,0,0.0,TC1,n_agents,100,behavioral,2
672,336.0,0,0.0,TC1,n_agents,100,behavioral,2
673,336.5,0,0.0,TC1,n_agents,100,behavioral,2
674,337.0,0,0.0,TC1,n_agents,100,behavioral,2
675,337.5,0,0.0,TC1,n_agents,100,behavioral,2
676,338.0,0,0.0,TC1,n_agents,100,behavioral,2
677,338.5,0,0.0,TC1,n_agents,100,behavioral,2
678,339.0,0,0.0,TC1,n_agents,100,behavioral,2
679,339.5,0,0.0,TC1,n_agents,100,behavioral,2
680,340.0,0,0.0,TC1,n_agents,100,behavioral,2
681,340.5,0,0.0,TC1,n_agents,100,behavioral,2
682,341.0,0,0.0,TC1,n_agents,100,behavioral,2
683,341.5,0,0.0,TC1,n_agents,100,behavioral,2
684,342.0,0,0.0,TC1,n_agents,100,behavioral,2
685,342.5,0,0.0,TC1,n_agents,100,behavioral,2
686,343.0,0,0.0,TC1,n_agents,100,behavioral,2
687,343.5,0,0.0,TC1,n_agents,100,behavioral,2
688,344.0,0,0.0,TC1,n_agents,100,behavioral,2
689,344.5,0,0.0,TC1,n_agents,100,behavioral,2
690,345.0,0,0.0,TC1,n_agents,100,behavioral,2
691,345.5,0,0.0,TC1,n_agents,100,behavioral,2
692,346.0,0,0.0,TC1,n_agents,100,behavioral,2
693,346.5,0,0.0,TC1,n_agents,100,behavioral,2
694,347.0,0,0.0,TC1,n_agents,100,behavioral,2
695,347.5,0,0.0,TC1,n_agents,100,behavioral,2
696,348.0,0,0.0,TC1,n_agents,100,behavioral,2
697,348.5,0,0.0,TC1,n_agents,100,behavioral,2
698,349.0,0,0.0,TC1,n_agents,100,behavioral,2
699,349.5,0,0.0,TC1,n_agents,100,behavioral,2
700,350.0,0,0.0,TC1,n_agents,100,behavioral,2
701,350.5,0,0.0,TC1,n_agents,100,behavioral,2
702,351.0,0,0.0,TC1,n_agents,100,behavioral,2
703,351.5,0,0.0,TC1,n_agents,100,behavioral,2
704,352.0,0,0.0,TC1,n_agents,100,behavioral,2
705,352.5,0,0.0,TC1,n_agents,100,behavioral,2
706,353.0,0,0.0,TC1,n_agents,100,behavioral,2
707,353.5,0,0.0,TC1,n_agents,100,behavioral,2
708,354.0,0,0.0,TC1,n_agents,100,behavioral,2
709,354.5,0,0.0,TC1,n_agents,100,behavioral,2
710,355.0,0,0.0,TC1,n_agents,100,behavioral,2
711,355.5,0,0.0,TC1,n_agents,100,behavioral,2
712,356.0,0,0.0,TC1,n_agents,100,behavioral,2
713,356.5,0,0.0,TC1,n_agents,100,behavioral,2
714,357.0,0,0.0,TC1,n_agents,100,behavioral,2
715,357.5,0,0.0,TC1,n_agents,100,behavioral,2
716,358.0,0,0.0,TC1,n_agents,100,behavioral,2
717,358.5,0,0.0,TC1,n_agents,100,behavioral,2
718,359.0,0,0.0,TC1,n_agents,100,behavioral,2
719,359.5,0,0.0,TC1,n_agents,100,behavioral,2
720,360.0,0,0.0,TC1,n_agents,100,behavioral,2
721,360.5,0,0.0,TC1,n_agents,100,behavioral,2
722,361.0,0,0.0,TC1,n_agents,100,behavioral,2
723,361.5,0,0.0,TC1,n_agents,100,behavioral,2
724,362.0,0,0.0,TC1,n_agents,100,behavioral,2
725,362.5,0,0.0,TC1,n_agents,100,behavioral,2
726,363.0,0,0.0,TC1,n_agents,100,behavioral,2
727,363.5,0,0.0,TC1,n_agents,100,behavioral,2
728,364.0,0,0.0,TC1,n_agents,100,behavioral,2
729,364.5,0,0.0,TC1,n_agents,100,behavioral,2
730,365.0,0,0.0,TC1,n_agents,100,behavioral,2
731,365.5,0,0.0,TC1,n_agents,100,behavioral,2
732,366.0,0,0.0,TC1,n_agents,100,behavioral,2
733,366.5,0,0.0,TC1,n_agents,100,behavioral,2
734,367.0,0,0.0,TC1,n_agents,100,behavioral,2
735,367.5,0,0.0,TC1,n_agents,100,behavioral,2
736,368.0,0,0.0,TC1,n_agents,100,behavioral,2
737,368.5,0,0.0,TC1,n_agents,100,behavioral,2
738,369.0,0,0.0,TC1,n_agents,100,behavioral,2
739,369.5,0,0.0,TC1,n_agents,100,behavioral,2
740,370.0,0,0.0,TC1,n_agents,100,behavioral,2
741,370.5,0,0.0,TC1,n_agents,100,behavioral,2
742,371.0,0,0.0,TC1,n_agents,100,behavioral,2
743,371.5,0,0.0,TC1,n_agents,100,behavioral,2
744,372.0,0,0.0,TC1,n_agents,100,behavioral,2
745,372.5,0,0.0,TC1,n_agents,100,behavioral,2
746,373.0,0,0.0,TC1,n_agents,100,behavioral,2
747,373.5,0,0.0,TC1,n_agents,100,behavioral,2
748,374.0,0,0.0,TC1,n_agents,100,behavioral,2
749,374.5,0,0.0,TC1,n_agents,100,behavioral,2
750,375.0,0,0.0,TC1,n_agents,100,behavioral,2
751,375.5,0,0.0,TC1,n_agents,100,behavioral,2
752,376.0,0,0.0,TC1,n_agents,100,behavioral,2
753,376.5,0,0.0,TC1,n_agents,100,behavioral,2
754,377.0,0,0.0,TC1,n_agents,100,behavioral,2
755,377.5,0,0.0,TC1,n_agents,100,behavioral,2
756,378.0,0,0.0,TC1,n_agents,100,behavioral,2
757,378.5,0,0.0,TC1,n_agents,100,behavioral,2
758,379.0,0,0.0,TC1,n_agents,100,behavioral,2
759,379.5,0,0.0,TC1,n_agents,100,behavioral,2
760,380.0,0,0.0,TC1,n_agents,100,behavioral,2
761,380.5,0,0.0,TC1,n_agents,100,behavioral,2
762,381.0,0,0.0,TC1,n_agents,100,behavioral,2
763,381.5,0,0.0,TC1,n_agents,100,behavioral,2
764,382.0,0,0.0,TC1,n_agents,100,behavioral,2
765,382.5,0,0.0,TC1,n_agents,100,behavioral,2
766,383.0,0,0.0,TC1,n_agents,100,behavioral,2
767,383.5,0,0.0,TC1,n_agents,100,behavioral,2
768,384.0,0,0.0,TC1,n_agents,100,behavioral,2
769,384.5,0,0.0,TC1,n_agents,100,behavioral,2
770,385.0,0,0.0,TC1,n_agents,100,behavioral,2
771,385.5,0,0.0,TC1,n_agents,100,behavioral,2
772,386.0,0,0.0,TC1,n_agents,100,behavioral,2
773,386.5,0,0.0,TC1,n_agents,100,behavioral,2
774,387.0,0,0.0,TC1,n_agents,100,behavioral,2
775,387.5,0,0.0,TC1,n_agents,100,behavioral,2
776,388.0,0,0.0,TC1,n_agents,100,behavioral,2
777,388.5,0,0.0,TC1,n_agents,100,behavioral,2
778,389.0,0,0.0,TC1,n_agents,100,behavioral,2
779,389.5,0,0.0,TC1,n_agents,100,behavioral,2
780,390.0,0,0.0,TC1,n_agents,100,behavioral,2
781,390.5,0,0.0,TC1,n_agents,100,behavioral,2
782,391.0,0,0.0,TC1,n_agents,100,behavioral,2
783,391.5,0,0.0,TC1,n_agents,100,behavioral,2
784,392.0,0,0.0,TC1,n_agents,100,behavioral,2
785,392.5,0,0.0,TC1,n_agents,100,behavioral,2
786,393.0,0,0.0,TC1,n_agents,100,behavioral,2
787,393.5,0,0.0,TC1,n_agents,100,behavioral,2
788,394.0,0,0.0,TC1,n_agents,100,behavioral,2
789,394.5,0,0.0,TC1,n_agents,100,behavioral,2
790,395.0,0,0.0,TC1,n_agents,100,behavioral,2
791,395.5,0,0.0,TC1,n_agents,100,behavioral,2
792,396.0,0,0.0,TC1,n_agents,100,behavioral,2
793,396.5,0,0.0,TC1,n_agents,100,behavioral,2
794,397.0,0,0.0,TC1,n_agents,100,behavioral,2
795,397.5,0,0.0,TC1,n_agents,100,behavioral,2
796,398.0,0,0.0,TC1,n_agents,100,behavioral,2
797,398.5,0,0.0,TC1,n_agents,100,behavioral,2
798,399.0,0,0.0,TC1,n_agents,100,behavioral,2
799,399.5,0,0.0,TC1,n_agents,100,behavioral,2
800,400.0,0,0.0,TC1,n_agents,100,behavioral,2
0,0.0,0,0.0,TC1,n_agents,100,behavioral,3
1,0.5,0,0.0,TC1,n_agents,100,behavioral,3
2,1.0,0,0.0,TC1,n_agents,100,behavioral,3
3,1.5,0,0.0,TC1,n_agents,100,behavioral,3
4,2.0,0,0.0,TC1,n_agents,100,behavioral,3
5,2.5,0,0.0,TC1,n_agents,100,behavioral,3
6,3.0,0,0.0,TC1,n_agents,100,behavioral,3
7,3.5,0,0.0,TC1,n_agents,100,behavioral,3
8,4.0,0,0.0,TC1,n_agents,100,behavioral,3
9,4.5,0,0.0,TC1,n_agents,100,behavioral,3
10,5.0,0,0.0,TC1,n_agents,100,behavioral,3
11,5.5,0,0.0,TC1,n_agents,100,behavioral,3
12,6.0,0,0.0,TC1,n_agents,100,behavioral,3
13,6.5,0,0.0,TC1,n_agents,100,behavioral,3
14,7.0,0,0.0,TC1,n_agents,100,behavioral,3
15,7.5,0,0.0,TC1,n_agents,100,behavioral,3
16,8.0,0,0.0,TC1,n_agents,100,behavioral,3
17,8.5,0,0.0,TC1,n_agents,100,behavioral,3
18,9.0,0,0.0,TC1,n_agents,100,behavioral,3
19,9.5,0,0.0,TC1,n_agents,100,behavioral,3
20,10.0,0,0.0,TC1,n_agents,100,behavioral,3
21,10.5,0,0.0,TC1,n_agents,100,behavioral,3
22,11.0,0,0.0,TC1,n_agents,100,behavioral,3
23,11.5,0,0.0,TC1,n_agents,100,behavioral,3
24,12.0,0,0.0,TC1,n_agents,100,behavioral,3
25,12.5,0,0.0,TC1,n_agents,100,behavioral,3
26,13.0,0,0.0,TC1,n_agents,100,behavioral,3
27,13.5,0,0.0,TC1,n_agents,100,behavioral,3
28,14.0,0,0.0,TC1,n_agents,100,behavioral,3
29,14.5,0,0.0,TC1,n_agents,100,behavioral,3
30,15.0,0,0.0,TC1,n_agents,100,behavioral,3
31,15.5,0,0.0,TC1,n_agents,100,behavioral,3
32,16.0,0,0.0,TC1,n_agents,100,behavioral,3
33,16.5,0,0.0,TC1,n_agents,100,behavioral,3
34,17.0,0,0.0,TC1,n_agents,100,behavioral,3
35,17.5,0,0.0,TC1,n_agents,100,behavioral,3
36,18.0,0,0.0,TC1,n_agents,100,behavioral,3
37,18.5,0,0.0,TC1,n_agents,100,behavioral,3
38,19.0,0,0.0,TC1,n_agents,100,behavioral,3
39,19.5,0,0.0,TC1,n_agents,100,behavioral,3
40,20.0,0,0.0,TC1,n_agents,100,behavioral,3
41,20.5,0,0.0,TC1,n_agents,100,behavioral,3
42,21.0,0,0.0,TC1,n_agents,100,behavioral,3
43,21.5,0,0.0,TC1,n_agents,100,behavioral,3
44,22.0,0,0.0,TC1,n_agents,100,behavioral,3
45,22.5,0,0.0,TC1,n_agents,100,behavioral,3
46,23.0,0,0.0,TC1,n_agents,100,behavioral,3
47,23.5,0,0.0,TC1,n_agents,100,behavioral,3
48,24.0,0,0.0,TC1,n_agents,100,behavioral,3
49,24.5,0,0.0,TC1,n_agents,100,behavioral,3
50,25.0,0,0.0,TC1,n_agents,100,behavioral,3
51,25.5,0,0.0,TC1,n_agents,100,behavioral,3
52,26.0,0,0.0,TC1,n_agents,100,behavioral,3
53,26.5,0,0.0,TC1,n_agents,100,behavioral,3
54,27.0,0,0.0,TC1,n_agents,100,behavioral,3
55,27.5,0,0.0,TC1,n_agents,100,behavioral,3
56,28.0,0,0.0,TC1,n_agents,100,behavioral,3
57,28.5,0,0.0,TC1,n_agents,100,behavioral,3
58,29.0,0,0.0,TC1,n_agents,100,behavioral,3
59,29.5,0,0.0,TC1,n_agents,100,behavioral,3
60,30.0,0,0.0,TC1,n_agents,100,behavioral,3
61,30.5,0,0.0,TC1,n_agents,100,behavioral,3
62,31.0,0,0.0,TC1,n_agents,100,behavioral,3
63,31.5,0,0.0,TC1,n_agents,100,behavioral,3
64,32.0,0,0.0,TC1,n_agents,100,behavioral,3
65,32.5,0,0.0,TC1,n_agents,100,behavioral,3
66,33.0,0,0.0,TC1,n_agents,100,behavioral,3
67,33.5,0,0.0,TC1,n_agents,100,behavioral,3
68,34.0,0,0.0,TC1,n_agents,100,behavioral,3
69,34.5,0,0.0,TC1,n_agents,100,behavioral,3
70,35.0,0,0.0,TC1,n_agents,100,behavioral,3
71,35.5,0,0.0,TC1,n_agents,100,behavioral,3
72,36.0,0,0.0,TC1,n_agents,100,behavioral,3
73,36.5,0,0.0,TC1,n_agents,100,behavioral,3
74,37.0,0,0.0,TC1,n_agents,100,behavioral,3
75,37.5,0,0.0,TC1,n_agents,100,behavioral,3
76,38.0,0,0.0,TC1,n_agents,100,behavioral,3
77,38.5,0,0.0,TC1,n_agents,100,behavioral,3
78,39.0,0,0.0,TC1,n_agents,100,behavioral,3
79,39.5,0,0.0,TC1,n_agents,100,behavioral,3
80,40.0,0,0.0,TC1,n_agents,100,behavioral,3
81,40.5,0,0.0,TC1,n_agents,100,behavioral,3
82,41.0,0,0.0,TC1,n_agents,100,behavioral,3
83,41.5,0,0.0,TC1,n_agents,100,behavioral,3
84,42.0,0,0.0,TC1,n_agents,100,behavioral,3
85,42.5,0,0.0,TC1,n_agents,100,behavioral,3
86,43.0,0,0.0,TC1,n_agents,100,behavioral,3
87,43.5,0,0.0,TC1,n_agents,100,behavioral,3
88,44.0,0,0.0,TC1,n_agents,100,behavioral,3
89,44.5,0,0.0,TC1,n_agents,100,behavioral,3
90,45.0,0,0.0,TC1,n_agents,100,behavioral,3
91,45.5,0,0.0,TC1,n_agents,100,behavioral,3
92,46.0,0,0.0,TC1,n_agents,100,behavioral,3
93,46.5,0,0.0,TC1,n_agents,100,behavioral,3
94,47.0,0,0.0,TC1,n_agents,100,behavioral,3
95,47.5,0,0.0,TC1,n_agents,100,behavioral,3
96,48.0,0,0.0,TC1,n_agents,100,behavioral,3
97,48.5,0,0.0,TC1,n_agents,100,behavioral,3
98,49.0,0,0.0,TC1,n_agents,100,behavioral,3
99,49.5,0,0.0,TC1,n_agents,100,behavioral,3
100,50.0,0,0.0,TC1,n_agents,100,behavioral,3
101,50.5,0,0.0,TC1,n_agents,100,behavioral,3
102,51.0,0,0.0,TC1,n_agents,100,behavioral,3
103,51.5,0,0.0,TC1,n_agents,100,behavioral,3
104,52.0,0,0.0,TC1,n_agents,100,behavioral,3
105,52.5,0,0.0,TC1,n_agents,100,behavioral,3
106,53.0,0,0.0,TC1,n_agents,100,behavioral,3
107,53.5,0,0.0,TC1,n_agents,100,behavioral,3
108,54.0,0,0.0,TC1,n_agents,100,behavioral,3
109,54.5,0,0.0,TC1,n_agents,100,behavioral,3
110,55.0,0,0.0,TC1,n_agents,100,behavioral,3
111,55.5,0,0.0,TC1,n_agents,100,behavioral,3
112,56.0,0,0.0,TC1,n_agents,100,behavioral,3
113,56.5,0,0.0,TC1,n_agents,100,behavioral,3
114,57.0,0,0.0,TC1,n_agents,100,behavioral,3
115,57.5,0,0.0,TC1,n_agents,100,behavioral,3
116,58.0,0,0.0,TC1,n_agents,100,behavioral,3
117,58.5,0,0.0,TC1,n_agents,100,behavioral,3
118,59.0,0,0.0,TC1,n_agents,100,behavioral,3
119,59.5,0,0.0,TC1,n_agents,100,behavioral,3
120,60.0,0,0.0,TC1,n_agents,100,behavioral,3
121,60.5,0,0.0,TC1,n_agents,100,behavioral,3
122,61.0,0,0.0,TC1,n_agents,100,behavioral,3
123,61.5,0,0.0,TC1,n_agents,100,behavioral,3
124,62.0,0,0.0,TC1,n_agents,100,behavioral,3
125,62.5,0,0.0,TC1,n_agents,100,behavioral,3
126,63.0,0,0.0,TC1,n_agents,100,behavioral,3
127,63.5,0,0.0,TC1,n_agents,100,behavioral,3
128,64.0,0,0.0,TC1,n_agents,100,behavioral,3
129,64.5,0,0.0,TC1,n_agents,100,behavioral,3
130,65.0,0,0.0,TC1,n_agents,100,behavioral,3
131,65.5,0,0.0,TC1,n_agents,100,behavioral,3
132,66.0,0,0.0,TC1,n_agents,100,behavioral,3
133,66.5,0,0.0,TC1,n_agents,100,behavioral,3
134,67.0,0,0.0,TC1,n_agents,100,behavioral,3
135,67.5,0,0.0,TC1,n_agents,100,behavioral,3
136,68.0,0,0.0,TC1,n_agents,100,behavioral,3
137,68.5,0,0.0,TC1,n_agents,100,behavioral,3
138,69.0,0,0.0,TC1,n_agents,100,behavioral,3
139,69.5,0,0.0,TC1,n_agents,100,behavioral,3
140,70.0,0,0.0,TC1,n_agents,100,behavioral,3
141,70.5,0,0.0,TC1,n_agents,100,behavioral,3
142,71.0,0,0.0,TC1,n_agents,100,behavioral,3
143,71.5,0,0.0,TC1,n_agents,100,behavioral,3
144,72.0,0,0.0,TC1,n_agents,100,behavioral,3
145,72.5,0,0.0,TC1,n_agents,100,behavioral,3
146,73.0,0,0.0,TC1,n_agents,100,behavioral,3
147,73.5,0,0.0,TC1,n_agents,100,behavioral,3
148,74.0,0,0.0,TC1,n_agents,100,behavioral,3
149,74.5,0,0.0,TC1,n_agents,100,behavioral,3
150,75.0,0,0.0,TC1,n_agents,100,behavioral,3
151,75.5,0,0.0,TC1,n_agents,100,behavioral,3
152,76.0,0,0.0,TC1,n_agents,100,behavioral,3
153,76.5,0,0.0,TC1,n_agents,100,behavioral,3
154,77.0,0,0.0,TC1,n_agents,100,behavioral,3
155,77.5,0,0.0,TC1,n_agents,100,behavioral,3
156,78.0,0,0.0,TC1,n_agents,100,behavioral,3
157,78.5,0,0.0,TC1,n_agents,100,behavioral,3
158,79.0,0,0.0,TC1,n_agents,100,behavioral,3
159,79.5,0,0.0,TC1,n_agents,100,behavioral,3
160,80.0,0,0.0,TC1,n_agents,100,behavioral,3
161,80.5,0,0.0,TC1,n_agents,100,behavioral,3
162,81.0,0,0.0,TC1,n_agents,100,behavioral,3
163,81.5,0,0.0,TC1,n_agents,100,behavioral,3
164,82.0,0,0.0,TC1,n_agents,100,behavioral,3
165,82.5,0,0.0,TC1,n_agents,100,behavioral,3
166,83.0,0,0.0,TC1,n_agents,100,behavioral,3
167,83.5,0,0.0,TC1,n_agents,100,behavioral,3
168,84.0,0,0.0,TC1,n_agents,100,behavioral,3
169,84.5,0,0.0,TC1,n_agents,100,behavioral,3
170,85.0,0,0.0,TC1,n_agents,100,behavioral,3
171,85.5,0,0.0,TC1,n_agents,100,behavioral,3
172,86.0,0,0.0,TC1,n_agents,100,behavioral,3
173,86.5,0,0.0,TC1,n_agents,100,behavioral,3
174,87.0,0,0.0,TC1,n_agents,100,behavioral,3
175,87.5,0,0.0,TC1,n_agents,100,behavioral,3
176,88.0,0,0.0,TC1,n_agents,100,behavioral,3
177,88.5,0,0.0,TC1,n_agents,100,behavioral,3
178,89.0,0,0.0,TC1,n_agents,100,behavioral,3
179,89.5,0,0.0,TC1,n_agents,100,behavioral,3
180,90.0,0,0.0,TC1,n_agents,100,behavioral,3
181,90.5,0,0.0,TC1,n_agents,100,behavioral,3
182,91.0,0,0.0,TC1,n_agents,100,behavioral,3
183,91.5,0,0.0,TC1,n_agents,100,behavioral,3
184,92.0,0,0.0,TC1,n_agents,100,behavioral,3
185,92.5,0,0.0,TC1,n_agents,100,behavioral,3
186,93.0,0,0.0,TC1,n_agents,100,behavioral,3
187,93.5,0,0.0,TC1,n_agents,100,behavioral,3
188,94.0,0,0.0,TC1,n_agents,100,behavioral,3
189,94.5,0,0.0,TC1,n_agents,100,behavioral,3
190,95.0,0,0.0,TC1,n_agents,100,behavioral,3
191,95.5,0,0.0,TC1,n_agents,100,behavioral,3
192,96.0,0,0.0,TC1,n_agents,100,behavioral,3
193,96.5,0,0.0,TC1,n_agents,100,behavioral,3
194,97.0,0,0.0,TC1,n_agents,100,behavioral,3
195,97.5,0,0.0,TC1,n_agents,100,behavioral,3
196,98.0,0,0.0,TC1,n_agents,100,behavioral,3
197,98.5,0,0.0,TC1,n_agents,100,behavioral,3
198,99.0,0,0.0,TC1,n_agents,100,behavioral,3
199,99.5,0,0.0,TC1,n_agents,100,behavioral,3
200,100.0,0,0.0,TC1,n_agents,100,behavioral,3
201,100.5,0,0.0,TC1,n_agents,100,behavioral,3
202,101.0,0,0.0,TC1,n_agents,100,behavioral,3
203,101.5,0,0.0,TC1,n_agents,100,behavioral,3
204,102.0,0,0.0,TC1,n_agents,100,behavioral,3
205,102.5,0,0.0,TC1,n_agents,100,behavioral,3
206,103.0,0,0.0,TC1,n_agents,100,behavioral,3
207,103.5,0,0.0,TC1,n_agents,100,behavioral,3
208,104.0,0,0.0,TC1,n_agents,100,behavioral,3
209,104.5,0,0.0,TC1,n_agents,100,behavioral,3
210,105.0,0,0.0,TC1,n_agents,100,behavioral,3
211,105.5,0,0.0,TC1,n_agents,100,behavioral,3
212,106.0,0,0.0,TC1,n_agents,100,behavioral,3
213,106.5,0,0.0,TC1,n_agents,100,behavioral,3
214,107.0,0,0.0,TC1,n_agents,100,behavioral,3
215,107.5,0,0.0,TC1,n_agents,100,behavioral,3
216,108.0,0,0.0,TC1,n_agents,100,behavioral,3
217,108.5,0,0.0,TC1,n_agents,100,behavioral,3
218,109.0,0,0.0,TC1,n_agents,100,behavioral,3
219,109.5,0,0.0,TC1,n_agents,100,behavioral,3
220,110.0,0,0.0,TC1,n_agents,100,behavioral,3
221,110.5,0,0.0,TC1,n_agents,100,behavioral,3
222,111.0,0,0.0,TC1,n_agents,100,behavioral,3
223,111.5,0,0.0,TC1,n_agents,100,behavioral,3
224,112.0,0,0.0,TC1,n_agents,100,behavioral,3
225,112.5,0,0.0,TC1,n_agents,100,behavioral,3
226,113.0,0,0.0,TC1,n_agents,100,behavioral,3
227,113.5,0,0.0,TC1,n_agents,100,behavioral,3
228,114.0,0,0.0,TC1,n_agents,100,behavioral,3
229,114.5,0,0.0,TC1,n_agents,100,behavioral,3
230,115.0,0,0.0,TC1,n_agents,100,behavioral,3
231,115.5,0,0.0,TC1,n_agents,100,behavioral,3
232,116.0,0,0.0,TC1,n_agents,100,behavioral,3
233,116.5,0,0.0,TC1,n_agents,100,behavioral,3
234,117.0,0,0.0,TC1,n_agents,100,behavioral,3
235,117.5,0,0.0,TC1,n_agents,100,behavioral,3
236,118.0,0,0.0,TC1,n_agents,100,behavioral,3
237,118.5,0,0.0,TC1,n_agents,100,behavioral,3
238,119.0,0,0.0,TC1,n_agents,100,behavioral,3
239,119.5,0,0.0,TC1,n_agents,100,behavioral,3
240,120.0,0,0.0,TC1,n_agents,100,behavioral,3
241,120.5,0,0.0,TC1,n_agents,100,behavioral,3
242,121.0,0,0.0,TC1,n_agents,100,behavioral,3
243,121.5,0,0.0,TC1,n_agents,100,behavioral,3
244,122.0,0,0.0,TC1,n_agents,100,behavioral,3
245,122.5,0,0.0,TC1,n_agents,100,behavioral,3
246,123.0,0,0.0,TC1,n_agents,100,behavioral,3
247,123.5,0,0.0,TC1,n_agents,100,behavioral,3
248,124.0,0,0.0,TC1,n_agents,100,behavioral,3
249,124.5,0,0.0,TC1,n_agents,100,behavioral,3
250,125.0,0,0.0,TC1,n_agents,100,behavioral,3
251,125.5,0,0.0,TC1,n_agents,100,behavioral,3
252,126.0,0,0.0,TC1,n_agents,100,behavioral,3
253,126.5,0,0.0,TC1,n_agents,100,behavioral,3
254,127.0,0,0.0,TC1,n_agents,100,behavioral,3
255,127.5,0,0.0,TC1,n_agents,100,behavioral,3
256,128.0,0,0.0,TC1,n_agents,100,behavioral,3
257,128.5,0,0.0,TC1,n_agents,100,behavioral,3
258,129.0,0,0.0,TC1,n_agents,100,behavioral,3
259,129.5,0,0.0,TC1,n_agents,100,behavioral,3
260,130.0,0,0.0,TC1,n_agents,100,behavioral,3
261,130.5,0,0.0,TC1,n_agents,100,behavioral,3
262,131.0,0,0.0,TC1,n_agents,100,behavioral,3
263,131.5,0,0.0,TC1,n_agents,100,behavioral,3
264,132.0,0,0.0,TC1,n_agents,100,behavioral,3
265,132.5,0,0.0,TC1,n_agents,100,behavioral,3
266,133.0,0,0.0,TC1,n_agents,100,behavioral,3
267,133.5,0,0.0,TC1,n_agents,100,behavioral,3
268,134.0,0,0.0,TC1,n_agents,100,behavioral,3
269,134.5,0,0.0,TC1,n_agents,100,behavioral,3
270,135.0,0,0.0,TC1,n_agents,100,behavioral,3
271,135.5,0,0.0,TC1,n_agents,100,behavioral,3
272,136.0,0,0.0,TC1,n_agents,100,behavioral,3
273,136.5,0,0.0,TC1,n_agents,100,behavioral,3
274,137.0,0,0.0,TC1,n_agents,100,behavioral,3
275,137.5,0,0.0,TC1,n_agents,100,behavioral,3
276,138.0,0,0.0,TC1,n_agents,100,behavioral,3
277,138.5,0,0.0,TC1,n_agents,100,behavioral,3
278,139.0,0,0.0,TC1,n_agents,100,behavioral,3
279,139.5,0,0.0,TC1,n_agents,100,behavioral,3
280,140.0,0,0.0,TC1,n_agents,100,behavioral,3
281,140.5,0,0.0,TC1,n_agents,100,behavioral,3
282,141.0,0,0.0,TC1,n_agents,100,behavioral,3
283,141.5,0,0.0,TC1,n_agents,100,behavioral,3
284,142.0,0,0.0,TC1,n_agents,100,behavioral,3
285,142.5,0,0.0,TC1,n_agents,100,behavioral,3
286,143.0,0,0.0,TC1,n_agents,100,behavioral,3
287,143.5,0,0.0,TC1,n_agents,100,behavioral,3
288,144.0,0,0.0,TC1,n_agents,100,behavioral,3
289,144.5,0,0.0,TC1,n_agents,100,behavioral,3
290,145.0,0,0.0,TC1,n_agents,100,behavioral,3
291,145.5,0,0.0,TC1,n_agents,100,behavioral,3
292,146.0,0,0.0,TC1,n_agents,100,behavioral,3
293,146.5,0,0.0,TC1,n_agents,100,behavioral,3
294,147.0,0,0.0,TC1,n_agents,100,behavioral,3
295,147.5,0,0.0,TC1,n_agents,100,behavioral,3
296,148.0,0,0.0,TC1,n_agents,100,behavioral,3
297,148.5,0,0.0,TC1,n_agents,100,behavioral,3
298,149.0,0,0.0,TC1,n_agents,100,behavioral,3
299,149.5,0,0.0,TC1,n_agents,100,behavioral,3
300,150.0,0,0.0,TC1,n_agents,100,behavioral,3
301,150.5,0,0.0,TC1,n_agents,100,behavioral,3
302,151.0,0,0.0,TC1,n_agents,100,behavioral,3
303,151.5,0,0.0,TC1,n_agents,100,behavioral,3
304,152.0,0,0.0,TC1,n_agents,100,behavioral,3
305,152.5,0,0.0,TC1,n_agents,100,behavioral,3
306,153.0,0,0.0,TC1,n_agents,100,behavioral,3
307,153.5,0,0.0,TC1,n_agents,100,behavioral,3
308,154.0,0,0.0,TC1,n_agents,100,behavioral,3
309,154.5,0,0.0,TC1,n_agents,100,behavioral,3
310,155.0,0,0.0,TC1,n_agents,100,behavioral,3
311,155.5,0,0.0,TC1,n_agents,100,behavioral,3
312,156.0,0,0.0,TC1,n_agents,100,behavioral,3
313,156.5,0,0.0,TC1,n_agents,100,behavioral,3
314,157.0,0,0.0,TC1,n_agents,100,behavioral,3
315,157.5,0,0.0,TC1,n_agents,100,behavioral,3
316,158.0,0,0.0,TC1,n_agents,100,behavioral,3
317,158.5,0,0.0,TC1,n_agents,100,behavioral,3
318,159.0,0,0.0,TC1,n_agents,100,behavioral,3
319,159.5,0,0.0,TC1,n_agents,100,behavioral,3
320,160.0,0,0.0,TC1,n_agents,100,behavioral,3
321,160.5,0,0.0,TC1,n_agents,100,behavioral,3
322,161.0,0,0.0,TC1,n_agents,100,behavioral,3
323,161.5,0,0.0,TC1,n_agents,100,behavioral,3
324,162.0,0,0.0,TC1,n_agents,100,behavioral,3
325,162.5,0,0.0,TC1,n_agents,100,behavioral,3
326,163.0,0,0.0,TC1,n_agents,100,behavioral,3
327,163.5,0,0.0,TC1,n_agents,100,behavioral,3
328,164.0,0,0.0,TC1,n_agents,100,behavioral,3
329,164.5,0,0.0,TC1,n_agents,100,behavioral,3
330,165.0,0,0.0,TC1,n_agents,100,behavioral,3
331,165.5,0,0.0,TC1,n_agents,100,behavioral,3
332,166.0,0,0.0,TC1,n_agents,100,behavioral,3
333,166.5,0,0.0,TC1,n_agents,100,behavioral,3
334,167.0,0,0.0,TC1,n_agents,100,behavioral,3
335,167.5,0,0.0,TC1,n_agents,100,behavioral,3
336,168.0,0,0.0,TC1,n_agents,100,behavioral,3
337,168.5,0,0.0,TC1,n_agents,100,behavioral,3
338,169.0,0,0.0,TC1,n_agents,100,behavioral,3
339,169.5,0,0.0,TC1,n_agents,100,behavioral,3
340,170.0,0,0.0,TC1,n_agents,100,behavioral,3
341,170.5,0,0.0,TC1,n_agents,100,behavioral,3
342,171.0,0,0.0,TC1,n_agents,100,behavioral,3
343,171.5,0,0.0,TC1,n_agents,100,behavioral,3
344,172.0,0,0.0,TC1,n_agents,100,behavioral,3
345,172.5,0,0.0,TC1,n_agents,100,behavioral,3
346,173.0,0,0.0,TC1,n_agents,100,behavioral,3
347,173.5,0,0.0,TC1,n_agents,100,behavioral,3
348,174.0,0,0.0,TC1,n_agents,100,behavioral,3
349,174.5,0,0.0,TC1,n_agents,100,behavioral,3
350,175.0,0,0.0,TC1,n_agents,100,behavioral,3
351,175.5,0,0.0,TC1,n_agents,100,behavioral,3
352,176.0,0,0.0,TC1,n_agents,100,behavioral,3
353,176.5,0,0.0,TC1,n_agents,100,behavioral,3
354,177.0,0,0.0,TC1,n_agents,100,behavioral,3
355,177.5,0,0.0,TC1,n_agents,100,behavioral,3
356,178.0,0,0.0,TC1,n_agents,100,behavioral,3
357,178.5,0,0.0,TC1,n_agents,100,behavioral,3
358,179.0,0,0.0,TC1,n_agents,100,behavioral,3
359,179.5,0,0.0,TC1,n_agents,100,behavioral,3
360,180.0,0,0.0,TC1,n_agents,100,behavioral,3
361,180.5,0,0.0,TC1,n_agents,100,behavioral,3
362,181.0,0,0.0,TC1,n_agents,100,behavioral,3
363,181.5,0,0.0,TC1,n_agents,100,behavioral,3
364,182.0,0,0.0,TC1,n_agents,100,behavioral,3
365,182.5,0,0.0,TC1,n_agents,100,behavioral,3
366,183.0,0,0.0,TC1,n_agents,100,behavioral,3
367,183.5,0,0.0,TC1,n_agents,100,behavioral,3
368,184.0,0,0.0,TC1,n_agents,100,behavioral,3
369,184.5,0,0.0,TC1,n_agents,100,behavioral,3
370,185.0,0,0.0,TC1,n_agents,100,behavioral,3
371,185.5,0,0.0,TC1,n_agents,100,behavioral,3
372,186.0,0,0.0,TC1,n_agents,100,behavioral,3
373,186.5,0,0.0,TC1,n_agents,100,behavioral,3
374,187.0,0,0.0,TC1,n_agents,100,behavioral,3
375,187.5,0,0.0,TC1,n_agents,100,behavioral,3
376,188.0,0,0.0,TC1,n_agents,100,behavioral,3
377,188.5,0,0.0,TC1,n_agents,100,behavioral,3
378,189.0,0,0.0,TC1,n_agents,100,behavioral,3
379,189.5,0,0.0,TC1,n_agents,100,behavioral,3
380,190.0,0,0.0,TC1,n_agents,100,behavioral,3
381,190.5,0,0.0,TC1,n_agents,100,behavioral,3
382,191.0,0,0.0,TC1,n_agents,100,behavioral,3
383,191.5,0,0.0,TC1,n_agents,100,behavioral,3
384,192.0,0,0.0,TC1,n_agents,100,behavioral,3
385,192.5,0,0.0,TC1,n_agents,100,behavioral,3
386,193.0,0,0.0,TC1,n_agents,100,behavioral,3
387,193.5,0,0.0,TC1,n_agents,100,behavioral,3
388,194.0,0,0.0,TC1,n_agents,100,behavioral,3
389,194.5,0,0.0,TC1,n_agents,100,behavioral,3
390,195.0,0,0.0,TC1,n_agents,100,behavioral,3
391,195.5,0,0.0,TC1,n_agents,100,behavioral,3
392,196.0,0,0.0,TC1,n_agents,100,behavioral,3
393,196.5,0,0.0,TC1,n_agents,100,behavioral,3
394,197.0,0,0.0,TC1,n_agents,100,behavioral,3
395,197.5,0,0.0,TC1,n_agents,100,behavioral,3
396,198.0,0,0.0,TC1,n_agents,100,behavioral,3
397,198.5,0,0.0,TC1,n_agents,100,behavioral,3
398,199.0,0,0.0,TC1,n_agents,100,behavioral,3
399,199.5,0,0.0,TC1,n_agents,100,behavioral,3
400,200.0,0,0.0,TC1,n_agents,100,behavioral,3
401,200.5,0,0.0,TC1,n_agents,100,behavioral,3
402,201.0,0,0.0,TC1,n_agents,100,behavioral,3
403,201.5,0,0.0,TC1,n_agents,100,behavioral,3
404,202.0,0,0.0,TC1,n_agents,100,behavioral,3
405,202.5,0,0.0,TC1,n_agents,100,behavioral,3
406,203.0,0,0.0,TC1,n_agents,100,behavioral,3
407,203.5,0,0.0,TC1,n_agents,100,behavioral,3
408,204.0,0,0.0,TC1,n_agents,100,behavioral,3
409,204.5,0,0.0,TC1,n_agents,100,behavioral,3
410,205.0,0,0.0,TC1,n_agents,100,behavioral,3
411,205.5,0,0.0,TC1,n_agents,100,behavioral,3
412,206.0,0,0.0,TC1,n_agents,100,behavioral,3
413,206.5,0,0.0,TC1,n_agents,100,behavioral,3
414,207.0,0,0.0,TC1,n_agents,100,behavioral,3
415,207.5,0,0.0,TC1,n_agents,100,behavioral,3
416,208.0,0,0.0,TC1,n_agents,100,behavioral,3
417,208.5,0,0.0,TC1,n_agents,100,behavioral,3
418,209.0,0,0.0,TC1,n_agents,100,behavioral,3
419,209.5,0,0.0,TC1,n_agents,100,behavioral,3
420,210.0,0,0.0,TC1,n_agents,100,behavioral,3
421,210.5,0,0.0,TC1,n_agents,100,behavioral,3
422,211.0,0,0.0,TC1,n_agents,100,behavioral,3
423,211.5,0,0.0,TC1,n_agents,100,behavioral,3
424,212.0,0,0.0,TC1,n_agents,100,behavioral,3
425,212.5,0,0.0,TC1,n_agents,100,behavioral,3
426,213.0,0,0.0,TC1,n_agents,100,behavioral,3
427,213.5,0,0.0,TC1,n_agents,100,behavioral,3
428,214.0,0,0.0,TC1,n_agents,100,behavioral,3
429,214.5,0,0.0,TC1,n_agents,100,behavioral,3
430,215.0,0,0.0,TC1,n_agents,100,behavioral,3
431,215.5,0,0.0,TC1,n_agents,100,behavioral,3
432,216.0,0,0.0,TC1,n_agents,100,behavioral,3
433,216.5,0,0.0,TC1,n_agents,100,behavioral,3
434,217.0,0,0.0,TC1,n_agents,100,behavioral,3
435,217.5,0,0.0,TC1,n_agents,100,behavioral,3
436,218.0,0,0.0,TC1,n_agents,100,behavioral,3
437,218.5,0,0.0,TC1,n_agents,100,behavioral,3
438,219.0,0,0.0,TC1,n_agents,100,behavioral,3
439,219.5,0,0.0,TC1,n_agents,100,behavioral,3
440,220.0,0,0.0,TC1,n_agents,100,behavioral,3
441,220.5,0,0.0,TC1,n_agents,100,behavioral,3
442,221.0,0,0.0,TC1,n_agents,100,behavioral,3
443,221.5,0,0.0,TC1,n_agents,100,behavioral,3
444,222.0,0,0.0,TC1,n_agents,100,behavioral,3
445,222.5,0,0.0,TC1,n_agents,100,behavioral,3
446,223.0,0,0.0,TC1,n_agents,100,behavioral,3
447,223.5,0,0.0,TC1,n_agents,100,behavioral,3
448,224.0,0,0.0,TC1,n_agents,100,behavioral,3
449,224.5,0,0.0,TC1,n_agents,100,behavioral,3
450,225.0,0,0.0,TC1,n_agents,100,behavioral,3
451,225.5,0,0.0,TC1,n_agents,100,behavioral,3
452,226.0,0,0.0,TC1,n_agents,100,behavioral,3
453,226.5,0,0.0,TC1,n_agents,100,behavioral,3
454,227.0,0,0.0,TC1,n_agents,100,behavioral,3
455,227.5,0,0.0,TC1,n_agents,100,behavioral,3
456,228.0,0,0.0,TC1,n_agents,100,behavioral,3
457,228.5,0,0.0,TC1,n_agents,100,behavioral,3
458,229.0,0,0.0,TC1,n_agents,100,behavioral,3
459,229.5,0,0.0,TC1,n_agents,100,behavioral,3
460,230.0,0,0.0,TC1,n_agents,100,behavioral,3
461,230.5,0,0.0,TC1,n_agents,100,behavioral,3
462,231.0,0,0.0,TC1,n_agents,100,behavioral,3
463,231.5,0,0.0,TC1,n_agents,100,behavioral,3
464,232.0,0,0.0,TC1,n_agents,100,behavioral,3
465,232.5,0,0.0,TC1,n_agents,100,behavioral,3
466,233.0,0,0.0,TC1,n_agents,100,behavioral,3
467,233.5,0,0.0,TC1,n_agents,100,behavioral,3
468,234.0,0,0.0,TC1,n_agents,100,behavioral,3
469,234.5,0,0.0,TC1,n_agents,100,behavioral,3
470,235.0,0,0.0,TC1,n_agents,100,behavioral,3
471,235.5,0,0.0,TC1,n_agents,100,behavioral,3
472,236.0,0,0.0,TC1,n_agents,100,behavioral,3
473,236.5,0,0.0,TC1,n_agents,100,behavioral,3
474,237.0,0,0.0,TC1,n_agents,100,behavioral,3
475,237.5,0,0.0,TC1,n_agents,100,behavioral,3
476,238.0,0,0.0,TC1,n_agents,100,behavioral,3
477,238.5,0,0.0,TC1,n_agents,100,behavioral,3
478,239.0,0,0.0,TC1,n_agents,100,behavioral,3
479,239.5,0,0.0,TC1,n_agents,100,behavioral,3
480,240.0,0,0.0,TC1,n_agents,100,behavioral,3
481,240.5,0,0.0,TC1,n_agents,100,behavioral,3
482,241.0,0,0.0,TC1,n_agents,100,behavioral,3
483,241.5,0,0.0,TC1,n_agents,100,behavioral,3
484,242.0,0,0.0,TC1,n_agents,100,behavioral,3
485,242.5,0,0.0,TC1,n_agents,100,behavioral,3
486,243.0,0,0.0,TC1,n_agents,100,behavioral,3
487,243.5,0,0.0,TC1,n_agents,100,behavioral,3
488,244.0,0,0.0,TC1,n_agents,100,behavioral,3
489,244.5,0,0.0,TC1,n_agents,100,behavioral,3
490,245.0,0,0.0,TC1,n_agents,100,behavioral,3
491,245.5,0,0.0,TC1,n_agents,100,behavioral,3
492,246.0,0,0.0,TC1,n_agents,100,behavioral,3
493,246.5,0,0.0,TC1,n_agents,100,behavioral,3
494,247.0,0,0.0,TC1,n_agents,100,behavioral,3
495,247.5,0,0.0,TC1,n_agents,100,behavioral,3
496,248.0,0,0.0,TC1,n_agents,100,behavioral,3
497,248.5,0,0.0,TC1,n_agents,100,behavioral,3
498,249.0,0,0.0,TC1,n_agents,100,behavioral,3
499,249.5,0,0.0,TC1,n_agents,100,behavioral,3
500,250.0,0,0.0,TC1,n_agents,100,behavioral,3
501,250.5,0,0.0,TC1,n_agents,100,behavioral,3
502,251.0,0,0.0,TC1,n_agents,100,behavioral,3
503,251.5,0,0.0,TC1,n_agents,100,behavioral,3
504,252.0,0,0.0,TC1,n_agents,100,behavioral,3
505,252.5,0,0.0,TC1,n_agents,100,behavioral,3
506,253.0,0,0.0,TC1,n_agents,100,behavioral,3
507,253.5,0,0.0,TC1,n_agents,100,behavioral,3
508,254.0,0,0.0,TC1,n_agents,100,behavioral,3
509,254.5,0,0.0,TC1,n_agents,100,behavioral,3
510,255.0,0,0.0,TC1,n_agents,100,behavioral,3
511,255.5,0,0.0,TC1,n_agents,100,behavioral,3
512,256.0,0,0.0,TC1,n_agents,100,behavioral,3
513,256.5,0,0.0,TC1,n_agents,100,behavioral,3
514,257.0,0,0.0,TC1,n_agents,100,behavioral,3
515,257.5,0,0.0,TC1,n_agents,100,behavioral,3
516,258.0,0,0.0,TC1,n_agents,100,behavioral,3
517,258.5,0,0.0,TC1,n_agents,100,behavioral,3
518,259.0,0,0.0,TC1,n_agents,100,behavioral,3
519,259.5,0,0.0,TC1,n_agents,100,behavioral,3
520,260.0,0,0.0,TC1,n_agents,100,behavioral,3
521,260.5,0,0.0,TC1,n_agents,100,behavioral,3
522,261.0,0,0.0,TC1,n_agents,100,behavioral,3
523,261.5,0,0.0,TC1,n_agents,100,behavioral,3
524,262.0,0,0.0,TC1,n_agents,100,behavioral,3
525,262.5,0,0.0,TC1,n_agents,100,behavioral,3
526,263.0,0,0.0,TC1,n_agents,100,behavioral,3
527,263.5,0,0.0,TC1,n_agents,100,behavioral,3
528,264.0,0,0.0,TC1,n_agents,100,behavioral,3
529,264.5,0,0.0,TC1,n_agents,100,behavioral,3
530,265.0,0,0.0,TC1,n_agents,100,behavioral,3
531,265.5,0,0.0,TC1,n_agents,100,behavioral,3
532,266.0,0,0.0,TC1,n_agents,100,behavioral,3
533,266.5,0,0.0,TC1,n_agents,100,behavioral,3
534,267.0,0,0.0,TC1,n_agents,100,behavioral,3
535,267.5,0,0.0,TC1,n_agents,100,behavioral,3
536,268.0,0,0.0,TC1,n_agents,100,behavioral,3
537,268.5,0,0.0,TC1,n_agents,100,behavioral,3
538,269.0,0,0.0,TC1,n_agents,100,behavioral,3
539,269.5,0,0.0,TC1,n_agents,100,behavioral,3
540,270.0,0,0.0,TC1,n_agents,100,behavioral,3
541,270.5,0,0.0,TC1,n_agents,100,behavioral,3
542,271.0,0,0.0,TC1,n_agents,100,behavioral,3
543,271.5,0,0.0,TC1,n_agents,100,behavioral,3
544,272.0,0,0.0,TC1,n_agents,100,behavioral,3
545,272.5,0,0.0,TC1,n_agents,100,behavioral,3
546,273.0,0,0.0,TC1,n_agents,100,behavioral,3
547,273.5,0,0.0,TC1,n_agents,100,behavioral,3
548,274.0,0,0.0,TC1,n_agents,100,behavioral,3
549,274.5,0,0.0,TC1,n_agents,100,behavioral,3
550,275.0,0,0.0,TC1,n_agents,100,behavioral,3
551,275.5,0,0.0,TC1,n_agents,100,behavioral,3
552,276.0,0,0.0,TC1,n_agents,100,behavioral,3
553,276.5,0,0.0,TC1,n_agents,100,behavioral,3
554,277.0,0,0.0,TC1,n_agents,100,behavioral,3
555,277.5,0,0.0,TC1,n_agents,100,behavioral,3
556,278.0,0,0.0,TC1,n_agents,100,behavioral,3
557,278.5,0,0.0,TC1,n_agents,100,behavioral,3
558,279.0,0,0.0,TC1,n_agents,100,behavioral,3
559,279.5,0,0.0,TC1,n_agents,100,behavioral,3
560,280.0,0,0.0,TC1,n_agents,100,behavioral,3
561,280.5,0,0.0,TC1,n_agents,100,behavioral,3
562,281.0,0,0.0,TC1,n_agents,100,behavioral,3
563,281.5,0,0.0,TC1,n_agents,100,behavioral,3
564,282.0,0,0.0,TC1,n_agents,100,behavioral,3
565,282.5,0,0.0,TC1,n_agents,100,behavioral,3
566,283.0,0,0.0,TC1,n_agents,100,behavioral,3
567,283.5,0,0.0,TC1,n_agents,100,behavioral,3
568,284.0,0,0.0,TC1,n_agents,100,behavioral,3
569,284.5,0,0.0,TC1,n_agents,100,behavioral,3
570,285.0,0,0.0,TC1,n_agents,100,behavioral,3
571,285.5,0,0.0,TC1,n_agents,100,behavioral,3
572,286.0,0,0.0,TC1,n_agents,100,behavioral,3
573,286.5,0,0.0,TC1,n_agents,100,behavioral,3
574,287.0,0,0.0,TC1,n_agents,100,behavioral,3
575,287.5,0,0.0,TC1,n_agents,100,behavioral,3
576,288.0,0,0.0,TC1,n_agents,100,behavioral,3
577,288.5,0,0.0,TC1,n_agents,100,behavioral,3
578,289.0,0,0.0,TC1,n_agents,100,behavioral,3
579,289.5,0,0.0,TC1,n_agents,100,behavioral,3
580,290.0,0,0.0,TC1,n_agents,100,behavioral,3
581,290.5,0,0.0,TC1,n_agents,100,behavioral,3
582,291.0,0,0.0,TC1,n_agents,100,behavioral,3
583,291.5,0,0.0,TC1,n_agents,100,behavioral,3
584,292.0,0,0.0,TC1,n_agents,100,behavioral,3
585,292.5,0,0.0,TC1,n_agents,100,behavioral,3
586,293.0,0,0.0,TC1,n_agents,100,behavioral,3
587,293.5,0,0.0,TC1,n_agents,100,behavioral,3
588,294.0,0,0.0,TC1,n_agents,100,behavioral,3
589,294.5,0,0.0,TC1,n_agents,100,behavioral,3
590,295.0,0,0.0,TC1,n_agents,100,behavioral,3
591,295.5,0,0.0,TC1,n_agents,100,behavioral,3
592,296.0,0,0.0,TC1,n_agents,100,behavioral,3
593,296.5,0,0.0,TC1,n_agents,100,behavioral,3
594,297.0,0,0.0,TC1,n_agents,100,behavioral,3
595,297.5,0,0.0,TC1,n_agents,100,behavioral,3
596,298.0,0,0.0,TC1,n_agents,100,behavioral,3
597,298.5,0,0.0,TC1,n_agents,100,behavioral,3
598,299.0,0,0.0,TC1,n_agents,100,behavioral,3
599,299.5,0,0.0,TC1,n_agents,100,behavioral,3
600,300.0,0,0.0,TC1,n_agents,100,behavioral,3
601,300.5,0,0.0,TC1,n_agents,100,behavioral,3
602,301.0,0,0.0,TC1,n_agents,100,behavioral,3
603,301.5,0,0.0,TC1,n_agents,100,behavioral,3
604,302.0,0,0.0,TC1,n_agents,100,behavioral,3
605,302.5,0,0.0,TC1,n_agents,100,behavioral,3
606,303.0,0,0.0,TC1,n_agents,100,behavioral,3
607,303.5,0,0.0,TC1,n_agents,100,behavioral,3
608,304.0,0,0.0,TC1,n_agents,100,behavioral,3
609,304.5,0,0.0,TC1,n_agents,100,behavioral,3
610,305.0,0,0.0,TC1,n_agents,100,behavioral,3
611,305.5,0,0.0,TC1,n_agents,100,behavioral,3
612,306.0,0,0.0,TC1,n_agents,100,behavioral,3
613,306.5,0,0.0,TC1,n_agents,100,behavioral,3
614,307.0,0,0.0,TC1,n_agents,100,behavioral,3
615,307.5,0,0.0,TC1,n_agents,100,behavioral,3
616,308.0,0,0.0,TC1,n_agents,100,behavioral,3
617,308.5,0,0.0,TC1,n_agents,100,behavioral,3
618,309.0,0,0.0,TC1,n_agents,100,behavioral,3
619,309.5,0,0.0,TC1,n_agents,100,behavioral,3
620,310.0,0,0.0,TC1,n_agents,100,behavioral,3
621,310.5,0,0.0,TC1,n_agents,100,behavioral,3
622,311.0,0,0.0,TC1,n_agents,100,behavioral,3
623,311.5,0,0.0,TC1,n_agents,100,behavioral,3
624,312.0,0,0.0,TC1,n_agents,100,behavioral,3
625,312.5,0,0.0,TC1,n_agents,100,behavioral,3
626,313.0,0,0.0,TC1,n_agents,100,behavioral,3
627,313.5,0,0.0,TC1,n_agents,100,behavioral,3
628,314.0,0,0.0,TC1,n_agents,100,behavioral,3
629,314.5,0,0.0,TC1,n_agents,100,behavioral,3
630,315.0,0,0.0,TC1,n_agents,100,behavioral,3
631,315.5,0,0.0,TC1,n_agents,100,behavioral,3
632,316.0,0,0.0,TC1,n_agents,100,behavioral,3
633,316.5,0,0.0,TC1,n_agents,100,behavioral,3
634,317.0,0,0.0,TC1,n_agents,100,behavioral,3
635,317.5,0,0.0,TC1,n_agents,100,behavioral,3
636,318.0,0,0.0,TC1,n_agents,100,behavioral,3
637,318.5,0,0.0,TC1,n_agents,100,behavioral,3
638,319.0,0,0.0,TC1,n_agents,100,behavioral,3
639,319.5,0,0.0,TC1,n_agents,100,behavioral,3
640,320.0,0,0.0,TC1,n_agents,100,behavioral,3
641,320.5,0,0.0,TC1,n_agents,100,behavioral,3
642,321.0,0,0.0,TC1,n_agents,100,behavioral,3
643,321.5,0,0.0,TC1,n_agents,100,behavioral,3
644,322.0,0,0.0,TC1,n_agents,100,behavioral,3
645,322.5,0,0.0,TC1,n_agents,100,behavioral,3
646,323.0,0,0.0,TC1,n_agents,100,behavioral,3
647,323.5,0,0.0,TC1,n_agents,100,behavioral,3
648,324.0,0,0.0,TC1,n_agents,100,behavioral,3
649,324.5,0,0.0,TC1,n_agents,100,behavioral,3
650,325.0,0,0.0,TC1,n_agents,100,behavioral,3
651,325.5,0,0.0,TC1,n_agents,100,behavioral,3
652,326.0,0,0.0,TC1,n_agents,100,behavioral,3
653,326.5,0,0.0,TC1,n_agents,100,behavioral,3
654,327.0,0,0.0,TC1,n_agents,100,behavioral,3
655,327.5,0,0.0,TC1,n_agents,100,behavioral,3
656,328.0,0,0.0,TC1,n_agents,100,behavioral,3
657,328.5,0,0.0,TC1,n_agents,100,behavioral,3
658,329.0,0,0.0,TC1,n_agents,100,behavioral,3
659,329.5,0,0.0,TC1,n_agents,100,behavioral,3
660,330.0,0,0.0,TC1,n_agents,100,behavioral,3
661,330.5,0,0.0,TC1,n_agents,100,behavioral,3
662,331.0,0,0.0,TC1,n_agents,100,behavioral,3
663,331.5,0,0.0,TC1,n_agents,100,behavioral,3
664,332.0,0,0.0,TC1,n_agents,100,behavioral,3
665,332.5,0,0.0,TC1,n_agents,100,behavioral,3
666,333.0,0,0.0,TC1,n_agents,100,behavioral,3
667,333.5,0,0.0,TC1,n_agents,100,behavioral,3
668,334.0,0,0.0,TC1,n_agents,100,behavioral,3
669,334.5,0,0.0,TC1,n_agents,100,behavioral,3
670,335.0,0,0.0,TC1,n_agents,100,behavioral,3
671,335.5,0,0.0,TC1,n_agents,100,behavioral,3
672,336.0,0,0.0,TC1,n_agents,100,behavioral,3
673,336.5,0,0.0,TC1,n_agents,100,behavioral,3
674,337.0,0,0.0,TC1,n_agents,100,behavioral,3
675,337.5,0,0.0,TC1,n_agents,100,behavioral,3
676,338.0,0,0.0,TC1,n_agents,100,behavioral,3
677,338.5,0,0.0,TC1,n_agents,100,behavioral,3
678,339.0,0,0.0,TC1,n_agents,100,behavioral,3
679,339.5,0,0.0,TC1,n_agents,100,behavioral,3
680,340.0,0,0.0,TC1,n_agents,100,behavioral,3
681,340.5,0,0.0,TC1,n_agents,100,behavioral,3
682,341.0,0,0.0,TC1,n_agents,100,behavioral,3
683,341.5,0,0.0,TC1,n_agents,100,behavioral,3
684,342.0,0,0.0,TC1,n_agents,100,behavioral,3
685,342.5,0,0.0,TC1,n_agents,100,behavioral,3
686,343.0,0,0.0,TC1,n_agents,100,behavioral,3
687,343.5,0,0.0,TC1,n_agents,100,behavioral,3
688,344.0,0,0.0,TC1,n_agents,100,behavioral,3
689,344.5,0,0.0,TC1,n_agents,100,behavioral,3
690,345.0,0,0.0,TC1,n_agents,100,behavioral,3
691,345.5,0,0.0,TC1,n_agents,100,behavioral,3
692,346.0,0,0.0,TC1,n_agents,100,behavioral,3
693,346.5,0,0.0,TC1,n_agents,100,behavioral,3
694,347.0,0,0.0,TC1,n_agents,100,behavioral,3
695,347.5,0,0.0,TC1,n_agents,100,behavioral,3
696,348.0,0,0.0,TC1,n_agents,100,behavioral,3
697,348.5,0,0.0,TC1,n_agents,100,behavioral,3
698,349.0,0,0.0,TC1,n_agents,100,behavioral,3
699,349.5,0,0.0,TC1,n_agents,100,behavioral,3
700,350.0,0,0.0,TC1,n_agents,100,behavioral,3
701,350.5,0,0.0,TC1,n_agents,100,behavioral,3
702,351.0,0,0.0,TC1,n_agents,100,behavioral,3
703,351.5,0,0.0,TC1,n_agents,100,behavioral,3
704,352.0,0,0.0,TC1,n_agents,100,behavioral,3
705,352.5,0,0.0,TC1,n_agents,100,behavioral,3
706,353.0,0,0.0,TC1,n_agents,100,behavioral,3
707,353.5,0,0.0,TC1,n_agents,100,behavioral,3
708,354.0,0,0.0,TC1,n_agents,100,behavioral,3
709,354.5,0,0.0,TC1,n_agents,100,behavioral,3
710,355.0,0,0.0,TC1,n_agents,100,behavioral,3
711,355.5,0,0.0,TC1,n_agents,100,behavioral,3
712,356.0,0,0.0,TC1,n_agents,100,behavioral,3
713,356.5,0,0.0,TC1,n_agents,100,behavioral,3
714,357.0,0,0.0,TC1,n_agents,100,behavioral,3
715,357.5,0,0.0,TC1,n_agents,100,behavioral,3
716,358.0,0,0.0,TC1,n_agents,100,behavioral,3
717,358.5,0,0.0,TC1,n_agents,100,behavioral,3
718,359.0,0,0.0,TC1,n_agents,100,behavioral,3
719,359.5,0,0.0,TC1,n_agents,100,behavioral,3
720,360.0,0,0.0,TC1,n_agents,100,behavioral,3
721,360.5,0,0.0,TC1,n_agents,100,behavioral,3
722,361.0,0,0.0,TC1,n_agents,100,behavioral,3
723,361.5,0,0.0,TC1,n_agents,100,behavioral,3
724,362.0,0,0.0,TC1,n_agents,100,behavioral,3
725,362.5,0,0.0,TC1,n_agents,100,behavioral,3
726,363.0,0,0.0,TC1,n_agents,100,behavioral,3
727,363.5,0,0.0,TC1,n_agents,100,behavioral,3
728,364.0,0,0.0,TC1,n_agents,100,behavioral,3
729,364.5,0,0.0,TC1,n_agents,100,behavioral,3
730,365.0,0,0.0,TC1,n_agents,100,behavioral,3
731,365.5,0,0.0,TC1,n_agents,100,behavioral,3
732,366.0,0,0.0,TC1,n_agents,100,behavioral,3
733,366.5,0,0.0,TC1,n_agents,100,behavioral,3
734,367.0,0,0.0,TC1,n_agents,100,behavioral,3
735,367.5,0,0.0,TC1,n_agents,100,behavioral,3
736,368.0,0,0.0,TC1,n_agents,100,behavioral,3
737,368.5,0,0.0,TC1,n_agents,100,behavioral,3
738,369.0,0,0.0,TC1,n_agents,100,behavioral,3
739,369.5,0,0.0,TC1,n_agents,100,behavioral,3
740,370.0,0,0.0,TC1,n_agents,100,behavioral,3
741,370.5,0,0.0,TC1,n_agents,100,behavioral,3
742,371.0,0,0.0,TC1,n_agents,100,behavioral,3
743,371.5,0,0.0,TC1,n_agents,100,behavioral,3
744,372.0,0,0.0,TC1,n_agents,100,behavioral,3
745,372.5,0,0.0,TC1,n_agents,100,behavioral,3
746,373.0,0,0.0,TC1,n_agents,100,behavioral,3
747,373.5,0,0.0,TC1,n_agents,100,behavioral,3
748,374.0,0,0.0,TC1,n_agents,100,behavioral,3
749,374.5,0,0.0,TC1,n_agents,100,behavioral,3
750,375.0,0,0.0,TC1,n_agents,100,behavioral,3
751,375.5,0,0.0,TC1,n_agents,100,behavioral,3
752,376.0,0,0.0,TC1,n_agents,100,behavioral,3
753,376.5,0,0.0,TC1,n_agents,100,behavioral,3
754,377.0,0,0.0,TC1,n_agents,100,behavioral,3
755,377.5,0,0.0,TC1,n_agents,100,behavioral,3
756,378.0,0,0.0,TC1,n_agents,100,behavioral,3
757,378.5,0,0.0,TC1,n_agents,100,behavioral,3
758,379.0,0,0.0,TC1,n_agents,100,behavioral,3
759,379.5,0,0.0,TC1,n_agents,100,behavioral,3
760,380.0,0,0.0,TC1,n_agents,100,behavioral,3
761,380.5,0,0.0,TC1,n_agents,100,behavioral,3
762,381.0,0,0.0,TC1,n_agents,100,behavioral,3
763,381.5,0,0.0,TC1,n_agents,100,behavioral,3
764,382.0,0,0.0,TC1,n_agents,100,behavioral,3
765,382.5,0,0.0,TC1,n_agents,100,behavioral,3
766,383.0,0,0.0,TC1,n_agents,100,behavioral,3
767,383.5,0,0.0,TC1,n_agents,100,behavioral,3
768,384.0,0,0.0,TC1,n_agents,100,behavioral,3
769,384.5,0,0.0,TC1,n_agents,100,behavioral,3
770,385.0,0,0.0,TC1,n_agents,100,behavioral,3
771,385.5,0,0.0,TC1,n_agents,100,behavioral,3
772,386.0,0,0.0,TC1,n_agents,100,behavioral,3
773,386.5,0,0.0,TC1,n_agents,100,behavioral,3
774,387.0,0,0.0,TC1,n_agents,100,behavioral,3
775,387.5,0,0.0,TC1,n_agents,100,behavioral,3
776,388.0,0,0.0,TC1,n_agents,100,behavioral,3
777,388.5,0,0.0,TC1,n_agents,100,behavioral,3
778,389.0,0,0.0,TC1,n_agents,100,behavioral,3
779,389.5,0,0.0,TC1,n_agents,100,behavioral,3
780,390.0,0,0.0,TC1,n_agents,100,behavioral,3
781,390.5,0,0.0,TC1,n_agents,100,behavioral,3
782,391.0,0,0.0,TC1,n_agents,100,behavioral,3
783,391.5,0,0.0,TC1,n_agents,100,behavioral,3
784,392.0,0,0.0,TC1,n_agents,100,behavioral,3
785,392.5,0,0.0,TC1,n_agents,100,behavioral,3
786,393.0,0,0.0,TC1,n_agents,100,behavioral,3
787,393.5,0,0.0,TC1,n_agents,100,behavioral,3
788,394.0,0,0.0,TC1,n_agents,100,behavioral,3
789,394.5,0,0.0,TC1,n_agents,100,behavioral,3
790,395.0,0,0.0,TC1,n_agents,100,behavioral,3
791,395.5,0,0.0,TC1,n_agents,100,behavioral,3
792,396.0,0,0.0,TC1,n_agents,100,behavioral,3
793,396.5,0,0.0,TC1,n_agents,100,behavioral,3
794,397.0,0,0.0,TC1,n_agents,100,behavioral,3
795,397.5,0,0.0,TC1,n_agents,100,behavioral,3
796,398.0,0,0.0,TC1,n_agents,100,behavioral,3
797,398.5,0,0.0,TC1,n_agents,100,behavioral,3
798,399.0,0,0.0,TC1,n_agents,100,behavioral,3
799,399.5,0,0.0,TC1,n_agents,100,behavioral,3
800,400.0,0,0.0,TC1,n_agents,100,behavioral,3
0,0.0,0,0.0,TC1,n_agents,500,behavioral,1
1,0.5,0,0.0,TC1,n_agents,500,behavioral,1
2,1.0,0,0.0,TC1,n_agents,500,behavioral,1
3,1.5,0,0.0,TC1,n_agents,500,behavioral,1
4,2.0,0,0.0,TC1,n_agents,500,behavioral,1
5,2.5,0,0.0,TC1,n_agents,500,behavioral,1
6,3.0,0,0.0,TC1,n_agents,500,behavioral,1
7,3.5,0,0.0,TC1,n_agents,500,behavioral,1
8,4.0,0,0.0,TC1,n_agents,500,behavioral,1
9,4.5,0,0.0,TC1,n_agents,500,behavioral,1
10,5.0,0,0.0,TC1,n_agents,500,behavioral,1
11,5.5,0,0.0,TC1,n_agents,500,behavioral,1
12,6.0,0,0.0,TC1,n_agents,500,behavioral,1
13,6.5,0,0.0,TC1,n_agents,500,behavioral,1
14,7.0,0,0.0,TC1,n_agents,500,behavioral,1
15,7.5,0,0.0,TC1,n_agents,500,behavioral,1
16,8.0,0,0.0,TC1,n_agents,500,behavioral,1
17,8.5,0,0.0,TC1,n_agents,500,behavioral,1
18,9.0,0,0.0,TC1,n_agents,500,behavioral,1
19,9.5,0,0.0,TC1,n_agents,500,behavioral,1
20,10.0,0,0.0,TC1,n_agents,500,behavioral,1
21,10.5,0,0.0,TC1,n_agents,500,behavioral,1
22,11.0,0,0.0,TC1,n_agents,500,behavioral,1
23,11.5,0,0.0,TC1,n_agents,500,behavioral,1
24,12.0,0,0.0,TC1,n_agents,500,behavioral,1
25,12.5,0,0.0,TC1,n_agents,500,behavioral,1
26,13.0,0,0.0,TC1,n_agents,500,behavioral,1
27,13.5,0,0.0,TC1,n_agents,500,behavioral,1
28,14.0,0,0.0,TC1,n_agents,500,behavioral,1
29,14.5,0,0.0,TC1,n_agents,500,behavioral,1
30,15.0,0,0.0,TC1,n_agents,500,behavioral,1
31,15.5,0,0.0,TC1,n_agents,500,behavioral,1
32,16.0,0,0.0,TC1,n_agents,500,behavioral,1
33,16.5,0,0.0,TC1,n_agents,500,behavioral,1
34,17.0,0,0.0,TC1,n_agents,500,behavioral,1
35,17.5,0,0.0,TC1,n_agents,500,behavioral,1
36,18.0,0,0.0,TC1,n_agents,500,behavioral,1
37,18.5,0,0.0,TC1,n_agents,500,behavioral,1
38,19.0,0,0.0,TC1,n_agents,500,behavioral,1
39,19.5,0,0.0,TC1,n_agents,500,behavioral,1
40,20.0,0,0.0,TC1,n_agents,500,behavioral,1
41,20.5,0,0.0,TC1,n_agents,500,behavioral,1
42,21.0,0,0.0,TC1,n_agents,500,behavioral,1
43,21.5,0,0.0,TC1,n_agents,500,behavioral,1
44,22.0,0,0.0,TC1,n_agents,500,behavioral,1
45,22.5,0,0.0,TC1,n_agents,500,behavioral,1
46,23.0,0,0.0,TC1,n_agents,500,behavioral,1
47,23.5,0,0.0,TC1,n_agents,500,behavioral,1
48,24.0,0,0.0,TC1,n_agents,500,behavioral,1
49,24.5,0,0.0,TC1,n_agents,500,behavioral,1
50,25.0,0,0.0,TC1,n_agents,500,behavioral,1
51,25.5,0,0.0,TC1,n_agents,500,behavioral,1
52,26.0,0,0.0,TC1,n_agents,500,behavioral,1
53,26.5,0,0.0,TC1,n_agents,500,behavioral,1
54,27.0,0,0.0,TC1,n_agents,500,behavioral,1
55,27.5,0,0.0,TC1,n_agents,500,behavioral,1
56,28.0,0,0.0,TC1,n_agents,500,behavioral,1
57,28.5,0,0.0,TC1,n_agents,500,behavioral,1
58,29.0,0,0.0,TC1,n_agents,500,behavioral,1
59,29.5,0,0.0,TC1,n_agents,500,behavioral,1
60,30.0,0,0.0,TC1,n_agents,500,behavioral,1
61,30.5,0,0.0,TC1,n_agents,500,behavioral,1
62,31.0,0,0.0,TC1,n_agents,500,behavioral,1
63,31.5,0,0.0,TC1,n_agents,500,behavioral,1
64,32.0,0,0.0,TC1,n_agents,500,behavioral,1
65,32.5,0,0.0,TC1,n_agents,500,behavioral,1
66,33.0,0,0.0,TC1,n_agents,500,behavioral,1
67,33.5,0,0.0,TC1,n_agents,500,behavioral,1
68,34.0,0,0.0,TC1,n_agents,500,behavioral,1
69,34.5,0,0.0,TC1,n_agents,500,behavioral,1
70,35.0,0,0.0,TC1,n_agents,500,behavioral,1
71,35.5,0,0.0,TC1,n_agents,500,behavioral,1
72,36.0,0,0.0,TC1,n_agents,500,behavioral,1
73,36.5,0,0.0,TC1,n_agents,500,behavioral,1
74,37.0,0,0.0,TC1,n_agents,500,behavioral,1
75,37.5,0,0.0,TC1,n_agents,500,behavioral,1
76,38.0,0,0.0,TC1,n_agents,500,behavioral,1
77,38.5,0,0.0,TC1,n_agents,500,behavioral,1
78,39.0,0,0.0,TC1,n_agents,500,behavioral,1
79,39.5,0,0.0,TC1,n_agents,500,behavioral,1
80,40.0,0,0.0,TC1,n_agents,500,behavioral,1
81,40.5,0,0.0,TC1,n_agents,500,behavioral,1
82,41.0,0,0.0,TC1,n_agents,500,behavioral,1
83,41.5,0,0.0,TC1,n_agents,500,behavioral,1
84,42.0,0,0.0,TC1,n_agents,500,behavioral,1
85,42.5,0,0.0,TC1,n_agents,500,behavioral,1
86,43.0,0,0.0,TC1,n_agents,500,behavioral,1
87,43.5,0,0.0,TC1,n_agents,500,behavioral,1
88,44.0,0,0.0,TC1,n_agents,500,behavioral,1
89,44.5,0,0.0,TC1,n_agents,500,behavioral,1
90,45.0,0,0.0,TC1,n_agents,500,behavioral,1
91,45.5,0,0.0,TC1,n_agents,500,behavioral,1
92,46.0,0,0.0,TC1,n_agents,500,behavioral,1
93,46.5,0,0.0,TC1,n_agents,500,behavioral,1
94,47.0,0,0.0,TC1,n_agents,500,behavioral,1
95,47.5,0,0.0,TC1,n_agents,500,behavioral,1
96,48.0,0,0.0,TC1,n_agents,500,behavioral,1
97,48.5,0,0.0,TC1,n_agents,500,behavioral,1
98,49.0,0,0.0,TC1,n_agents,500,behavioral,1
99,49.5,0,0.0,TC1,n_agents,500,behavioral,1
100,50.0,0,0.0,TC1,n_agents,500,behavioral,1
101,50.5,0,0.0,TC1,n_agents,500,behavioral,1
102,51.0,0,0.0,TC1,n_agents,500,behavioral,1
103,51.5,0,0.0,TC1,n_agents,500,behavioral,1
104,52.0,0,0.0,TC1,n_agents,500,behavioral,1
105,52.5,0,0.0,TC1,n_agents,500,behavioral,1
106,53.0,0,0.0,TC1,n_agents,500,behavioral,1
107,53.5,0,0.0,TC1,n_agents,500,behavioral,1
108,54.0,0,0.0,TC1,n_agents,500,behavioral,1
109,54.5,0,0.0,TC1,n_agents,500,behavioral,1
110,55.0,0,0.0,TC1,n_agents,500,behavioral,1
111,55.5,0,0.0,TC1,n_agents,500,behavioral,1
112,56.0,0,0.0,TC1,n_agents,500,behavioral,1
113,56.5,0,0.0,TC1,n_agents,500,behavioral,1
114,57.0,0,0.0,TC1,n_agents,500,behavioral,1
115,57.5,0,0.0,TC1,n_agents,500,behavioral,1
116,58.0,0,0.0,TC1,n_agents,500,behavioral,1
117,58.5,0,0.0,TC1,n_agents,500,behavioral,1
118,59.0,0,0.0,TC1,n_agents,500,behavioral,1
119,59.5,0,0.0,TC1,n_agents,500,behavioral,1
120,60.0,0,0.0,TC1,n_agents,500,behavioral,1
121,60.5,0,0.0,TC1,n_agents,500,behavioral,1
122,61.0,0,0.0,TC1,n_agents,500,behavioral,1
123,61.5,0,0.0,TC1,n_agents,500,behavioral,1
124,62.0,0,0.0,TC1,n_agents,500,behavioral,1
125,62.5,0,0.0,TC1,n_agents,500,behavioral,1
126,63.0,0,0.0,TC1,n_agents,500,behavioral,1
127,63.5,0,0.0,TC1,n_agents,500,behavioral,1
128,64.0,0,0.0,TC1,n_agents,500,behavioral,1
129,64.5,0,0.0,TC1,n_agents,500,behavioral,1
130,65.0,0,0.0,TC1,n_agents,500,behavioral,1
131,65.5,0,0.0,TC1,n_agents,500,behavioral,1
132,66.0,0,0.0,TC1,n_agents,500,behavioral,1
133,66.5,0,0.0,TC1,n_agents,500,behavioral,1
134,67.0,0,0.0,TC1,n_agents,500,behavioral,1
135,67.5,0,0.0,TC1,n_agents,500,behavioral,1
136,68.0,0,0.0,TC1,n_agents,500,behavioral,1
137,68.5,0,0.0,TC1,n_agents,500,behavioral,1
138,69.0,0,0.0,TC1,n_agents,500,behavioral,1
139,69.5,0,0.0,TC1,n_agents,500,behavioral,1
140,70.0,0,0.0,TC1,n_agents,500,behavioral,1
141,70.5,0,0.0,TC1,n_agents,500,behavioral,1
142,71.0,0,0.0,TC1,n_agents,500,behavioral,1
143,71.5,0,0.0,TC1,n_agents,500,behavioral,1
144,72.0,0,0.0,TC1,n_agents,500,behavioral,1
145,72.5,0,0.0,TC1,n_agents,500,behavioral,1
146,73.0,0,0.0,TC1,n_agents,500,behavioral,1
147,73.5,0,0.0,TC1,n_agents,500,behavioral,1
148,74.0,0,0.0,TC1,n_agents,500,behavioral,1
149,74.5,0,0.0,TC1,n_agents,500,behavioral,1
150,75.0,0,0.0,TC1,n_agents,500,behavioral,1
151,75.5,0,0.0,TC1,n_agents,500,behavioral,1
152,76.0,0,0.0,TC1,n_agents,500,behavioral,1
153,76.5,0,0.0,TC1,n_agents,500,behavioral,1
154,77.0,0,0.0,TC1,n_agents,500,behavioral,1
155,77.5,0,0.0,TC1,n_agents,500,behavioral,1
156,78.0,0,0.0,TC1,n_agents,500,behavioral,1
157,78.5,0,0.0,TC1,n_agents,500,behavioral,1
158,79.0,0,0.0,TC1,n_agents,500,behavioral,1
159,79.5,0,0.0,TC1,n_agents,500,behavioral,1
160,80.0,0,0.0,TC1,n_agents,500,behavioral,1
161,80.5,0,0.0,TC1,n_agents,500,behavioral,1
162,81.0,0,0.0,TC1,n_agents,500,behavioral,1
163,81.5,0,0.0,TC1,n_agents,500,behavioral,1
164,82.0,0,0.0,TC1,n_agents,500,behavioral,1
165,82.5,0,0.0,TC1,n_agents,500,behavioral,1
166,83.0,0,0.0,TC1,n_agents,500,behavioral,1
167,83.5,0,0.0,TC1,n_agents,500,behavioral,1
168,84.0,0,0.0,TC1,n_agents,500,behavioral,1
169,84.5,0,0.0,TC1,n_agents,500,behavioral,1
170,85.0,0,0.0,TC1,n_agents,500,behavioral,1
171,85.5,0,0.0,TC1,n_agents,500,behavioral,1
172,86.0,0,0.0,TC1,n_agents,500,behavioral,1
173,86.5,0,0.0,TC1,n_agents,500,behavioral,1
174,87.0,0,0.0,TC1,n_agents,500,behavioral,1
175,87.5,0,0.0,TC1,n_agents,500,behavioral,1
176,88.0,0,0.0,TC1,n_agents,500,behavioral,1
177,88.5,0,0.0,TC1,n_agents,500,behavioral,1
178,89.0,0,0.0,TC1,n_agents,500,behavioral,1
179,89.5,0,0.0,TC1,n_agents,500,behavioral,1
180,90.0,0,0.0,TC1,n_agents,500,behavioral,1
181,90.5,0,0.0,TC1,n_agents,500,behavioral,1
182,91.0,0,0.0,TC1,n_agents,500,behavioral,1
183,91.5,0,0.0,TC1,n_agents,500,behavioral,1
184,92.0,0,0.0,TC1,n_agents,500,behavioral,1
185,92.5,0,0.0,TC1,n_agents,500,behavioral,1
186,93.0,0,0.0,TC1,n_agents,500,behavioral,1
187,93.5,0,0.0,TC1,n_agents,500,behavioral,1
188,94.0,0,0.0,TC1,n_agents,500,behavioral,1
189,94.5,0,0.0,TC1,n_agents,500,behavioral,1
190,95.0,0,0.0,TC1,n_agents,500,behavioral,1
191,95.5,0,0.0,TC1,n_agents,500,behavioral,1
192,96.0,0,0.0,TC1,n_agents,500,behavioral,1
193,96.5,0,0.0,TC1,n_agents,500,behavioral,1
194,97.0,0,0.0,TC1,n_agents,500,behavioral,1
195,97.5,0,0.0,TC1,n_agents,500,behavioral,1
196,98.0,0,0.0,TC1,n_agents,500,behavioral,1
197,98.5,0,0.0,TC1,n_agents,500,behavioral,1
198,99.0,0,0.0,TC1,n_agents,500,behavioral,1
199,99.5,0,0.0,TC1,n_agents,500,behavioral,1
200,100.0,0,0.0,TC1,n_agents,500,behavioral,1
201,100.5,0,0.0,TC1,n_agents,500,behavioral,1
202,101.0,0,0.0,TC1,n_agents,500,behavioral,1
203,101.5,0,0.0,TC1,n_agents,500,behavioral,1
204,102.0,0,0.0,TC1,n_agents,500,behavioral,1
205,102.5,0,0.0,TC1,n_agents,500,behavioral,1
206,103.0,0,0.0,TC1,n_agents,500,behavioral,1
207,103.5,0,0.0,TC1,n_agents,500,behavioral,1
208,104.0,0,0.0,TC1,n_agents,500,behavioral,1
209,104.5,0,0.0,TC1,n_agents,500,behavioral,1
210,105.0,0,0.0,TC1,n_agents,500,behavioral,1
211,105.5,0,0.0,TC1,n_agents,500,behavioral,1
212,106.0,0,0.0,TC1,n_agents,500,behavioral,1
213,106.5,0,0.0,TC1,n_agents,500,behavioral,1
214,107.0,0,0.0,TC1,n_agents,500,behavioral,1
215,107.5,0,0.0,TC1,n_agents,500,behavioral,1
216,108.0,0,0.0,TC1,n_agents,500,behavioral,1
217,108.5,0,0.0,TC1,n_agents,500,behavioral,1
218,109.0,0,0.0,TC1,n_agents,500,behavioral,1
219,109.5,0,0.0,TC1,n_agents,500,behavioral,1
220,110.0,0,0.0,TC1,n_agents,500,behavioral,1
221,110.5,0,0.0,TC1,n_agents,500,behavioral,1
222,111.0,0,0.0,TC1,n_agents,500,behavioral,1
223,111.5,0,0.0,TC1,n_agents,500,behavioral,1
224,112.0,0,0.0,TC1,n_agents,500,behavioral,1
225,112.5,0,0.0,TC1,n_agents,500,behavioral,1
226,113.0,0,0.0,TC1,n_agents,500,behavioral,1
227,113.5,0,0.0,TC1,n_agents,500,behavioral,1
228,114.0,0,0.0,TC1,n_agents,500,behavioral,1
229,114.5,0,0.0,TC1,n_agents,500,behavioral,1
230,115.0,0,0.0,TC1,n_agents,500,behavioral,1
231,115.5,0,0.0,TC1,n_agents,500,behavioral,1
232,116.0,0,0.0,TC1,n_agents,500,behavioral,1
233,116.5,0,0.0,TC1,n_agents,500,behavioral,1
234,117.0,0,0.0,TC1,n_agents,500,behavioral,1
235,117.5,0,0.0,TC1,n_agents,500,behavioral,1
236,118.0,0,0.0,TC1,n_agents,500,behavioral,1
237,118.5,0,0.0,TC1,n_agents,500,behavioral,1
238,119.0,0,0.0,TC1,n_agents,500,behavioral,1
239,119.5,0,0.0,TC1,n_agents,500,behavioral,1
240,120.0,0,0.0,TC1,n_agents,500,behavioral,1
241,120.5,0,0.0,TC1,n_agents,500,behavioral,1
242,121.0,0,0.0,TC1,n_agents,500,behavioral,1
243,121.5,0,0.0,TC1,n_agents,500,behavioral,1
244,122.0,0,0.0,TC1,n_agents,500,behavioral,1
245,122.5,0,0.0,TC1,n_agents,500,behavioral,1
246,123.0,0,0.0,TC1,n_agents,500,behavioral,1
247,123.5,0,0.0,TC1,n_agents,500,behavioral,1
248,124.0,0,0.0,TC1,n_agents,500,behavioral,1
249,124.5,0,0.0,TC1,n_agents,500,behavioral,1
250,125.0,0,0.0,TC1,n_agents,500,behavioral,1
251,125.5,0,0.0,TC1,n_agents,500,behavioral,1
252,126.0,0,0.0,TC1,n_agents,500,behavioral,1
253,126.5,0,0.0,TC1,n_agents,500,behavioral,1
254,127.0,0,0.0,TC1,n_agents,500,behavioral,1
255,127.5,0,0.0,TC1,n_agents,500,behavioral,1
256,128.0,0,0.0,TC1,n_agents,500,behavioral,1
257,128.5,0,0.0,TC1,n_agents,500,behavioral,1
258,129.0,0,0.0,TC1,n_agents,500,behavioral,1
259,129.5,0,0.0,TC1,n_agents,500,behavioral,1
260,130.0,0,0.0,TC1,n_agents,500,behavioral,1
261,130.5,0,0.0,TC1,n_agents,500,behavioral,1
262,131.0,0,0.0,TC1,n_agents,500,behavioral,1
263,131.5,0,0.0,TC1,n_agents,500,behavioral,1
264,132.0,0,0.0,TC1,n_agents,500,behavioral,1
265,132.5,0,0.0,TC1,n_agents,500,behavioral,1
266,133.0,0,0.0,TC1,n_agents,500,behavioral,1
267,133.5,0,0.0,TC1,n_agents,500,behavioral,1
268,134.0,0,0.0,TC1,n_agents,500,behavioral,1
269,134.5,0,0.0,TC1,n_agents,500,behavioral,1
270,135.0,0,0.0,TC1,n_agents,500,behavioral,1
271,135.5,0,0.0,TC1,n_agents,500,behavioral,1
272,136.0,0,0.0,TC1,n_agents,500,behavioral,1
273,136.5,0,0.0,TC1,n_agents,500,behavioral,1
274,137.0,0,0.0,TC1,n_agents,500,behavioral,1
275,137.5,0,0.0,TC1,n_agents,500,behavioral,1
276,138.0,0,0.0,TC1,n_agents,500,behavioral,1
277,138.5,0,0.0,TC1,n_agents,500,behavioral,1
278,139.0,0,0.0,TC1,n_agents,500,behavioral,1
279,139.5,0,0.0,TC1,n_agents,500,behavioral,1
280,140.0,0,0.0,TC1,n_agents,500,behavioral,1
281,140.5,0,0.0,TC1,n_agents,500,behavioral,1
282,141.0,0,0.0,TC1,n_agents,500,behavioral,1
283,141.5,0,0.0,TC1,n_agents,500,behavioral,1
284,142.0,0,0.0,TC1,n_agents,500,behavioral,1
285,142.5,0,0.0,TC1,n_agents,500,behavioral,1
286,143.0,0,0.0,TC1,n_agents,500,behavioral,1
287,143.5,0,0.0,TC1,n_agents,500,behavioral,1
288,144.0,0,0.0,TC1,n_agents,500,behavioral,1
289,144.5,0,0.0,TC1,n_agents,500,behavioral,1
290,145.0,0,0.0,TC1,n_agents,500,behavioral,1
291,145.5,0,0.0,TC1,n_agents,500,behavioral,1
292,146.0,0,0.0,TC1,n_agents,500,behavioral,1
293,146.5,0,0.0,TC1,n_agents,500,behavioral,1
294,147.0,0,0.0,TC1,n_agents,500,behavioral,1
295,147.5,0,0.0,TC1,n_agents,500,behavioral,1
296,148.0,0,0.0,TC1,n_agents,500,behavioral,1
297,148.5,0,0.0,TC1,n_agents,500,behavioral,1
298,149.0,0,0.0,TC1,n_agents,500,behavioral,1
299,149.5,0,0.0,TC1,n_agents,500,behavioral,1
300,150.0,0,0.0,TC1,n_agents,500,behavioral,1
301,150.5,0,0.0,TC1,n_agents,500,behavioral,1
302,151.0,0,0.0,TC1,n_agents,500,behavioral,1
303,151.5,0,0.0,TC1,n_agents,500,behavioral,1
304,152.0,0,0.0,TC1,n_agents,500,behavioral,1
305,152.5,0,0.0,TC1,n_agents,500,behavioral,1
306,153.0,0,0.0,TC1,n_agents,500,behavioral,1
307,153.5,0,0.0,TC1,n_agents,500,behavioral,1
308,154.0,0,0.0,TC1,n_agents,500,behavioral,1
309,154.5,0,0.0,TC1,n_agents,500,behavioral,1
310,155.0,0,0.0,TC1,n_agents,500,behavioral,1
311,155.5,0,0.0,TC1,n_agents,500,behavioral,1
312,156.0,0,0.0,TC1,n_agents,500,behavioral,1
313,156.5,0,0.0,TC1,n_agents,500,behavioral,1
314,157.0,0,0.0,TC1,n_agents,500,behavioral,1
315,157.5,0,0.0,TC1,n_agents,500,behavioral,1
316,158.0,0,0.0,TC1,n_agents,500,behavioral,1
317,158.5,0,0.0,TC1,n_agents,500,behavioral,1
318,159.0,0,0.0,TC1,n_agents,500,behavioral,1
319,159.5,0,0.0,TC1,n_agents,500,behavioral,1
320,160.0,0,0.0,TC1,n_agents,500,behavioral,1
321,160.5,0,0.0,TC1,n_agents,500,behavioral,1
322,161.0,0,0.0,TC1,n_agents,500,behavioral,1
323,161.5,0,0.0,TC1,n_agents,500,behavioral,1
324,162.0,0,0.0,TC1,n_agents,500,behavioral,1
325,162.5,0,0.0,TC1,n_agents,500,behavioral,1
326,163.0,0,0.0,TC1,n_agents,500,behavioral,1
327,163.5,0,0.0,TC1,n_agents,500,behavioral,1
328,164.0,0,0.0,TC1,n_agents,500,behavioral,1
329,164.5,0,0.0,TC1,n_agents,500,behavioral,1
330,165.0,0,0.0,TC1,n_agents,500,behavioral,1
331,165.5,0,0.0,TC1,n_agents,500,behavioral,1
332,166.0,0,0.0,TC1,n_agents,500,behavioral,1
333,166.5,0,0.0,TC1,n_agents,500,behavioral,1
334,167.0,0,0.0,TC1,n_agents,500,behavioral,1
335,167.5,0,0.0,TC1,n_agents,500,behavioral,1
336,168.0,0,0.0,TC1,n_agents,500,behavioral,1
337,168.5,0,0.0,TC1,n_agents,500,behavioral,1
338,169.0,0,0.0,TC1,n_agents,500,behavioral,1
339,169.5,0,0.0,TC1,n_agents,500,behavioral,1
340,170.0,0,0.0,TC1,n_agents,500,behavioral,1
341,170.5,0,0.0,TC1,n_agents,500,behavioral,1
342,171.0,0,0.0,TC1,n_agents,500,behavioral,1
343,171.5,0,0.0,TC1,n_agents,500,behavioral,1
344,172.0,0,0.0,TC1,n_agents,500,behavioral,1
345,172.5,0,0.0,TC1,n_agents,500,behavioral,1
346,173.0,0,0.0,TC1,n_agents,500,behavioral,1
347,173.5,0,0.0,TC1,n_agents,500,behavioral,1
348,174.0,0,0.0,TC1,n_agents,500,behavioral,1
349,174.5,0,0.0,TC1,n_agents,500,behavioral,1
350,175.0,0,0.0,TC1,n_agents,500,behavioral,1
351,175.5,0,0.0,TC1,n_agents,500,behavioral,1
352,176.0,0,0.0,TC1,n_agents,500,behavioral,1
353,176.5,0,0.0,TC1,n_agents,500,behavioral,1
354,177.0,0,0.0,TC1,n_agents,500,behavioral,1
355,177.5,0,0.0,TC1,n_agents,500,behavioral,1
356,178.0,0,0.0,TC1,n_agents,500,behavioral,1
357,178.5,0,0.0,TC1,n_agents,500,behavioral,1
358,179.0,0,0.0,TC1,n_agents,500,behavioral,1
359,179.5,0,0.0,TC1,n_agents,500,behavioral,1
360,180.0,0,0.0,TC1,n_agents,500,behavioral,1
361,180.5,0,0.0,TC1,n_agents,500,behavioral,1
362,181.0,0,0.0,TC1,n_agents,500,behavioral,1
363,181.5,0,0.0,TC1,n_agents,500,behavioral,1
364,182.0,0,0.0,TC1,n_agents,500,behavioral,1
365,182.5,0,0.0,TC1,n_agents,500,behavioral,1
366,183.0,0,0.0,TC1,n_agents,500,behavioral,1
367,183.5,0,0.0,TC1,n_agents,500,behavioral,1
368,184.0,0,0.0,TC1,n_agents,500,behavioral,1
369,184.5,0,0.0,TC1,n_agents,500,behavioral,1
370,185.0,0,0.0,TC1,n_agents,500,behavioral,1
371,185.5,0,0.0,TC1,n_agents,500,behavioral,1
372,186.0,0,0.0,TC1,n_agents,500,behavioral,1
373,186.5,0,0.0,TC1,n_agents,500,behavioral,1
374,187.0,0,0.0,TC1,n_agents,500,behavioral,1
375,187.5,0,0.0,TC1,n_agents,500,behavioral,1
376,188.0,0,0.0,TC1,n_agents,500,behavioral,1
377,188.5,0,0.0,TC1,n_agents,500,behavioral,1
378,189.0,0,0.0,TC1,n_agents,500,behavioral,1
379,189.5,0,0.0,TC1,n_agents,500,behavioral,1
380,190.0,0,0.0,TC1,n_agents,500,behavioral,1
381,190.5,0,0.0,TC1,n_agents,500,behavioral,1
382,191.0,0,0.0,TC1,n_agents,500,behavioral,1
383,191.5,0,0.0,TC1,n_agents,500,behavioral,1
384,192.0,0,0.0,TC1,n_agents,500,behavioral,1
385,192.5,0,0.0,TC1,n_agents,500,behavioral,1
386,193.0,0,0.0,TC1,n_agents,500,behavioral,1
387,193.5,0,0.0,TC1,n_agents,500,behavioral,1
388,194.0,0,0.0,TC1,n_agents,500,behavioral,1
389,194.5,0,0.0,TC1,n_agents,500,behavioral,1
390,195.0,0,0.0,TC1,n_agents,500,behavioral,1
391,195.5,0,0.0,TC1,n_agents,500,behavioral,1
392,196.0,0,0.0,TC1,n_agents,500,behavioral,1
393,196.5,0,0.0,TC1,n_agents,500,behavioral,1
394,197.0,0,0.0,TC1,n_agents,500,behavioral,1
395,197.5,0,0.0,TC1,n_agents,500,behavioral,1
396,198.0,0,0.0,TC1,n_agents,500,behavioral,1
397,198.5,0,0.0,TC1,n_agents,500,behavioral,1
398,199.0,0,0.0,TC1,n_agents,500,behavioral,1
399,199.5,0,0.0,TC1,n_agents,500,behavioral,1
400,200.0,0,0.0,TC1,n_agents,500,behavioral,1
401,200.5,0,0.0,TC1,n_agents,500,behavioral,1
402,201.0,0,0.0,TC1,n_agents,500,behavioral,1
403,201.5,0,0.0,TC1,n_agents,500,behavioral,1
404,202.0,0,0.0,TC1,n_agents,500,behavioral,1
405,202.5,0,0.0,TC1,n_agents,500,behavioral,1
406,203.0,0,0.0,TC1,n_agents,500,behavioral,1
407,203.5,0,0.0,TC1,n_agents,500,behavioral,1
408,204.0,0,0.0,TC1,n_agents,500,behavioral,1
409,204.5,0,0.0,TC1,n_agents,500,behavioral,1
410,205.0,0,0.0,TC1,n_agents,500,behavioral,1
411,205.5,0,0.0,TC1,n_agents,500,behavioral,1
412,206.0,0,0.0,TC1,n_agents,500,behavioral,1
413,206.5,0,0.0,TC1,n_agents,500,behavioral,1
414,207.0,0,0.0,TC1,n_agents,500,behavioral,1
415,207.5,0,0.0,TC1,n_agents,500,behavioral,1
416,208.0,0,0.0,TC1,n_agents,500,behavioral,1
417,208.5,0,0.0,TC1,n_agents,500,behavioral,1
418,209.0,0,0.0,TC1,n_agents,500,behavioral,1
419,209.5,0,0.0,TC1,n_agents,500,behavioral,1
420,210.0,0,0.0,TC1,n_agents,500,behavioral,1
421,210.5,0,0.0,TC1,n_agents,500,behavioral,1
422,211.0,0,0.0,TC1,n_agents,500,behavioral,1
423,211.5,0,0.0,TC1,n_agents,500,behavioral,1
424,212.0,0,0.0,TC1,n_agents,500,behavioral,1
425,212.5,0,0.0,TC1,n_agents,500,behavioral,1
426,213.0,0,0.0,TC1,n_agents,500,behavioral,1
427,213.5,0,0.0,TC1,n_agents,500,behavioral,1
428,214.0,0,0.0,TC1,n_agents,500,behavioral,1
429,214.5,0,0.0,TC1,n_agents,500,behavioral,1
430,215.0,0,0.0,TC1,n_agents,500,behavioral,1
431,215.5,0,0.0,TC1,n_agents,500,behavioral,1
432,216.0,0,0.0,TC1,n_agents,500,behavioral,1
433,216.5,0,0.0,TC1,n_agents,500,behavioral,1
434,217.0,0,0.0,TC1,n_agents,500,behavioral,1
435,217.5,0,0.0,TC1,n_agents,500,behavioral,1
436,218.0,0,0.0,TC1,n_agents,500,behavioral,1
437,218.5,0,0.0,TC1,n_agents,500,behavioral,1
438,219.0,0,0.0,TC1,n_agents,500,behavioral,1
439,219.5,0,0.0,TC1,n_agents,500,behavioral,1
440,220.0,0,0.0,TC1,n_agents,500,behavioral,1
441,220.5,0,0.0,TC1,n_agents,500,behavioral,1
442,221.0,0,0.0,TC1,n_agents,500,behavioral,1
443,221.5,0,0.0,TC1,n_agents,500,behavioral,1
444,222.0,0,0.0,TC1,n_agents,500,behavioral,1
445,222.5,0,0.0,TC1,n_agents,500,behavioral,1
446,223.0,0,0.0,TC1,n_agents,500,behavioral,1
447,223.5,0,0.0,TC1,n_agents,500,behavioral,1
448,224.0,0,0.0,TC1,n_agents,500,behavioral,1
449,224.5,0,0.0,TC1,n_agents,500,behavioral,1
450,225.0,0,0.0,TC1,n_agents,500,behavioral,1
451,225.5,0,0.0,TC1,n_agents,500,behavioral,1
452,226.0,0,0.0,TC1,n_agents,500,behavioral,1
453,226.5,0,0.0,TC1,n_agents,500,behavioral,1
454,227.0,0,0.0,TC1,n_agents,500,behavioral,1
455,227.5,0,0.0,TC1,n_agents,500,behavioral,1
456,228.0,0,0.0,TC1,n_agents,500,behavioral,1
457,228.5,0,0.0,TC1,n_agents,500,behavioral,1
458,229.0,0,0.0,TC1,n_agents,500,behavioral,1
459,229.5,0,0.0,TC1,n_agents,500,behavioral,1
460,230.0,0,0.0,TC1,n_agents,500,behavioral,1
461,230.5,0,0.0,TC1,n_agents,500,behavioral,1
462,231.0,0,0.0,TC1,n_agents,500,behavioral,1
463,231.5,0,0.0,TC1,n_agents,500,behavioral,1
464,232.0,0,0.0,TC1,n_agents,500,behavioral,1
465,232.5,0,0.0,TC1,n_agents,500,behavioral,1
466,233.0,0,0.0,TC1,n_agents,500,behavioral,1
467,233.5,0,0.0,TC1,n_agents,500,behavioral,1
468,234.0,0,0.0,TC1,n_agents,500,behavioral,1
469,234.5,0,0.0,TC1,n_agents,500,behavioral,1
470,235.0,0,0.0,TC1,n_agents,500,behavioral,1
471,235.5,0,0.0,TC1,n_agents,500,behavioral,1
472,236.0,0,0.0,TC1,n_agents,500,behavioral,1
473,236.5,0,0.0,TC1,n_agents,500,behavioral,1
474,237.0,0,0.0,TC1,n_agents,500,behavioral,1
475,237.5,0,0.0,TC1,n_agents,500,behavioral,1
476,238.0,0,0.0,TC1,n_agents,500,behavioral,1
477,238.5,0,0.0,TC1,n_agents,500,behavioral,1
478,239.0,0,0.0,TC1,n_agents,500,behavioral,1
479,239.5,0,0.0,TC1,n_agents,500,behavioral,1
480,240.0,0,0.0,TC1,n_agents,500,behavioral,1
481,240.5,0,0.0,TC1,n_agents,500,behavioral,1
482,241.0,0,0.0,TC1,n_agents,500,behavioral,1
483,241.5,0,0.0,TC1,n_agents,500,behavioral,1
484,242.0,0,0.0,TC1,n_agents,500,behavioral,1
485,242.5,0,0.0,TC1,n_agents,500,behavioral,1
486,243.0,0,0.0,TC1,n_agents,500,behavioral,1
487,243.5,0,0.0,TC1,n_agents,500,behavioral,1
488,244.0,0,0.0,TC1,n_agents,500,behavioral,1
489,244.5,0,0.0,TC1,n_agents,500,behavioral,1
490,245.0,0,0.0,TC1,n_agents,500,behavioral,1
491,245.5,0,0.0,TC1,n_agents,500,behavioral,1
492,246.0,0,0.0,TC1,n_agents,500,behavioral,1
493,246.5,0,0.0,TC1,n_agents,500,behavioral,1
494,247.0,0,0.0,TC1,n_agents,500,behavioral,1
495,247.5,0,0.0,TC1,n_agents,500,behavioral,1
496,248.0,0,0.0,TC1,n_agents,500,behavioral,1
497,248.5,0,0.0,TC1,n_agents,500,behavioral,1
498,249.0,0,0.0,TC1,n_agents,500,behavioral,1
499,249.5,0,0.0,TC1,n_agents,500,behavioral,1
500,250.0,0,0.0,TC1,n_agents,500,behavioral,1
501,250.5,0,0.0,TC1,n_agents,500,behavioral,1
502,251.0,0,0.0,TC1,n_agents,500,behavioral,1
503,251.5,0,0.0,TC1,n_agents,500,behavioral,1
504,252.0,0,0.0,TC1,n_agents,500,behavioral,1
505,252.5,0,0.0,TC1,n_agents,500,behavioral,1
506,253.0,0,0.0,TC1,n_agents,500,behavioral,1
507,253.5,0,0.0,TC1,n_agents,500,behavioral,1
508,254.0,0,0.0,TC1,n_agents,500,behavioral,1
509,254.5,0,0.0,TC1,n_agents,500,behavioral,1
510,255.0,0,0.0,TC1,n_agents,500,behavioral,1
511,255.5,0,0.0,TC1,n_agents,500,behavioral,1
512,256.0,0,0.0,TC1,n_agents,500,behavioral,1
513,256.5,0,0.0,TC1,n_agents,500,behavioral,1
514,257.0,0,0.0,TC1,n_agents,500,behavioral,1
515,257.5,0,0.0,TC1,n_agents,500,behavioral,1
516,258.0,0,0.0,TC1,n_agents,500,behavioral,1
517,258.5,0,0.0,TC1,n_agents,500,behavioral,1
518,259.0,0,0.0,TC1,n_agents,500,behavioral,1
519,259.5,0,0.0,TC1,n_agents,500,behavioral,1
520,260.0,0,0.0,TC1,n_agents,500,behavioral,1
521,260.5,0,0.0,TC1,n_agents,500,behavioral,1
522,261.0,0,0.0,TC1,n_agents,500,behavioral,1
523,261.5,0,0.0,TC1,n_agents,500,behavioral,1
524,262.0,0,0.0,TC1,n_agents,500,behavioral,1
525,262.5,0,0.0,TC1,n_agents,500,behavioral,1
526,263.0,0,0.0,TC1,n_agents,500,behavioral,1
527,263.5,0,0.0,TC1,n_agents,500,behavioral,1
528,264.0,0,0.0,TC1,n_agents,500,behavioral,1
529,264.5,0,0.0,TC1,n_agents,500,behavioral,1
530,265.0,0,0.0,TC1,n_agents,500,behavioral,1
531,265.5,0,0.0,TC1,n_agents,500,behavioral,1
532,266.0,0,0.0,TC1,n_agents,500,behavioral,1
533,266.5,0,0.0,TC1,n_agents,500,behavioral,1
534,267.0,0,0.0,TC1,n_agents,500,behavioral,1
535,267.5,0,0.0,TC1,n_agents,500,behavioral,1
536,268.0,0,0.0,TC1,n_agents,500,behavioral,1
537,268.5,0,0.0,TC1,n_agents,500,behavioral,1
538,269.0,0,0.0,TC1,n_agents,500,behavioral,1
539,269.5,0,0.0,TC1,n_agents,500,behavioral,1
540,270.0,0,0.0,TC1,n_agents,500,behavioral,1
541,270.5,0,0.0,TC1,n_agents,500,behavioral,1
542,271.0,0,0.0,TC1,n_agents,500,behavioral,1
543,271.5,0,0.0,TC1,n_agents,500,behavioral,1
544,272.0,0,0.0,TC1,n_agents,500,behavioral,1
545,272.5,0,0.0,TC1,n_agents,500,behavioral,1
546,273.0,0,0.0,TC1,n_agents,500,behavioral,1
547,273.5,0,0.0,TC1,n_agents,500,behavioral,1
548,274.0,0,0.0,TC1,n_agents,500,behavioral,1
549,274.5,0,0.0,TC1,n_agents,500,behavioral,1
550,275.0,0,0.0,TC1,n_agents,500,behavioral,1
551,275.5,0,0.0,TC1,n_agents,500,behavioral,1
552,276.0,0,0.0,TC1,n_agents,500,behavioral,1
553,276.5,0,0.0,TC1,n_agents,500,behavioral,1
554,277.0,0,0.0,TC1,n_agents,500,behavioral,1
555,277.5,0,0.0,TC1,n_agents,500,behavioral,1
556,278.0,0,0.0,TC1,n_agents,500,behavioral,1
557,278.5,0,0.0,TC1,n_agents,500,behavioral,1
558,279.0,0,0.0,TC1,n_agents,500,behavioral,1
559,279.5,0,0.0,TC1,n_agents,500,behavioral,1
560,280.0,0,0.0,TC1,n_agents,500,behavioral,1
561,280.5,0,0.0,TC1,n_agents,500,behavioral,1
562,281.0,0,0.0,TC1,n_agents,500,behavioral,1
563,281.5,0,0.0,TC1,n_agents,500,behavioral,1
564,282.0,0,0.0,TC1,n_agents,500,behavioral,1
565,282.5,0,0.0,TC1,n_agents,500,behavioral,1
566,283.0,0,0.0,TC1,n_agents,500,behavioral,1
567,283.5,0,0.0,TC1,n_agents,500,behavioral,1
568,284.0,0,0.0,TC1,n_agents,500,behavioral,1
569,284.5,0,0.0,TC1,n_agents,500,behavioral,1
570,285.0,0,0.0,TC1,n_agents,500,behavioral,1
571,285.5,0,0.0,TC1,n_agents,500,behavioral,1
572,286.0,0,0.0,TC1,n_agents,500,behavioral,1
573,286.5,0,0.0,TC1,n_agents,500,behavioral,1
574,287.0,0,0.0,TC1,n_agents,500,behavioral,1
575,287.5,0,0.0,TC1,n_agents,500,behavioral,1
576,288.0,0,0.0,TC1,n_agents,500,behavioral,1
577,288.5,0,0.0,TC1,n_agents,500,behavioral,1
578,289.0,0,0.0,TC1,n_agents,500,behavioral,1
579,289.5,0,0.0,TC1,n_agents,500,behavioral,1
580,290.0,0,0.0,TC1,n_agents,500,behavioral,1
581,290.5,0,0.0,TC1,n_agents,500,behavioral,1
582,291.0,0,0.0,TC1,n_agents,500,behavioral,1
583,291.5,0,0.0,TC1,n_agents,500,behavioral,1
584,292.0,0,0.0,TC1,n_agents,500,behavioral,1
585,292.5,0,0.0,TC1,n_agents,500,behavioral,1
586,293.0,0,0.0,TC1,n_agents,500,behavioral,1
587,293.5,0,0.0,TC1,n_agents,500,behavioral,1
588,294.0,0,0.0,TC1,n_agents,500,behavioral,1
589,294.5,0,0.0,TC1,n_agents,500,behavioral,1
590,295.0,0,0.0,TC1,n_agents,500,behavioral,1
591,295.5,0,0.0,TC1,n_agents,500,behavioral,1
592,296.0,0,0.0,TC1,n_agents,500,behavioral,1
593,296.5,0,0.0,TC1,n_agents,500,behavioral,1
594,297.0,0,0.0,TC1,n_agents,500,behavioral,1
595,297.5,0,0.0,TC1,n_agents,500,behavioral,1
596,298.0,0,0.0,TC1,n_agents,500,behavioral,1
597,298.5,0,0.0,TC1,n_agents,500,behavioral,1
598,299.0,0,0.0,TC1,n_agents,500,behavioral,1
599,299.5,0,0.0,TC1,n_agents,500,behavioral,1
600,300.0,0,0.0,TC1,n_agents,500,behavioral,1
601,300.5,0,0.0,TC1,n_agents,500,behavioral,1
602,301.0,0,0.0,TC1,n_agents,500,behavioral,1
603,301.5,0,0.0,TC1,n_agents,500,behavioral,1
604,302.0,0,0.0,TC1,n_agents,500,behavioral,1
605,302.5,0,0.0,TC1,n_agents,500,behavioral,1
606,303.0,0,0.0,TC1,n_agents,500,behavioral,1
607,303.5,0,0.0,TC1,n_agents,500,behavioral,1
608,304.0,0,0.0,TC1,n_agents,500,behavioral,1
609,304.5,0,0.0,TC1,n_agents,500,behavioral,1
610,305.0,0,0.0,TC1,n_agents,500,behavioral,1
611,305.5,0,0.0,TC1,n_agents,500,behavioral,1
612,306.0,0,0.0,TC1,n_agents,500,behavioral,1
613,306.5,0,0.0,TC1,n_agents,500,behavioral,1
614,307.0,0,0.0,TC1,n_agents,500,behavioral,1
615,307.5,0,0.0,TC1,n_agents,500,behavioral,1
616,308.0,0,0.0,TC1,n_agents,500,behavioral,1
617,308.5,0,0.0,TC1,n_agents,500,behavioral,1
618,309.0,0,0.0,TC1,n_agents,500,behavioral,1
619,309.5,0,0.0,TC1,n_agents,500,behavioral,1
620,310.0,0,0.0,TC1,n_agents,500,behavioral,1
621,310.5,0,0.0,TC1,n_agents,500,behavioral,1
622,311.0,0,0.0,TC1,n_agents,500,behavioral,1
623,311.5,0,0.0,TC1,n_agents,500,behavioral,1
624,312.0,0,0.0,TC1,n_agents,500,behavioral,1
625,312.5,0,0.0,TC1,n_agents,500,behavioral,1
626,313.0,0,0.0,TC1,n_agents,500,behavioral,1
627,313.5,0,0.0,TC1,n_agents,500,behavioral,1
628,314.0,0,0.0,TC1,n_agents,500,behavioral,1
629,314.5,0,0.0,TC1,n_agents,500,behavioral,1
630,315.0,0,0.0,TC1,n_agents,500,behavioral,1
631,315.5,0,0.0,TC1,n_agents,500,behavioral,1
632,316.0,0,0.0,TC1,n_agents,500,behavioral,1
633,316.5,0,0.0,TC1,n_agents,500,behavioral,1
634,317.0,0,0.0,TC1,n_agents,500,behavioral,1
635,317.5,0,0.0,TC1,n_agents,500,behavioral,1
636,318.0,0,0.0,TC1,n_agents,500,behavioral,1
637,318.5,0,0.0,TC1,n_agents,500,behavioral,1
638,319.0,0,0.0,TC1,n_agents,500,behavioral,1
639,319.5,0,0.0,TC1,n_agents,500,behavioral,1
640,320.0,0,0.0,TC1,n_agents,500,behavioral,1
641,320.5,0,0.0,TC1,n_agents,500,behavioral,1
642,321.0,0,0.0,TC1,n_agents,500,behavioral,1
643,321.5,0,0.0,TC1,n_agents,500,behavioral,1
644,322.0,0,0.0,TC1,n_agents,500,behavioral,1
645,322.5,0,0.0,TC1,n_agents,500,behavioral,1
646,323.0,0,0.0,TC1,n_agents,500,behavioral,1
647,323.5,0,0.0,TC1,n_agents,500,behavioral,1
648,324.0,0,0.0,TC1,n_agents,500,behavioral,1
649,324.5,0,0.0,TC1,n_agents,500,behavioral,1
650,325.0,0,0.0,TC1,n_agents,500,behavioral,1
651,325.5,0,0.0,TC1,n_agents,500,behavioral,1
652,326.0,0,0.0,TC1,n_agents,500,behavioral,1
653,326.5,0,0.0,TC1,n_agents,500,behavioral,1
654,327.0,0,0.0,TC1,n_agents,500,behavioral,1
655,327.5,0,0.0,TC1,n_agents,500,behavioral,1
656,328.0,0,0.0,TC1,n_agents,500,behavioral,1
657,328.5,0,0.0,TC1,n_agents,500,behavioral,1
658,329.0,0,0.0,TC1,n_agents,500,behavioral,1
659,329.5,0,0.0,TC1,n_agents,500,behavioral,1
660,330.0,0,0.0,TC1,n_agents,500,behavioral,1
661,330.5,0,0.0,TC1,n_agents,500,behavioral,1
662,331.0,0,0.0,TC1,n_agents,500,behavioral,1
663,331.5,0,0.0,TC1,n_agents,500,behavioral,1
664,332.0,0,0.0,TC1,n_agents,500,behavioral,1
665,332.5,0,0.0,TC1,n_agents,500,behavioral,1
666,333.0,0,0.0,TC1,n_agents,500,behavioral,1
667,333.5,0,0.0,TC1,n_agents,500,behavioral,1
668,334.0,0,0.0,TC1,n_agents,500,behavioral,1
669,334.5,0,0.0,TC1,n_agents,500,behavioral,1
670,335.0,0,0.0,TC1,n_agents,500,behavioral,1
671,335.5,0,0.0,TC1,n_agents,500,behavioral,1
672,336.0,0,0.0,TC1,n_agents,500,behavioral,1
673,336.5,0,0.0,TC1,n_agents,500,behavioral,1
674,337.0,0,0.0,TC1,n_agents,500,behavioral,1
675,337.5,0,0.0,TC1,n_agents,500,behavioral,1
676,338.0,0,0.0,TC1,n_agents,500,behavioral,1
677,338.5,0,0.0,TC1,n_agents,500,behavioral,1
678,339.0,0,0.0,TC1,n_agents,500,behavioral,1
679,339.5,0,0.0,TC1,n_agents,500,behavioral,1
680,340.0,0,0.0,TC1,n_agents,500,behavioral,1
681,340.5,0,0.0,TC1,n_agents,500,behavioral,1
682,341.0,0,0.0,TC1,n_agents,500,behavioral,1
683,341.5,0,0.0,TC1,n_agents,500,behavioral,1
684,342.0,0,0.0,TC1,n_agents,500,behavioral,1
685,342.5,0,0.0,TC1,n_agents,500,behavioral,1
686,343.0,0,0.0,TC1,n_agents,500,behavioral,1
687,343.5,0,0.0,TC1,n_agents,500,behavioral,1
688,344.0,0,0.0,TC1,n_agents,500,behavioral,1
689,344.5,0,0.0,TC1,n_agents,500,behavioral,1
690,345.0,0,0.0,TC1,n_agents,500,behavioral,1
691,345.5,0,0.0,TC1,n_agents,500,behavioral,1
692,346.0,0,0.0,TC1,n_agents,500,behavioral,1
693,346.5,0,0.0,TC1,n_agents,500,behavioral,1
694,347.0,0,0.0,TC1,n_agents,500,behavioral,1
695,347.5,0,0.0,TC1,n_agents,500,behavioral,1
696,348.0,0,0.0,TC1,n_agents,500,behavioral,1
697,348.5,0,0.0,TC1,n_agents,500,behavioral,1
698,349.0,0,0.0,TC1,n_agents,500,behavioral,1
699,349.5,0,0.0,TC1,n_agents,500,behavioral,1
700,350.0,0,0.0,TC1,n_agents,500,behavioral,1
701,350.5,0,0.0,TC1,n_agents,500,behavioral,1
702,351.0,0,0.0,TC1,n_agents,500,behavioral,1
703,351.5,0,0.0,TC1,n_agents,500,behavioral,1
704,352.0,0,0.0,TC1,n_agents,500,behavioral,1
705,352.5,0,0.0,TC1,n_agents,500,behavioral,1
706,353.0,0,0.0,TC1,n_agents,500,behavioral,1
707,353.5,0,0.0,TC1,n_agents,500,behavioral,1
708,354.0,0,0.0,TC1,n_agents,500,behavioral,1
709,354.5,0,0.0,TC1,n_agents,500,behavioral,1
710,355.0,0,0.0,TC1,n_agents,500,behavioral,1
711,355.5,0,0.0,TC1,n_agents,500,behavioral,1
712,356.0,0,0.0,TC1,n_agents,500,behavioral,1
713,356.5,0,0.0,TC1,n_agents,500,behavioral,1
714,357.0,0,0.0,TC1,n_agents,500,behavioral,1
715,357.5,0,0.0,TC1,n_agents,500,behavioral,1
716,358.0,0,0.0,TC1,n_agents,500,behavioral,1
717,358.5,0,0.0,TC1,n_agents,500,behavioral,1
718,359.0,0,0.0,TC1,n_agents,500,behavioral,1
719,359.5,0,0.0,TC1,n_agents,500,behavioral,1
720,360.0,0,0.0,TC1,n_agents,500,behavioral,1
721,360.5,0,0.0,TC1,n_agents,500,behavioral,1
722,361.0,0,0.0,TC1,n_agents,500,behavioral,1
723,361.5,0,0.0,TC1,n_agents,500,behavioral,1
724,362.0,0,0.0,TC1,n_agents,500,behavioral,1
725,362.5,0,0.0,TC1,n_agents,500,behavioral,1
726,363.0,0,0.0,TC1,n_agents,500,behavioral,1
727,363.5,0,0.0,TC1,n_agents,500,behavioral,1
728,364.0,0,0.0,TC1,n_agents,500,behavioral,1
729,364.5,0,0.0,TC1,n_agents,500,behavioral,1
730,365.0,0,0.0,TC1,n_agents,500,behavioral,1
731,365.5,0,0.0,TC1,n_agents,500,behavioral,1
732,366.0,0,0.0,TC1,n_agents,500,behavioral,1
733,366.5,0,0.0,TC1,n_agents,500,behavioral,1
734,367.0,0,0.0,TC1,n_agents,500,behavioral,1
735,367.5,0,0.0,TC1,n_agents,500,behavioral,1
736,368.0,0,0.0,TC1,n_agents,500,behavioral,1
737,368.5,0,0.0,TC1,n_agents,500,behavioral,1
738,369.0,0,0.0,TC1,n_agents,500,behavioral,1
739,369.5,0,0.0,TC1,n_agents,500,behavioral,1
740,370.0,0,0.0,TC1,n_agents,500,behavioral,1
741,370.5,0,0.0,TC1,n_agents,500,behavioral,1
742,371.0,0,0.0,TC1,n_agents,500,behavioral,1
743,371.5,0,0.0,TC1,n_agents,500,behavioral,1
744,372.0,0,0.0,TC1,n_agents,500,behavioral,1
745,372.5,0,0.0,TC1,n_agents,500,behavioral,1
746,373.0,0,0.0,TC1,n_agents,500,behavioral,1
747,373.5,0,0.0,TC1,n_agents,500,behavioral,1
748,374.0,0,0.0,TC1,n_agents,500,behavioral,1
749,374.5,0,0.0,TC1,n_agents,500,behavioral,1
750,375.0,0,0.0,TC1,n_agents,500,behavioral,1
751,375.5,0,0.0,TC1,n_agents,500,behavioral,1
752,376.0,0,0.0,TC1,n_agents,500,behavioral,1
753,376.5,0,0.0,TC1,n_agents,500,behavioral,1
754,377.0,0,0.0,TC1,n_agents,500,behavioral,1
755,377.5,0,0.0,TC1,n_agents,500,behavioral,1
756,378.0,0,0.0,TC1,n_agents,500,behavioral,1
757,378.5,0,0.0,TC1,n_agents,500,behavioral,1
758,379.0,0,0.0,TC1,n_agents,500,behavioral,1
759,379.5,0,0.0,TC1,n_agents,500,behavioral,1
760,380.0,0,0.0,TC1,n_agents,500,behavioral,1
761,380.5,0,0.0,TC1,n_agents,500,behavioral,1
762,381.0,0,0.0,TC1,n_agents,500,behavioral,1
763,381.5,0,0.0,TC1,n_agents,500,behavioral,1
764,382.0,0,0.0,TC1,n_agents,500,behavioral,1
765,382.5,0,0.0,TC1,n_agents,500,behavioral,1
766,383.0,0,0.0,TC1,n_agents,500,behavioral,1
767,383.5,0,0.0,TC1,n_agents,500,behavioral,1
768,384.0,0,0.0,TC1,n_agents,500,behavioral,1
769,384.5,0,0.0,TC1,n_agents,500,behavioral,1
770,385.0,0,0.0,TC1,n_agents,500,behavioral,1
771,385.5,0,0.0,TC1,n_agents,500,behavioral,1
772,386.0,0,0.0,TC1,n_agents,500,behavioral,1
773,386.5,0,0.0,TC1,n_agents,500,behavioral,1
774,387.0,0,0.0,TC1,n_agents,500,behavioral,1
775,387.5,0,0.0,TC1,n_agents,500,behavioral,1
776,388.0,0,0.0,TC1,n_agents,500,behavioral,1
777,388.5,0,0.0,TC1,n_agents,500,behavioral,1
778,389.0,0,0.0,TC1,n_agents,500,behavioral,1
779,389.5,0,0.0,TC1,n_agents,500,behavioral,1
780,390.0,0,0.0,TC1,n_agents,500,behavioral,1
781,390.5,0,0.0,TC1,n_agents,500,behavioral,1
782,391.0,0,0.0,TC1,n_agents,500,behavioral,1
783,391.5,0,0.0,TC1,n_agents,500,behavioral,1
784,392.0,0,0.0,TC1,n_agents,500,behavioral,1
785,392.5,0,0.0,TC1,n_agents,500,behavioral,1
786,393.0,0,0.0,TC1,n_agents,500,behavioral,1
787,393.5,0,0.0,TC1,n_agents,500,behavioral,1
788,394.0,0,0.0,TC1,n_agents,500,behavioral,1
789,394.5,0,0.0,TC1,n_agents,500,behavioral,1
790,395.0,0,0.0,TC1,n_agents,500,behavioral,1
791,395.5,0,0.0,TC1,n_agents,500,behavioral,1
792,396.0,0,0.0,TC1,n_agents,500,behavioral,1
793,396.5,0,0.0,TC1,n_agents,500,behavioral,1
794,397.0,0,0.0,TC1,n_agents,500,behavioral,1
795,397.5,0,0.0,TC1,n_agents,500,behavioral,1
796,398.0,0,0.0,TC1,n_agents,500,behavioral,1
797,398.5,0,0.0,TC1,n_agents,500,behavioral,1
798,399.0,0,0.0,TC1,n_agents,500,behavioral,1
799,399.5,0,0.0,TC1,n_agents,500,behavioral,1
800,400.0,0,0.0,TC1,n_agents,500,behavioral,1
0,0.0,0,0.0,TC1,n_agents,500,behavioral,2
1,0.5,0,0.0,TC1,n_agents,500,behavioral,2
2,1.0,0,0.0,TC1,n_agents,500,behavioral,2
3,1.5,0,0.0,TC1,n_agents,500,behavioral,2
4,2.0,0,0.0,TC1,n_agents,500,behavioral,2
5,2.5,0,0.0,TC1,n_agents,500,behavioral,2
6,3.0,0,0.0,TC1,n_agents,500,behavioral,2
7,3.5,0,0.0,TC1,n_agents,500,behavioral,2
8,4.0,0,0.0,TC1,n_agents,500,behavioral,2
9,4.5,0,0.0,TC1,n_agents,500,behavioral,2
10,5.0,0,0.0,TC1,n_agents,500,behavioral,2
11,5.5,0,0.0,TC1,n_agents,500,behavioral,2
12,6.0,0,0.0,TC1,n_agents,500,behavioral,2
13,6.5,0,0.0,TC1,n_agents,500,behavioral,2
14,7.0,0,0.0,TC1,n_agents,500,behavioral,2
15,7.5,0,0.0,TC1,n_agents,500,behavioral,2
16,8.0,0,0.0,TC1,n_agents,500,behavioral,2
17,8.5,0,0.0,TC1,n_agents,500,behavioral,2
18,9.0,0,0.0,TC1,n_agents,500,behavioral,2
19,9.5,0,0.0,TC1,n_agents,500,behavioral,2
20,10.0,0,0.0,TC1,n_agents,500,behavioral,2
21,10.5,0,0.0,TC1,n_agents,500,behavioral,2
22,11.0,0,0.0,TC1,n_agents,500,behavioral,2
23,11.5,0,0.0,TC1,n_agents,500,behavioral,2
24,12.0,0,0.0,TC1,n_agents,500,behavioral,2
25,12.5,0,0.0,TC1,n_agents,500,behavioral,2
26,13.0,0,0.0,TC1,n_agents,500,behavioral,2
27,13.5,0,0.0,TC1,n_agents,500,behavioral,2
28,14.0,0,0.0,TC1,n_agents,500,behavioral,2
29,14.5,0,0.0,TC1,n_agents,500,behavioral,2
30,15.0,0,0.0,TC1,n_agents,500,behavioral,2
31,15.5,0,0.0,TC1,n_agents,500,behavioral,2
32,16.0,0,0.0,TC1,n_agents,500,behavioral,2
33,16.5,0,0.0,TC1,n_agents,500,behavioral,2
34,17.0,0,0.0,TC1,n_agents,500,behavioral,2
35,17.5,0,0.0,TC1,n_agents,500,behavioral,2
36,18.0,0,0.0,TC1,n_agents,500,behavioral,2
37,18.5,0,0.0,TC1,n_agents,500,behavioral,2
38,19.0,0,0.0,TC1,n_agents,500,behavioral,2
39,19.5,0,0.0,TC1,n_agents,500,behavioral,2
40,20.0,0,0.0,TC1,n_agents,500,behavioral,2
41,20.5,0,0.0,TC1,n_agents,500,behavioral,2
42,21.0,0,0.0,TC1,n_agents,500,behavioral,2
43,21.5,0,0.0,TC1,n_agents,500,behavioral,2
44,22.0,0,0.0,TC1,n_agents,500,behavioral,2
45,22.5,0,0.0,TC1,n_agents,500,behavioral,2
46,23.0,0,0.0,TC1,n_agents,500,behavioral,2
47,23.5,0,0.0,TC1,n_agents,500,behavioral,2
48,24.0,0,0.0,TC1,n_agents,500,behavioral,2
49,24.5,0,0.0,TC1,n_agents,500,behavioral,2
50,25.0,0,0.0,TC1,n_agents,500,behavioral,2
51,25.5,0,0.0,TC1,n_agents,500,behavioral,2
52,26.0,0,0.0,TC1,n_agents,500,behavioral,2
53,26.5,0,0.0,TC1,n_agents,500,behavioral,2
54,27.0,0,0.0,TC1,n_agents,500,behavioral,2
55,27.5,0,0.0,TC1,n_agents,500,behavioral,2
56,28.0,0,0.0,TC1,n_agents,500,behavioral,2
57,28.5,0,0.0,TC1,n_agents,500,behavioral,2
58,29.0,0,0.0,TC1,n_agents,500,behavioral,2
59,29.5,0,0.0,TC1,n_agents,500,behavioral,2
60,30.0,0,0.0,TC1,n_agents,500,behavioral,2
61,30.5,0,0.0,TC1,n_agents,500,behavioral,2
62,31.0,0,0.0,TC1,n_agents,500,behavioral,2
63,31.5,0,0.0,TC1,n_agents,500,behavioral,2
64,32.0,0,0.0,TC1,n_agents,500,behavioral,2
65,32.5,0,0.0,TC1,n_agents,500,behavioral,2
66,33.0,0,0.0,TC1,n_agents,500,behavioral,2
67,33.5,0,0.0,TC1,n_agents,500,behavioral,2
68,34.0,0,0.0,TC1,n_agents,500,behavioral,2
69,34.5,0,0.0,TC1,n_agents,500,behavioral,2
70,35.0,0,0.0,TC1,n_agents,500,behavioral,2
71,35.5,0,0.0,TC1,n_agents,500,behavioral,2
72,36.0,0,0.0,TC1,n_agents,500,behavioral,2
73,36.5,0,0.0,TC1,n_agents,500,behavioral,2
74,37.0,0,0.0,TC1,n_agents,500,behavioral,2
75,37.5,0,0.0,TC1,n_agents,500,behavioral,2
76,38.0,0,0.0,TC1,n_agents,500,behavioral,2
77,38.5,0,0.0,TC1,n_agents,500,behavioral,2
78,39.0,0,0.0,TC1,n_agents,500,behavioral,2
79,39.5,0,0.0,TC1,n_agents,500,behavioral,2
80,40.0,0,0.0,TC1,n_agents,500,behavioral,2
81,40.5,0,0.0,TC1,n_agents,500,behavioral,2
82,41.0,0,0.0,TC1,n_agents,500,behavioral,2
83,41.5,0,0.0,TC1,n_agents,500,behavioral,2
84,42.0,0,0.0,TC1,n_agents,500,behavioral,2
85,42.5,0,0.0,TC1,n_agents,500,behavioral,2
86,43.0,0,0.0,TC1,n_agents,500,behavioral,2
87,43.5,0,0.0,TC1,n_agents,500,behavioral,2
88,44.0,0,0.0,TC1,n_agents,500,behavioral,2
89,44.5,0,0.0,TC1,n_agents,500,behavioral,2
90,45.0,0,0.0,TC1,n_agents,500,behavioral,2
91,45.5,0,0.0,TC1,n_agents,500,behavioral,2
92,46.0,0,0.0,TC1,n_agents,500,behavioral,2
93,46.5,0,0.0,TC1,n_agents,500,behavioral,2
94,47.0,0,0.0,TC1,n_agents,500,behavioral,2
95,47.5,0,0.0,TC1,n_agents,500,behavioral,2
96,48.0,0,0.0,TC1,n_agents,500,behavioral,2
97,48.5,0,0.0,TC1,n_agents,500,behavioral,2
98,49.0,0,0.0,TC1,n_agents,500,behavioral,2
99,49.5,0,0.0,TC1,n_agents,500,behavioral,2
100,50.0,0,0.0,TC1,n_agents,500,behavioral,2
101,50.5,0,0.0,TC1,n_agents,500,behavioral,2
102,51.0,0,0.0,TC1,n_agents,500,behavioral,2
103,51.5,0,0.0,TC1,n_agents,500,behavioral,2
104,52.0,0,0.0,TC1,n_agents,500,behavioral,2
105,52.5,0,0.0,TC1,n_agents,500,behavioral,2
106,53.0,0,0.0,TC1,n_agents,500,behavioral,2
107,53.5,0,0.0,TC1,n_agents,500,behavioral,2
108,54.0,0,0.0,TC1,n_agents,500,behavioral,2
109,54.5,0,0.0,TC1,n_agents,500,behavioral,2
110,55.0,0,0.0,TC1,n_agents,500,behavioral,2
111,55.5,0,0.0,TC1,n_agents,500,behavioral,2
112,56.0,0,0.0,TC1,n_agents,500,behavioral,2
113,56.5,0,0.0,TC1,n_agents,500,behavioral,2
114,57.0,0,0.0,TC1,n_agents,500,behavioral,2
115,57.5,0,0.0,TC1,n_agents,500,behavioral,2
116,58.0,0,0.0,TC1,n_agents,500,behavioral,2
117,58.5,0,0.0,TC1,n_agents,500,behavioral,2
118,59.0,0,0.0,TC1,n_agents,500,behavioral,2
119,59.5,0,0.0,TC1,n_agents,500,behavioral,2
120,60.0,0,0.0,TC1,n_agents,500,behavioral,2
121,60.5,0,0.0,TC1,n_agents,500,behavioral,2
122,61.0,0,0.0,TC1,n_agents,500,behavioral,2
123,61.5,0,0.0,TC1,n_agents,500,behavioral,2
124,62.0,0,0.0,TC1,n_agents,500,behavioral,2
125,62.5,0,0.0,TC1,n_agents,500,behavioral,2
126,63.0,0,0.0,TC1,n_agents,500,behavioral,2
127,63.5,0,0.0,TC1,n_agents,500,behavioral,2
128,64.0,0,0.0,TC1,n_agents,500,behavioral,2
129,64.5,0,0.0,TC1,n_agents,500,behavioral,2
130,65.0,0,0.0,TC1,n_agents,500,behavioral,2
131,65.5,0,0.0,TC1,n_agents,500,behavioral,2
132,66.0,0,0.0,TC1,n_agents,500,behavioral,2
133,66.5,0,0.0,TC1,n_agents,500,behavioral,2
134,67.0,0,0.0,TC1,n_agents,500,behavioral,2
135,67.5,0,0.0,TC1,n_agents,500,behavioral,2
136,68.0,0,0.0,TC1,n_agents,500,behavioral,2
137,68.5,0,0.0,TC1,n_agents,500,behavioral,2
138,69.0,0,0.0,TC1,n_agents,500,behavioral,2
139,69.5,0,0.0,TC1,n_agents,500,behavioral,2
140,70.0,0,0.0,TC1,n_agents,500,behavioral,2
141,70.5,0,0.0,TC1,n_agents,500,behavioral,2
142,71.0,0,0.0,TC1,n_agents,500,behavioral,2
143,71.5,0,0.0,TC1,n_agents,500,behavioral,2
144,72.0,0,0.0,TC1,n_agents,500,behavioral,2
145,72.5,0,0.0,TC1,n_agents,500,behavioral,2
146,73.0,0,0.0,TC1,n_agents,500,behavioral,2
147,73.5,0,0.0,TC1,n_agents,500,behavioral,2
148,74.0,0,0.0,TC1,n_agents,500,behavioral,2
149,74.5,0,0.0,TC1,n_agents,500,behavioral,2
150,75.0,0,0.0,TC1,n_agents,500,behavioral,2
151,75.5,0,0.0,TC1,n_agents,500,behavioral,2
152,76.0,0,0.0,TC1,n_agents,500,behavioral,2
153,76.5,0,0.0,TC1,n_agents,500,behavioral,2
154,77.0,0,0.0,TC1,n_agents,500,behavioral,2
155,77.5,0,0.0,TC1,n_agents,500,behavioral,2
156,78.0,0,0.0,TC1,n_agents,500,behavioral,2
157,78.5,0,0.0,TC1,n_agents,500,behavioral,2
158,79.0,0,0.0,TC1,n_agents,500,behavioral,2
159,79.5,0,0.0,TC1,n_agents,500,behavioral,2
160,80.0,0,0.0,TC1,n_agents,500,behavioral,2
161,80.5,0,0.0,TC1,n_agents,500,behavioral,2
162,81.0,0,0.0,TC1,n_agents,500,behavioral,2
163,81.5,0,0.0,TC1,n_agents,500,behavioral,2
164,82.0,0,0.0,TC1,n_agents,500,behavioral,2
165,82.5,0,0.0,TC1,n_agents,500,behavioral,2
166,83.0,0,0.0,TC1,n_agents,500,behavioral,2
167,83.5,0,0.0,TC1,n_agents,500,behavioral,2
168,84.0,0,0.0,TC1,n_agents,500,behavioral,2
169,84.5,0,0.0,TC1,n_agents,500,behavioral,2
170,85.0,0,0.0,TC1,n_agents,500,behavioral,2
171,85.5,0,0.0,TC1,n_agents,500,behavioral,2
172,86.0,0,0.0,TC1,n_agents,500,behavioral,2
173,86.5,0,0.0,TC1,n_agents,500,behavioral,2
174,87.0,0,0.0,TC1,n_agents,500,behavioral,2
175,87.5,0,0.0,TC1,n_agents,500,behavioral,2
176,88.0,0,0.0,TC1,n_agents,500,behavioral,2
177,88.5,0,0.0,TC1,n_agents,500,behavioral,2
178,89.0,0,0.0,TC1,n_agents,500,behavioral,2
179,89.5,0,0.0,TC1,n_agents,500,behavioral,2
180,90.0,0,0.0,TC1,n_agents,500,behavioral,2
181,90.5,0,0.0,TC1,n_agents,500,behavioral,2
182,91.0,0,0.0,TC1,n_agents,500,behavioral,2
183,91.5,0,0.0,TC1,n_agents,500,behavioral,2
184,92.0,0,0.0,TC1,n_agents,500,behavioral,2
185,92.5,0,0.0,TC1,n_agents,500,behavioral,2
186,93.0,0,0.0,TC1,n_agents,500,behavioral,2
187,93.5,0,0.0,TC1,n_agents,500,behavioral,2
188,94.0,0,0.0,TC1,n_agents,500,behavioral,2
189,94.5,0,0.0,TC1,n_agents,500,behavioral,2
190,95.0,0,0.0,TC1,n_agents,500,behavioral,2
191,95.5,0,0.0,TC1,n_agents,500,behavioral,2
192,96.0,0,0.0,TC1,n_agents,500,behavioral,2
193,96.5,0,0.0,TC1,n_agents,500,behavioral,2
194,97.0,0,0.0,TC1,n_agents,500,behavioral,2
195,97.5,0,0.0,TC1,n_agents,500,behavioral,2
196,98.0,0,0.0,TC1,n_agents,500,behavioral,2
197,98.5,0,0.0,TC1,n_agents,500,behavioral,2
198,99.0,0,0.0,TC1,n_agents,500,behavioral,2
199,99.5,0,0.0,TC1,n_agents,500,behavioral,2
200,100.0,0,0.0,TC1,n_agents,500,behavioral,2
201,100.5,0,0.0,TC1,n_agents,500,behavioral,2
202,101.0,0,0.0,TC1,n_agents,500,behavioral,2
203,101.5,0,0.0,TC1,n_agents,500,behavioral,2
204,102.0,0,0.0,TC1,n_agents,500,behavioral,2
205,102.5,0,0.0,TC1,n_agents,500,behavioral,2
206,103.0,0,0.0,TC1,n_agents,500,behavioral,2
207,103.5,0,0.0,TC1,n_agents,500,behavioral,2
208,104.0,0,0.0,TC1,n_agents,500,behavioral,2
209,104.5,0,0.0,TC1,n_agents,500,behavioral,2
210,105.0,0,0.0,TC1,n_agents,500,behavioral,2
211,105.5,0,0.0,TC1,n_agents,500,behavioral,2
212,106.0,0,0.0,TC1,n_agents,500,behavioral,2
213,106.5,0,0.0,TC1,n_agents,500,behavioral,2
214,107.0,0,0.0,TC1,n_agents,500,behavioral,2
215,107.5,0,0.0,TC1,n_agents,500,behavioral,2
216,108.0,0,0.0,TC1,n_agents,500,behavioral,2
217,108.5,0,0.0,TC1,n_agents,500,behavioral,2
218,109.0,0,0.0,TC1,n_agents,500,behavioral,2
219,109.5,0,0.0,TC1,n_agents,500,behavioral,2
220,110.0,0,0.0,TC1,n_agents,500,behavioral,2
221,110.5,0,0.0,TC1,n_agents,500,behavioral,2
222,111.0,0,0.0,TC1,n_agents,500,behavioral,2
223,111.5,0,0.0,TC1,n_agents,500,behavioral,2
224,112.0,0,0.0,TC1,n_agents,500,behavioral,2
225,112.5,0,0.0,TC1,n_agents,500,behavioral,2
226,113.0,0,0.0,TC1,n_agents,500,behavioral,2
227,113.5,0,0.0,TC1,n_agents,500,behavioral,2
228,114.0,0,0.0,TC1,n_agents,500,behavioral,2
229,114.5,0,0.0,TC1,n_agents,500,behavioral,2
230,115.0,0,0.0,TC1,n_agents,500,behavioral,2
231,115.5,0,0.0,TC1,n_agents,500,behavioral,2
232,116.0,0,0.0,TC1,n_agents,500,behavioral,2
233,116.5,0,0.0,TC1,n_agents,500,behavioral,2
234,117.0,0,0.0,TC1,n_agents,500,behavioral,2
235,117.5,0,0.0,TC1,n_agents,500,behavioral,2
236,118.0,0,0.0,TC1,n_agents,500,behavioral,2
237,118.5,0,0.0,TC1,n_agents,500,behavioral,2
238,119.0,0,0.0,TC1,n_agents,500,behavioral,2
239,119.5,0,0.0,TC1,n_agents,500,behavioral,2
240,120.0,0,0.0,TC1,n_agents,500,behavioral,2
241,120.5,0,0.0,TC1,n_agents,500,behavioral,2
242,121.0,0,0.0,TC1,n_agents,500,behavioral,2
243,121.5,0,0.0,TC1,n_agents,500,behavioral,2
244,122.0,0,0.0,TC1,n_agents,500,behavioral,2
245,122.5,0,0.0,TC1,n_agents,500,behavioral,2
246,123.0,0,0.0,TC1,n_agents,500,behavioral,2
247,123.5,0,0.0,TC1,n_agents,500,behavioral,2
248,124.0,0,0.0,TC1,n_agents,500,behavioral,2
249,124.5,0,0.0,TC1,n_agents,500,behavioral,2
250,125.0,0,0.0,TC1,n_agents,500,behavioral,2
251,125.5,0,0.0,TC1,n_agents,500,behavioral,2
252,126.0,0,0.0,TC1,n_agents,500,behavioral,2
253,126.5,0,0.0,TC1,n_agents,500,behavioral,2
254,127.0,0,0.0,TC1,n_agents,500,behavioral,2
255,127.5,0,0.0,TC1,n_agents,500,behavioral,2
256,128.0,0,0.0,TC1,n_agents,500,behavioral,2
257,128.5,0,0.0,TC1,n_agents,500,behavioral,2
258,129.0,0,0.0,TC1,n_agents,500,behavioral,2
259,129.5,0,0.0,TC1,n_agents,500,behavioral,2
260,130.0,0,0.0,TC1,n_agents,500,behavioral,2
261,130.5,0,0.0,TC1,n_agents,500,behavioral,2
262,131.0,0,0.0,TC1,n_agents,500,behavioral,2
263,131.5,0,0.0,TC1,n_agents,500,behavioral,2
264,132.0,0,0.0,TC1,n_agents,500,behavioral,2
265,132.5,0,0.0,TC1,n_agents,500,behavioral,2
266,133.0,0,0.0,TC1,n_agents,500,behavioral,2
267,133.5,0,0.0,TC1,n_agents,500,behavioral,2
268,134.0,0,0.0,TC1,n_agents,500,behavioral,2
269,134.5,0,0.0,TC1,n_agents,500,behavioral,2
270,135.0,0,0.0,TC1,n_agents,500,behavioral,2
271,135.5,0,0.0,TC1,n_agents,500,behavioral,2
272,136.0,0,0.0,TC1,n_agents,500,behavioral,2
273,136.5,0,0.0,TC1,n_agents,500,behavioral,2
274,137.0,0,0.0,TC1,n_agents,500,behavioral,2
275,137.5,0,0.0,TC1,n_agents,500,behavioral,2
276,138.0,0,0.0,TC1,n_agents,500,behavioral,2
277,138.5,0,0.0,TC1,n_agents,500,behavioral,2
278,139.0,0,0.0,TC1,n_agents,500,behavioral,2
279,139.5,0,0.0,TC1,n_agents,500,behavioral,2
280,140.0,0,0.0,TC1,n_agents,500,behavioral,2
281,140.5,0,0.0,TC1,n_agents,500,behavioral,2
282,141.0,0,0.0,TC1,n_agents,500,behavioral,2
283,141.5,0,0.0,TC1,n_agents,500,behavioral,2
284,142.0,0,0.0,TC1,n_agents,500,behavioral,2
285,142.5,0,0.0,TC1,n_agents,500,behavioral,2
286,143.0,0,0.0,TC1,n_agents,500,behavioral,2
287,143.5,0,0.0,TC1,n_agents,500,behavioral,2
288,144.0,0,0.0,TC1,n_agents,500,behavioral,2
289,144.5,0,0.0,TC1,n_agents,500,behavioral,2
290,145.0,0,0.0,TC1,n_agents,500,behavioral,2
291,145.5,0,0.0,TC1,n_agents,500,behavioral,2
292,146.0,0,0.0,TC1,n_agents,500,behavioral,2
293,146.5,0,0.0,TC1,n_agents,500,behavioral,2
294,147.0,0,0.0,TC1,n_agents,500,behavioral,2
295,147.5,0,0.0,TC1,n_agents,500,behavioral,2
296,148.0,0,0.0,TC1,n_agents,500,behavioral,2
297,148.5,0,0.0,TC1,n_agents,500,behavioral,2
298,149.0,0,0.0,TC1,n_agents,500,behavioral,2
299,149.5,0,0.0,TC1,n_agents,500,behavioral,2
300,150.0,0,0.0,TC1,n_agents,500,behavioral,2
301,150.5,0,0.0,TC1,n_agents,500,behavioral,2
302,151.0,0,0.0,TC1,n_agents,500,behavioral,2
303,151.5,0,0.0,TC1,n_agents,500,behavioral,2
304,152.0,0,0.0,TC1,n_agents,500,behavioral,2
305,152.5,0,0.0,TC1,n_agents,500,behavioral,2
306,153.0,0,0.0,TC1,n_agents,500,behavioral,2
307,153.5,0,0.0,TC1,n_agents,500,behavioral,2
308,154.0,0,0.0,TC1,n_agents,500,behavioral,2
309,154.5,0,0.0,TC1,n_agents,500,behavioral,2
310,155.0,0,0.0,TC1,n_agents,500,behavioral,2
311,155.5,0,0.0,TC1,n_agents,500,behavioral,2
312,156.0,0,0.0,TC1,n_agents,500,behavioral,2
313,156.5,0,0.0,TC1,n_agents,500,behavioral,2
314,157.0,0,0.0,TC1,n_agents,500,behavioral,2
315,157.5,0,0.0,TC1,n_agents,500,behavioral,2
316,158.0,0,0.0,TC1,n_agents,500,behavioral,2
317,158.5,0,0.0,TC1,n_agents,500,behavioral,2
318,159.0,0,0.0,TC1,n_agents,500,behavioral,2
319,159.5,0,0.0,TC1,n_agents,500,behavioral,2
320,160.0,0,0.0,TC1,n_agents,500,behavioral,2
321,160.5,0,0.0,TC1,n_agents,500,behavioral,2
322,161.0,0,0.0,TC1,n_agents,500,behavioral,2
323,161.5,0,0.0,TC1,n_agents,500,behavioral,2
324,162.0,0,0.0,TC1,n_agents,500,behavioral,2
325,162.5,0,0.0,TC1,n_agents,500,behavioral,2
326,163.0,0,0.0,TC1,n_agents,500,behavioral,2
327,163.5,0,0.0,TC1,n_agents,500,behavioral,2
328,164.0,0,0.0,TC1,n_agents,500,behavioral,2
329,164.5,0,0.0,TC1,n_agents,500,behavioral,2
330,165.0,0,0.0,TC1,n_agents,500,behavioral,2
331,165.5,0,0.0,TC1,n_agents,500,behavioral,2
332,166.0,0,0.0,TC1,n_agents,500,behavioral,2
333,166.5,0,0.0,TC1,n_agents,500,behavioral,2
334,167.0,0,0.0,TC1,n_agents,500,behavioral,2
335,167.5,0,0.0,TC1,n_agents,500,behavioral,2
336,168.0,0,0.0,TC1,n_agents,500,behavioral,2
337,168.5,0,0.0,TC1,n_agents,500,behavioral,2
338,169.0,0,0.0,TC1,n_agents,500,behavioral,2
339,169.5,0,0.0,TC1,n_agents,500,behavioral,2
340,170.0,0,0.0,TC1,n_agents,500,behavioral,2
341,170.5,0,0.0,TC1,n_agents,500,behavioral,2
342,171.0,0,0.0,TC1,n_agents,500,behavioral,2
343,171.5,0,0.0,TC1,n_agents,500,behavioral,2
344,172.0,0,0.0,TC1,n_agents,500,behavioral,2
345,172.5,0,0.0,TC1,n_agents,500,behavioral,2
346,173.0,0,0.0,TC1,n_agents,500,behavioral,2
347,173.5,0,0.0,TC1,n_agents,500,behavioral,2
348,174.0,0,0.0,TC1,n_agents,500,behavioral,2
349,174.5,0,0.0,TC1,n_agents,500,behavioral,2
350,175.0,0,0.0,TC1,n_agents,500,behavioral,2
351,175.5,0,0.0,TC1,n_agents,500,behavioral,2
352,176.0,0,0.0,TC1,n_agents,500,behavioral,2
353,176.5,0,0.0,TC1,n_agents,500,behavioral,2
354,177.0,0,0.0,TC1,n_agents,500,behavioral,2
355,177.5,0,0.0,TC1,n_agents,500,behavioral,2
356,178.0,0,0.0,TC1,n_agents,500,behavioral,2
357,178.5,0,0.0,TC1,n_agents,500,behavioral,2
358,179.0,0,0.0,TC1,n_agents,500,behavioral,2
359,179.5,0,0.0,TC1,n_agents,500,behavioral,2
360,180.0,0,0.0,TC1,n_agents,500,behavioral,2
361,180.5,0,0.0,TC1,n_agents,500,behavioral,2
362,181.0,0,0.0,TC1,n_agents,500,behavioral,2
363,181.5,0,0.0,TC1,n_agents,500,behavioral,2
364,182.0,0,0.0,TC1,n_agents,500,behavioral,2
365,182.5,0,0.0,TC1,n_agents,500,behavioral,2
366,183.0,0,0.0,TC1,n_agents,500,behavioral,2
367,183.5,0,0.0,TC1,n_agents,500,behavioral,2
368,184.0,0,0.0,TC1,n_agents,500,behavioral,2
369,184.5,0,0.0,TC1,n_agents,500,behavioral,2
370,185.0,0,0.0,TC1,n_agents,500,behavioral,2
371,185.5,0,0.0,TC1,n_agents,500,behavioral,2
372,186.0,0,0.0,TC1,n_agents,500,behavioral,2
373,186.5,0,0.0,TC1,n_agents,500,behavioral,2
374,187.0,0,0.0,TC1,n_agents,500,behavioral,2
375,187.5,0,0.0,TC1,n_agents,500,behavioral,2
376,188.0,0,0.0,TC1,n_agents,500,behavioral,2
377,188.5,0,0.0,TC1,n_agents,500,behavioral,2
378,189.0,0,0.0,TC1,n_agents,500,behavioral,2
379,189.5,0,0.0,TC1,n_agents,500,behavioral,2
380,190.0,0,0.0,TC1,n_agents,500,behavioral,2
381,190.5,0,0.0,TC1,n_agents,500,behavioral,2
382,191.0,0,0.0,TC1,n_agents,500,behavioral,2
383,191.5,0,0.0,TC1,n_agents,500,behavioral,2
384,192.0,0,0.0,TC1,n_agents,500,behavioral,2
385,192.5,0,0.0,TC1,n_agents,500,behavioral,2
386,193.0,0,0.0,TC1,n_agents,500,behavioral,2
387,193.5,0,0.0,TC1,n_agents,500,behavioral,2
388,194.0,0,0.0,TC1,n_agents,500,behavioral,2
389,194.5,0,0.0,TC1,n_agents,500,behavioral,2
390,195.0,0,0.0,TC1,n_agents,500,behavioral,2
391,195.5,0,0.0,TC1,n_agents,500,behavioral,2
392,196.0,0,0.0,TC1,n_agents,500,behavioral,2
393,196.5,0,0.0,TC1,n_agents,500,behavioral,2
394,197.0,0,0.0,TC1,n_agents,500,behavioral,2
395,197.5,0,0.0,TC1,n_agents,500,behavioral,2
396,198.0,0,0.0,TC1,n_agents,500,behavioral,2
397,198.5,0,0.0,TC1,n_agents,500,behavioral,2
398,199.0,0,0.0,TC1,n_agents,500,behavioral,2
399,199.5,0,0.0,TC1,n_agents,500,behavioral,2
400,200.0,0,0.0,TC1,n_agents,500,behavioral,2
401,200.5,0,0.0,TC1,n_agents,500,behavioral,2
402,201.0,0,0.0,TC1,n_agents,500,behavioral,2
403,201.5,0,0.0,TC1,n_agents,500,behavioral,2
404,202.0,0,0.0,TC1,n_agents,500,behavioral,2
405,202.5,0,0.0,TC1,n_agents,500,behavioral,2
406,203.0,0,0.0,TC1,n_agents,500,behavioral,2
407,203.5,0,0.0,TC1,n_agents,500,behavioral,2
408,204.0,0,0.0,TC1,n_agents,500,behavioral,2
409,204.5,0,0.0,TC1,n_agents,500,behavioral,2
410,205.0,0,0.0,TC1,n_agents,500,behavioral,2
411,205.5,0,0.0,TC1,n_agents,500,behavioral,2
412,206.0,0,0.0,TC1,n_agents,500,behavioral,2
413,206.5,0,0.0,TC1,n_agents,500,behavioral,2
414,207.0,0,0.0,TC1,n_agents,500,behavioral,2
415,207.5,0,0.0,TC1,n_agents,500,behavioral,2
416,208.0,0,0.0,TC1,n_agents,500,behavioral,2
417,208.5,0,0.0,TC1,n_agents,500,behavioral,2
418,209.0,0,0.0,TC1,n_agents,500,behavioral,2
419,209.5,0,0.0,TC1,n_agents,500,behavioral,2
420,210.0,0,0.0,TC1,n_agents,500,behavioral,2
421,210.5,0,0.0,TC1,n_agents,500,behavioral,2
422,211.0,0,0.0,TC1,n_agents,500,behavioral,2
423,211.5,0,0.0,TC1,n_agents,500,behavioral,2
424,212.0,0,0.0,TC1,n_agents,500,behavioral,2
425,212.5,0,0.0,TC1,n_agents,500,behavioral,2
426,213.0,0,0.0,TC1,n_agents,500,behavioral,2
427,213.5,0,0.0,TC1,n_agents,500,behavioral,2
428,214.0,0,0.0,TC1,n_agents,500,behavioral,2
429,214.5,0,0.0,TC1,n_agents,500,behavioral,2
430,215.0,0,0.0,TC1,n_agents,500,behavioral,2
431,215.5,0,0.0,TC1,n_agents,500,behavioral,2
432,216.0,0,0.0,TC1,n_agents,500,behavioral,2
433,216.5,0,0.0,TC1,n_agents,500,behavioral,2
434,217.0,0,0.0,TC1,n_agents,500,behavioral,2
435,217.5,0,0.0,TC1,n_agents,500,behavioral,2
436,218.0,0,0.0,TC1,n_agents,500,behavioral,2
437,218.5,0,0.0,TC1,n_agents,500,behavioral,2
438,219.0,0,0.0,TC1,n_agents,500,behavioral,2
439,219.5,0,0.0,TC1,n_agents,500,behavioral,2
440,220.0,0,0.0,TC1,n_agents,500,behavioral,2
441,220.5,0,0.0,TC1,n_agents,500,behavioral,2
442,221.0,0,0.0,TC1,n_agents,500,behavioral,2
443,221.5,0,0.0,TC1,n_agents,500,behavioral,2
444,222.0,0,0.0,TC1,n_agents,500,behavioral,2
445,222.5,0,0.0,TC1,n_agents,500,behavioral,2
446,223.0,0,0.0,TC1,n_agents,500,behavioral,2
447,223.5,0,0.0,TC1,n_agents,500,behavioral,2
448,224.0,0,0.0,TC1,n_agents,500,behavioral,2
449,224.5,0,0.0,TC1,n_agents,500,behavioral,2
450,225.0,0,0.0,TC1,n_agents,500,behavioral,2
451,225.5,0,0.0,TC1,n_agents,500,behavioral,2
452,226.0,0,0.0,TC1,n_agents,500,behavioral,2
453,226.5,0,0.0,TC1,n_agents,500,behavioral,2
454,227.0,0,0.0,TC1,n_agents,500,behavioral,2
455,227.5,0,0.0,TC1,n_agents,500,behavioral,2
456,228.0,0,0.0,TC1,n_agents,500,behavioral,2
457,228.5,0,0.0,TC1,n_agents,500,behavioral,2
458,229.0,0,0.0,TC1,n_agents,500,behavioral,2
459,229.5,0,0.0,TC1,n_agents,500,behavioral,2
460,230.0,0,0.0,TC1,n_agents,500,behavioral,2
461,230.5,0,0.0,TC1,n_agents,500,behavioral,2
462,231.0,0,0.0,TC1,n_agents,500,behavioral,2
463,231.5,0,0.0,TC1,n_agents,500,behavioral,2
464,232.0,0,0.0,TC1,n_agents,500,behavioral,2
465,232.5,0,0.0,TC1,n_agents,500,behavioral,2
466,233.0,0,0.0,TC1,n_agents,500,behavioral,2
467,233.5,0,0.0,TC1,n_agents,500,behavioral,2
468,234.0,0,0.0,TC1,n_agents,500,behavioral,2
469,234.5,0,0.0,TC1,n_agents,500,behavioral,2
470,235.0,0,0.0,TC1,n_agents,500,behavioral,2
471,235.5,0,0.0,TC1,n_agents,500,behavioral,2
472,236.0,0,0.0,TC1,n_agents,500,behavioral,2
473,236.5,0,0.0,TC1,n_agents,500,behavioral,2
474,237.0,0,0.0,TC1,n_agents,500,behavioral,2
475,237.5,0,0.0,TC1,n_agents,500,behavioral,2
476,238.0,0,0.0,TC1,n_agents,500,behavioral,2
477,238.5,0,0.0,TC1,n_agents,500,behavioral,2
478,239.0,0,0.0,TC1,n_agents,500,behavioral,2
479,239.5,0,0.0,TC1,n_agents,500,behavioral,2
480,240.0,0,0.0,TC1,n_agents,500,behavioral,2
481,240.5,0,0.0,TC1,n_agents,500,behavioral,2
482,241.0,0,0.0,TC1,n_agents,500,behavioral,2
483,241.5,0,0.0,TC1,n_agents,500,behavioral,2
484,242.0,0,0.0,TC1,n_agents,500,behavioral,2
485,242.5,0,0.0,TC1,n_agents,500,behavioral,2
486,243.0,0,0.0,TC1,n_agents,500,behavioral,2
487,243.5,0,0.0,TC1,n_agents,500,behavioral,2
488,244.0,0,0.0,TC1,n_agents,500,behavioral,2
489,244.5,0,0.0,TC1,n_agents,500,behavioral,2
490,245.0,0,0.0,TC1,n_agents,500,behavioral,2
491,245.5,0,0.0,TC1,n_agents,500,behavioral,2
492,246.0,0,0.0,TC1,n_agents,500,behavioral,2
493,246.5,0,0.0,TC1,n_agents,500,behavioral,2
494,247.0,0,0.0,TC1,n_agents,500,behavioral,2
495,247.5,0,0.0,TC1,n_agents,500,behavioral,2
496,248.0,0,0.0,TC1,n_agents,500,behavioral,2
497,248.5,0,0.0,TC1,n_agents,500,behavioral,2
498,249.0,0,0.0,TC1,n_agents,500,behavioral,2
499,249.5,0,0.0,TC1,n_agents,500,behavioral,2
500,250.0,0,0.0,TC1,n_agents,500,behavioral,2
501,250.5,0,0.0,TC1,n_agents,500,behavioral,2
502,251.0,0,0.0,TC1,n_agents,500,behavioral,2
503,251.5,0,0.0,TC1,n_agents,500,behavioral,2
504,252.0,0,0.0,TC1,n_agents,500,behavioral,2
505,252.5,0,0.0,TC1,n_agents,500,behavioral,2
506,253.0,0,0.0,TC1,n_agents,500,behavioral,2
507,253.5,0,0.0,TC1,n_agents,500,behavioral,2
508,254.0,0,0.0,TC1,n_agents,500,behavioral,2
509,254.5,0,0.0,TC1,n_agents,500,behavioral,2
510,255.0,0,0.0,TC1,n_agents,500,behavioral,2
511,255.5,0,0.0,TC1,n_agents,500,behavioral,2
512,256.0,0,0.0,TC1,n_agents,500,behavioral,2
513,256.5,0,0.0,TC1,n_agents,500,behavioral,2
514,257.0,0,0.0,TC1,n_agents,500,behavioral,2
515,257.5,0,0.0,TC1,n_agents,500,behavioral,2
516,258.0,0,0.0,TC1,n_agents,500,behavioral,2
517,258.5,0,0.0,TC1,n_agents,500,behavioral,2
518,259.0,0,0.0,TC1,n_agents,500,behavioral,2
519,259.5,0,0.0,TC1,n_agents,500,behavioral,2
520,260.0,0,0.0,TC1,n_agents,500,behavioral,2
521,260.5,0,0.0,TC1,n_agents,500,behavioral,2
522,261.0,0,0.0,TC1,n_agents,500,behavioral,2
523,261.5,0,0.0,TC1,n_agents,500,behavioral,2
524,262.0,0,0.0,TC1,n_agents,500,behavioral,2
525,262.5,0,0.0,TC1,n_agents,500,behavioral,2
526,263.0,0,0.0,TC1,n_agents,500,behavioral,2
527,263.5,0,0.0,TC1,n_agents,500,behavioral,2
528,264.0,0,0.0,TC1,n_agents,500,behavioral,2
529,264.5,0,0.0,TC1,n_agents,500,behavioral,2
530,265.0,0,0.0,TC1,n_agents,500,behavioral,2
531,265.5,0,0.0,TC1,n_agents,500,behavioral,2
532,266.0,0,0.0,TC1,n_agents,500,behavioral,2
533,266.5,0,0.0,TC1,n_agents,500,behavioral,2
534,267.0,0,0.0,TC1,n_agents,500,behavioral,2
535,267.5,0,0.0,TC1,n_agents,500,behavioral,2
536,268.0,0,0.0,TC1,n_agents,500,behavioral,2
537,268.5,0,0.0,TC1,n_agents,500,behavioral,2
538,269.0,0,0.0,TC1,n_agents,500,behavioral,2
539,269.5,0,0.0,TC1,n_agents,500,behavioral,2
540,270.0,0,0.0,TC1,n_agents,500,behavioral,2
541,270.5,0,0.0,TC1,n_agents,500,behavioral,2
542,271.0,0,0.0,TC1,n_agents,500,behavioral,2
543,271.5,0,0.0,TC1,n_agents,500,behavioral,2
544,272.0,0,0.0,TC1,n_agents,500,behavioral,2
545,272.5,0,0.0,TC1,n_agents,500,behavioral,2
546,273.0,0,0.0,TC1,n_agents,500,behavioral,2
547,273.5,0,0.0,TC1,n_agents,500,behavioral,2
548,274.0,0,0.0,TC1,n_agents,500,behavioral,2
549,274.5,0,0.0,TC1,n_agents,500,behavioral,2
550,275.0,0,0.0,TC1,n_agents,500,behavioral,2
551,275.5,0,0.0,TC1,n_agents,500,behavioral,2
552,276.0,0,0.0,TC1,n_agents,500,behavioral,2
553,276.5,0,0.0,TC1,n_agents,500,behavioral,2
554,277.0,0,0.0,TC1,n_agents,500,behavioral,2
555,277.5,0,0.0,TC1,n_agents,500,behavioral,2
556,278.0,0,0.0,TC1,n_agents,500,behavioral,2
557,278.5,0,0.0,TC1,n_agents,500,behavioral,2
558,279.0,0,0.0,TC1,n_agents,500,behavioral,2
559,279.5,0,0.0,TC1,n_agents,500,behavioral,2
560,280.0,0,0.0,TC1,n_agents,500,behavioral,2
561,280.5,0,0.0,TC1,n_agents,500,behavioral,2
562,281.0,0,0.0,TC1,n_agents,500,behavioral,2
563,281.5,0,0.0,TC1,n_agents,500,behavioral,2
564,282.0,0,0.0,TC1,n_agents,500,behavioral,2
565,282.5,0,0.0,TC1,n_agents,500,behavioral,2
566,283.0,0,0.0,TC1,n_agents,500,behavioral,2
567,283.5,0,0.0,TC1,n_agents,500,behavioral,2
568,284.0,0,0.0,TC1,n_agents,500,behavioral,2
569,284.5,0,0.0,TC1,n_agents,500,behavioral,2
570,285.0,0,0.0,TC1,n_agents,500,behavioral,2
571,285.5,0,0.0,TC1,n_agents,500,behavioral,2
572,286.0,0,0.0,TC1,n_agents,500,behavioral,2
573,286.5,0,0.0,TC1,n_agents,500,behavioral,2
574,287.0,0,0.0,TC1,n_agents,500,behavioral,2
575,287.5,0,0.0,TC1,n_agents,500,behavioral,2
576,288.0,0,0.0,TC1,n_agents,500,behavioral,2
577,288.5,0,0.0,TC1,n_agents,500,behavioral,2
578,289.0,0,0.0,TC1,n_agents,500,behavioral,2
579,289.5,0,0.0,TC1,n_agents,500,behavioral,2
580,290.0,0,0.0,TC1,n_agents,500,behavioral,2
581,290.5,0,0.0,TC1,n_agents,500,behavioral,2
582,291.0,0,0.0,TC1,n_agents,500,behavioral,2
583,291.5,0,0.0,TC1,n_agents,500,behavioral,2
584,292.0,0,0.0,TC1,n_agents,500,behavioral,2
585,292.5,0,0.0,TC1,n_agents,500,behavioral,2
586,293.0,0,0.0,TC1,n_agents,500,behavioral,2
587,293.5,0,0.0,TC1,n_agents,500,behavioral,2
588,294.0,0,0.0,TC1,n_agents,500,behavioral,2
589,294.5,0,0.0,TC1,n_agents,500,behavioral,2
590,295.0,0,0.0,TC1,n_agents,500,behavioral,2
591,295.5,0,0.0,TC1,n_agents,500,behavioral,2
592,296.0,0,0.0,TC1,n_agents,500,behavioral,2
593,296.5,0,0.0,TC1,n_agents,500,behavioral,2
594,297.0,0,0.0,TC1,n_agents,500,behavioral,2
595,297.5,0,0.0,TC1,n_agents,500,behavioral,2
596,298.0,0,0.0,TC1,n_agents,500,behavioral,2
597,298.5,0,0.0,TC1,n_agents,500,behavioral,2
598,299.0,0,0.0,TC1,n_agents,500,behavioral,2
599,299.5,0,0.0,TC1,n_agents,500,behavioral,2
600,300.0,0,0.0,TC1,n_agents,500,behavioral,2
601,300.5,0,0.0,TC1,n_agents,500,behavioral,2
602,301.0,0,0.0,TC1,n_agents,500,behavioral,2
603,301.5,0,0.0,TC1,n_agents,500,behavioral,2
604,302.0,0,0.0,TC1,n_agents,500,behavioral,2
605,302.5,0,0.0,TC1,n_agents,500,behavioral,2
606,303.0,0,0.0,TC1,n_agents,500,behavioral,2
607,303.5,0,0.0,TC1,n_agents,500,behavioral,2
608,304.0,0,0.0,TC1,n_agents,500,behavioral,2
609,304.5,0,0.0,TC1,n_agents,500,behavioral,2
610,305.0,0,0.0,TC1,n_agents,500,behavioral,2
611,305.5,0,0.0,TC1,n_agents,500,behavioral,2
612,306.0,0,0.0,TC1,n_agents,500,behavioral,2
613,306.5,0,0.0,TC1,n_agents,500,behavioral,2
614,307.0,0,0.0,TC1,n_agents,500,behavioral,2
615,307.5,0,0.0,TC1,n_agents,500,behavioral,2
616,308.0,0,0.0,TC1,n_agents,500,behavioral,2
617,308.5,0,0.0,TC1,n_agents,500,behavioral,2
618,309.0,0,0.0,TC1,n_agents,500,behavioral,2
619,309.5,0,0.0,TC1,n_agents,500,behavioral,2
620,310.0,0,0.0,TC1,n_agents,500,behavioral,2
621,310.5,0,0.0,TC1,n_agents,500,behavioral,2
622,311.0,0,0.0,TC1,n_agents,500,behavioral,2
623,311.5,0,0.0,TC1,n_agents,500,behavioral,2
624,312.0,0,0.0,TC1,n_agents,500,behavioral,2
625,312.5,0,0.0,TC1,n_agents,500,behavioral,2
626,313.0,0,0.0,TC1,n_agents,500,behavioral,2
627,313.5,0,0.0,TC1,n_agents,500,behavioral,2
628,314.0,0,0.0,TC1,n_agents,500,behavioral,2
629,314.5,0,0.0,TC1,n_agents,500,behavioral,2
630,315.0,0,0.0,TC1,n_agents,500,behavioral,2
631,315.5,0,0.0,TC1,n_agents,500,behavioral,2
632,316.0,0,0.0,TC1,n_agents,500,behavioral,2
633,316.5,0,0.0,TC1,n_agents,500,behavioral,2
634,317.0,0,0.0,TC1,n_agents,500,behavioral,2
635,317.5,0,0.0,TC1,n_agents,500,behavioral,2
636,318.0,0,0.0,TC1,n_agents,500,behavioral,2
637,318.5,0,0.0,TC1,n_agents,500,behavioral,2
638,319.0,0,0.0,TC1,n_agents,500,behavioral,2
639,319.5,0,0.0,TC1,n_agents,500,behavioral,2
640,320.0,0,0.0,TC1,n_agents,500,behavioral,2
641,320.5,0,0.0,TC1,n_agents,500,behavioral,2
642,321.0,0,0.0,TC1,n_agents,500,behavioral,2
643,321.5,0,0.0,TC1,n_agents,500,behavioral,2
644,322.0,0,0.0,TC1,n_agents,500,behavioral,2
645,322.5,0,0.0,TC1,n_agents,500,behavioral,2
646,323.0,0,0.0,TC1,n_agents,500,behavioral,2
647,323.5,0,0.0,TC1,n_agents,500,behavioral,2
648,324.0,0,0.0,TC1,n_agents,500,behavioral,2
649,324.5,0,0.0,TC1,n_agents,500,behavioral,2
650,325.0,0,0.0,TC1,n_agents,500,behavioral,2
651,325.5,0,0.0,TC1,n_agents,500,behavioral,2
652,326.0,0,0.0,TC1,n_agents,500,behavioral,2
653,326.5,0,0.0,TC1,n_agents,500,behavioral,2
654,327.0,0,0.0,TC1,n_agents,500,behavioral,2
655,327.5,0,0.0,TC1,n_agents,500,behavioral,2
656,328.0,0,0.0,TC1,n_agents,500,behavioral,2
657,328.5,0,0.0,TC1,n_agents,500,behavioral,2
658,329.0,0,0.0,TC1,n_agents,500,behavioral,2
659,329.5,0,0.0,TC1,n_agents,500,behavioral,2
660,330.0,0,0.0,TC1,n_agents,500,behavioral,2
661,330.5,0,0.0,TC1,n_agents,500,behavioral,2
662,331.0,0,0.0,TC1,n_agents,500,behavioral,2
663,331.5,0,0.0,TC1,n_agents,500,behavioral,2
664,332.0,0,0.0,TC1,n_agents,500,behavioral,2
665,332.5,0,0.0,TC1,n_agents,500,behavioral,2
666,333.0,0,0.0,TC1,n_agents,500,behavioral,2
667,333.5,0,0.0,TC1,n_agents,500,behavioral,2
668,334.0,0,0.0,TC1,n_agents,500,behavioral,2
669,334.5,0,0.0,TC1,n_agents,500,behavioral,2
670,335.0,0,0.0,TC1,n_agents,500,behavioral,2
671,335.5,0,0.0,TC1,n_agents,500,behavioral,2
672,336.0,0,0.0,TC1,n_agents,500,behavioral,2
673,336.5,0,0.0,TC1,n_agents,500,behavioral,2
674,337.0,0,0.0,TC1,n_agents,500,behavioral,2
675,337.5,0,0.0,TC1,n_agents,500,behavioral,2
676,338.0,0,0.0,TC1,n_agents,500,behavioral,2
677,338.5,0,0.0,TC1,n_agents,500,behavioral,2
678,339.0,0,0.0,TC1,n_agents,500,behavioral,2
679,339.5,0,0.0,TC1,n_agents,500,behavioral,2
680,340.0,0,0.0,TC1,n_agents,500,behavioral,2
681,340.5,0,0.0,TC1,n_agents,500,behavioral,2
682,341.0,0,0.0,TC1,n_agents,500,behavioral,2
683,341.5,0,0.0,TC1,n_agents,500,behavioral,2
684,342.0,0,0.0,TC1,n_agents,500,behavioral,2
685,342.5,0,0.0,TC1,n_agents,500,behavioral,2
686,343.0,0,0.0,TC1,n_agents,500,behavioral,2
687,343.5,0,0.0,TC1,n_agents,500,behavioral,2
688,344.0,0,0.0,TC1,n_agents,500,behavioral,2
689,344.5,0,0.0,TC1,n_agents,500,behavioral,2
690,345.0,0,0.0,TC1,n_agents,500,behavioral,2
691,345.5,0,0.0,TC1,n_agents,500,behavioral,2
692,346.0,0,0.0,TC1,n_agents,500,behavioral,2
693,346.5,0,0.0,TC1,n_agents,500,behavioral,2
694,347.0,0,0.0,TC1,n_agents,500,behavioral,2
695,347.5,0,0.0,TC1,n_agents,500,behavioral,2
696,348.0,0,0.0,TC1,n_agents,500,behavioral,2
697,348.5,0,0.0,TC1,n_agents,500,behavioral,2
698,349.0,0,0.0,TC1,n_agents,500,behavioral,2
699,349.5,0,0.0,TC1,n_agents,500,behavioral,2
700,350.0,0,0.0,TC1,n_agents,500,behavioral,2
701,350.5,0,0.0,TC1,n_agents,500,behavioral,2
702,351.0,0,0.0,TC1,n_agents,500,behavioral,2
703,351.5,0,0.0,TC1,n_agents,500,behavioral,2
704,352.0,0,0.0,TC1,n_agents,500,behavioral,2
705,352.5,0,0.0,TC1,n_agents,500,behavioral,2
706,353.0,0,0.0,TC1,n_agents,500,behavioral,2
707,353.5,0,0.0,TC1,n_agents,500,behavioral,2
708,354.0,0,0.0,TC1,n_agents,500,behavioral,2
709,354.5,0,0.0,TC1,n_agents,500,behavioral,2
710,355.0,0,0.0,TC1,n_agents,500,behavioral,2
711,355.5,0,0.0,TC1,n_agents,500,behavioral,2
712,356.0,0,0.0,TC1,n_agents,500,behavioral,2
713,356.5,0,0.0,TC1,n_agents,500,behavioral,2
714,357.0,0,0.0,TC1,n_agents,500,behavioral,2
715,357.5,0,0.0,TC1,n_agents,500,behavioral,2
716,358.0,0,0.0,TC1,n_agents,500,behavioral,2
717,358.5,0,0.0,TC1,n_agents,500,behavioral,2
718,359.0,0,0.0,TC1,n_agents,500,behavioral,2
719,359.5,0,0.0,TC1,n_agents,500,behavioral,2
720,360.0,0,0.0,TC1,n_agents,500,behavioral,2
721,360.5,0,0.0,TC1,n_agents,500,behavioral,2
722,361.0,0,0.0,TC1,n_agents,500,behavioral,2
723,361.5,0,0.0,TC1,n_agents,500,behavioral,2
724,362.0,0,0.0,TC1,n_agents,500,behavioral,2
725,362.5,0,0.0,TC1,n_agents,500,behavioral,2
726,363.0,0,0.0,TC1,n_agents,500,behavioral,2
727,363.5,0,0.0,TC1,n_agents,500,behavioral,2
728,364.0,0,0.0,TC1,n_agents,500,behavioral,2
729,364.5,0,0.0,TC1,n_agents,500,behavioral,2
730,365.0,0,0.0,TC1,n_agents,500,behavioral,2
731,365.5,0,0.0,TC1,n_agents,500,behavioral,2
732,366.0,0,0.0,TC1,n_agents,500,behavioral,2
733,366.5,0,0.0,TC1,n_agents,500,behavioral,2
734,367.0,0,0.0,TC1,n_agents,500,behavioral,2
735,367.5,0,0.0,TC1,n_agents,500,behavioral,2
736,368.0,0,0.0,TC1,n_agents,500,behavioral,2
737,368.5,0,0.0,TC1,n_agents,500,behavioral,2
738,369.0,0,0.0,TC1,n_agents,500,behavioral,2
739,369.5,0,0.0,TC1,n_agents,500,behavioral,2
740,370.0,0,0.0,TC1,n_agents,500,behavioral,2
741,370.5,0,0.0,TC1,n_agents,500,behavioral,2
742,371.0,0,0.0,TC1,n_agents,500,behavioral,2
743,371.5,0,0.0,TC1,n_agents,500,behavioral,2
744,372.0,0,0.0,TC1,n_agents,500,behavioral,2
745,372.5,0,0.0,TC1,n_agents,500,behavioral,2
746,373.0,0,0.0,TC1,n_agents,500,behavioral,2
747,373.5,0,0.0,TC1,n_agents,500,behavioral,2
748,374.0,0,0.0,TC1,n_agents,500,behavioral,2
749,374.5,0,0.0,TC1,n_agents,500,behavioral,2
750,375.0,0,0.0,TC1,n_agents,500,behavioral,2
751,375.5,0,0.0,TC1,n_agents,500,behavioral,2
752,376.0,0,0.0,TC1,n_agents,500,behavioral,2
753,376.5,0,0.0,TC1,n_agents,500,behavioral,2
754,377.0,0,0.0,TC1,n_agents,500,behavioral,2
755,377.5,0,0.0,TC1,n_agents,500,behavioral,2
756,378.0,0,0.0,TC1,n_agents,500,behavioral,2
757,378.5,0,0.0,TC1,n_agents,500,behavioral,2
758,379.0,0,0.0,TC1,n_agents,500,behavioral,2
759,379.5,0,0.0,TC1,n_agents,500,behavioral,2
760,380.0,0,0.0,TC1,n_agents,500,behavioral,2
761,380.5,0,0.0,TC1,n_agents,500,behavioral,2
762,381.0,0,0.0,TC1,n_agents,500,behavioral,2
763,381.5,0,0.0,TC1,n_agents,500,behavioral,2
764,382.0,0,0.0,TC1,n_agents,500,behavioral,2
765,382.5,0,0.0,TC1,n_agents,500,behavioral,2
766,383.0,0,0.0,TC1,n_agents,500,behavioral,2
767,383.5,0,0.0,TC1,n_agents,500,behavioral,2
768,384.0,0,0.0,TC1,n_agents,500,behavioral,2
769,384.5,0,0.0,TC1,n_agents,500,behavioral,2
770,385.0,0,0.0,TC1,n_agents,500,behavioral,2
771,385.5,0,0.0,TC1,n_agents,500,behavioral,2
772,386.0,0,0.0,TC1,n_agents,500,behavioral,2
773,386.5,0,0.0,TC1,n_agents,500,behavioral,2
774,387.0,0,0.0,TC1,n_agents,500,behavioral,2
775,387.5,0,0.0,TC1,n_agents,500,behavioral,2
776,388.0,0,0.0,TC1,n_agents,500,behavioral,2
777,388.5,0,0.0,TC1,n_agents,500,behavioral,2
778,389.0,0,0.0,TC1,n_agents,500,behavioral,2
779,389.5,0,0.0,TC1,n_agents,500,behavioral,2
780,390.0,0,0.0,TC1,n_agents,500,behavioral,2
781,390.5,0,0.0,TC1,n_agents,500,behavioral,2
782,391.0,0,0.0,TC1,n_agents,500,behavioral,2
783,391.5,0,0.0,TC1,n_agents,500,behavioral,2
784,392.0,0,0.0,TC1,n_agents,500,behavioral,2
785,392.5,0,0.0,TC1,n_agents,500,behavioral,2
786,393.0,0,0.0,TC1,n_agents,500,behavioral,2
787,393.5,0,0.0,TC1,n_agents,500,behavioral,2
788,394.0,0,0.0,TC1,n_agents,500,behavioral,2
789,394.5,0,0.0,TC1,n_agents,500,behavioral,2
790,395.0,0,0.0,TC1,n_agents,500,behavioral,2
791,395.5,0,0.0,TC1,n_agents,500,behavioral,2
792,396.0,0,0.0,TC1,n_agents,500,behavioral,2
793,396.5,0,0.0,TC1,n_agents,500,behavioral,2
794,397.0,0,0.0,TC1,n_agents,500,behavioral,2
795,397.5,0,0.0,TC1,n_agents,500,behavioral,2
796,398.0,0,0.0,TC1,n_agents,500,behavioral,2
797,398.5,0,0.0,TC1,n_agents,500,behavioral,2
798,399.0,0,0.0,TC1,n_agents,500,behavioral,2
799,399.5,0,0.0,TC1,n_agents,500,behavioral,2
800,400.0,0,0.0,TC1,n_agents,500,behavioral,2
0,0.0,0,0.0,TC1,n_agents,500,behavioral,3
1,0.5,0,0.0,TC1,n_agents,500,behavioral,3
2,1.0,0,0.0,TC1,n_agents,500,behavioral,3
3,1.5,0,0.0,TC1,n_agents,500,behavioral,3
4,2.0,0,0.0,TC1,n_agents,500,behavioral,3
5,2.5,0,0.0,TC1,n_agents,500,behavioral,3
6,3.0,0,0.0,TC1,n_agents,500,behavioral,3
7,3.5,0,0.0,TC1,n_agents,500,behavioral,3
8,4.0,0,0.0,TC1,n_agents,500,behavioral,3
9,4.5,0,0.0,TC1,n_agents,500,behavioral,3
10,5.0,0,0.0,TC1,n_agents,500,behavioral,3
11,5.5,0,0.0,TC1,n_agents,500,behavioral,3
12,6.0,0,0.0,TC1,n_agents,500,behavioral,3
13,6.5,0,0.0,TC1,n_agents,500,behavioral,3
14,7.0,0,0.0,TC1,n_agents,500,behavioral,3
15,7.5,0,0.0,TC1,n_agents,500,behavioral,3
16,8.0,0,0.0,TC1,n_agents,500,behavioral,3
17,8.5,0,0.0,TC1,n_agents,500,behavioral,3
18,9.0,0,0.0,TC1,n_agents,500,behavioral,3
19,9.5,0,0.0,TC1,n_agents,500,behavioral,3
20,10.0,0,0.0,TC1,n_agents,500,behavioral,3
21,10.5,0,0.0,TC1,n_agents,500,behavioral,3
22,11.0,0,0.0,TC1,n_agents,500,behavioral,3
23,11.5,0,0.0,TC1,n_agents,500,behavioral,3
24,12.0,0,0.0,TC1,n_agents,500,behavioral,3
25,12.5,0,0.0,TC1,n_agents,500,behavioral,3
26,13.0,0,0.0,TC1,n_agents,500,behavioral,3
27,13.5,0,0.0,TC1,n_agents,500,behavioral,3
28,14.0,0,0.0,TC1,n_agents,500,behavioral,3
29,14.5,0,0.0,TC1,n_agents,500,behavioral,3
30,15.0,0,0.0,TC1,n_agents,500,behavioral,3
31,15.5,0,0.0,TC1,n_agents,500,behavioral,3
32,16.0,0,0.0,TC1,n_agents,500,behavioral,3
33,16.5,0,0.0,TC1,n_agents,500,behavioral,3
34,17.0,0,0.0,TC1,n_agents,500,behavioral,3
35,17.5,0,0.0,TC1,n_agents,500,behavioral,3
36,18.0,0,0.0,TC1,n_agents,500,behavioral,3
37,18.5,0,0.0,TC1,n_agents,500,behavioral,3
38,19.0,0,0.0,TC1,n_agents,500,behavioral,3
39,19.5,0,0.0,TC1,n_agents,500,behavioral,3
40,20.0,0,0.0,TC1,n_agents,500,behavioral,3
41,20.5,0,0.0,TC1,n_agents,500,behavioral,3
42,21.0,0,0.0,TC1,n_agents,500,behavioral,3
43,21.5,0,0.0,TC1,n_agents,500,behavioral,3
44,22.0,0,0.0,TC1,n_agents,500,behavioral,3
45,22.5,0,0.0,TC1,n_agents,500,behavioral,3
46,23.0,0,0.0,TC1,n_agents,500,behavioral,3
47,23.5,0,0.0,TC1,n_agents,500,behavioral,3
48,24.0,0,0.0,TC1,n_agents,500,behavioral,3
49,24.5,0,0.0,TC1,n_agents,500,behavioral,3
50,25.0,0,0.0,TC1,n_agents,500,behavioral,3
51,25.5,0,0.0,TC1,n_agents,500,behavioral,3
52,26.0,0,0.0,TC1,n_agents,500,behavioral,3
53,26.5,0,0.0,TC1,n_agents,500,behavioral,3
54,27.0,0,0.0,TC1,n_agents,500,behavioral,3
55,27.5,0,0.0,TC1,n_agents,500,behavioral,3
56,28.0,0,0.0,TC1,n_agents,500,behavioral,3
57,28.5,0,0.0,TC1,n_agents,500,behavioral,3
58,29.0,0,0.0,TC1,n_agents,500,behavioral,3
59,29.5,0,0.0,TC1,n_agents,500,behavioral,3
60,30.0,0,0.0,TC1,n_agents,500,behavioral,3
61,30.5,0,0.0,TC1,n_agents,500,behavioral,3
62,31.0,0,0.0,TC1,n_agents,500,behavioral,3
63,31.5,0,0.0,TC1,n_agents,500,behavioral,3
64,32.0,0,0.0,TC1,n_agents,500,behavioral,3
65,32.5,0,0.0,TC1,n_agents,500,behavioral,3
66,33.0,0,0.0,TC1,n_agents,500,behavioral,3
67,33.5,0,0.0,TC1,n_agents,500,behavioral,3
68,34.0,0,0.0,TC1,n_agents,500,behavioral,3
69,34.5,0,0.0,TC1,n_agents,500,behavioral,3
70,35.0,0,0.0,TC1,n_agents,500,behavioral,3
71,35.5,0,0.0,TC1,n_agents,500,behavioral,3
72,36.0,0,0.0,TC1,n_agents,500,behavioral,3
73,36.5,0,0.0,TC1,n_agents,500,behavioral,3
74,37.0,0,0.0,TC1,n_agents,500,behavioral,3
75,37.5,0,0.0,TC1,n_agents,500,behavioral,3
76,38.0,0,0.0,TC1,n_agents,500,behavioral,3
77,38.5,0,0.0,TC1,n_agents,500,behavioral,3
78,39.0,0,0.0,TC1,n_agents,500,behavioral,3
79,39.5,0,0.0,TC1,n_agents,500,behavioral,3
80,40.0,0,0.0,TC1,n_agents,500,behavioral,3
81,40.5,0,0.0,TC1,n_agents,500,behavioral,3
82,41.0,0,0.0,TC1,n_agents,500,behavioral,3
83,41.5,0,0.0,TC1,n_agents,500,behavioral,3
84,42.0,0,0.0,TC1,n_agents,500,behavioral,3
85,42.5,0,0.0,TC1,n_agents,500,behavioral,3
86,43.0,0,0.0,TC1,n_agents,500,behavioral,3
87,43.5,0,0.0,TC1,n_agents,500,behavioral,3
88,44.0,0,0.0,TC1,n_agents,500,behavioral,3
89,44.5,0,0.0,TC1,n_agents,500,behavioral,3
90,45.0,0,0.0,TC1,n_agents,500,behavioral,3
91,45.5,0,0.0,TC1,n_agents,500,behavioral,3
92,46.0,0,0.0,TC1,n_agents,500,behavioral,3
93,46.5,0,0.0,TC1,n_agents,500,behavioral,3
94,47.0,0,0.0,TC1,n_agents,500,behavioral,3
95,47.5,0,0.0,TC1,n_agents,500,behavioral,3
96,48.0,0,0.0,TC1,n_agents,500,behavioral,3
97,48.5,0,0.0,TC1,n_agents,500,behavioral,3
98,49.0,0,0.0,TC1,n_agents,500,behavioral,3
99,49.5,0,0.0,TC1,n_agents,500,behavioral,3
100,50.0,0,0.0,TC1,n_agents,500,behavioral,3
101,50.5,0,0.0,TC1,n_agents,500,behavioral,3
102,51.0,0,0.0,TC1,n_agents,500,behavioral,3
103,51.5,0,0.0,TC1,n_agents,500,behavioral,3
104,52.0,0,0.0,TC1,n_agents,500,behavioral,3
105,52.5,0,0.0,TC1,n_agents,500,behavioral,3
106,53.0,0,0.0,TC1,n_agents,500,behavioral,3
107,53.5,0,0.0,TC1,n_agents,500,behavioral,3
108,54.0,0,0.0,TC1,n_agents,500,behavioral,3
109,54.5,0,0.0,TC1,n_agents,500,behavioral,3
110,55.0,0,0.0,TC1,n_agents,500,behavioral,3
111,55.5,0,0.0,TC1,n_agents,500,behavioral,3
112,56.0,0,0.0,TC1,n_agents,500,behavioral,3
113,56.5,0,0.0,TC1,n_agents,500,behavioral,3
114,57.0,0,0.0,TC1,n_agents,500,behavioral,3
115,57.5,0,0.0,TC1,n_agents,500,behavioral,3
116,58.0,0,0.0,TC1,n_agents,500,behavioral,3
117,58.5,0,0.0,TC1,n_agents,500,behavioral,3
118,59.0,0,0.0,TC1,n_agents,500,behavioral,3
119,59.5,0,0.0,TC1,n_agents,500,behavioral,3
120,60.0,0,0.0,TC1,n_agents,500,behavioral,3
121,60.5,0,0.0,TC1,n_agents,500,behavioral,3
122,61.0,0,0.0,TC1,n_agents,500,behavioral,3
123,61.5,0,0.0,TC1,n_agents,500,behavioral,3
124,62.0,0,0.0,TC1,n_agents,500,behavioral,3
125,62.5,0,0.0,TC1,n_agents,500,behavioral,3
126,63.0,0,0.0,TC1,n_agents,500,behavioral,3
127,63.5,0,0.0,TC1,n_agents,500,behavioral,3
128,64.0,0,0.0,TC1,n_agents,500,behavioral,3
129,64.5,0,0.0,TC1,n_agents,500,behavioral,3
130,65.0,0,0.0,TC1,n_agents,500,behavioral,3
131,65.5,0,0.0,TC1,n_agents,500,behavioral,3
132,66.0,0,0.0,TC1,n_agents,500,behavioral,3
133,66.5,0,0.0,TC1,n_agents,500,behavioral,3
134,67.0,0,0.0,TC1,n_agents,500,behavioral,3
135,67.5,0,0.0,TC1,n_agents,500,behavioral,3
136,68.0,0,0.0,TC1,n_agents,500,behavioral,3
137,68.5,0,0.0,TC1,n_agents,500,behavioral,3
138,69.0,0,0.0,TC1,n_agents,500,behavioral,3
139,69.5,0,0.0,TC1,n_agents,500,behavioral,3
140,70.0,0,0.0,TC1,n_agents,500,behavioral,3
141,70.5,0,0.0,TC1,n_agents,500,behavioral,3
142,71.0,0,0.0,TC1,n_agents,500,behavioral,3
143,71.5,0,0.0,TC1,n_agents,500,behavioral,3
144,72.0,0,0.0,TC1,n_agents,500,behavioral,3
145,72.5,0,0.0,TC1,n_agents,500,behavioral,3
146,73.0,0,0.0,TC1,n_agents,500,behavioral,3
147,73.5,0,0.0,TC1,n_agents,500,behavioral,3
148,74.0,0,0.0,TC1,n_agents,500,behavioral,3
149,74.5,0,0.0,TC1,n_agents,500,behavioral,3
150,75.0,0,0.0,TC1,n_agents,500,behavioral,3
151,75.5,0,0.0,TC1,n_agents,500,behavioral,3
152,76.0,0,0.0,TC1,n_agents,500,behavioral,3
153,76.5,0,0.0,TC1,n_agents,500,behavioral,3
154,77.0,0,0.0,TC1,n_agents,500,behavioral,3
155,77.5,0,0.0,TC1,n_agents,500,behavioral,3
156,78.0,0,0.0,TC1,n_agents,500,behavioral,3
157,78.5,0,0.0,TC1,n_agents,500,behavioral,3
158,79.0,0,0.0,TC1,n_agents,500,behavioral,3
159,79.5,0,0.0,TC1,n_agents,500,behavioral,3
160,80.0,0,0.0,TC1,n_agents,500,behavioral,3
161,80.5,0,0.0,TC1,n_agents,500,behavioral,3
162,81.0,0,0.0,TC1,n_agents,500,behavioral,3
163,81.5,0,0.0,TC1,n_agents,500,behavioral,3
164,82.0,0,0.0,TC1,n_agents,500,behavioral,3
165,82.5,0,0.0,TC1,n_agents,500,behavioral,3
166,83.0,0,0.0,TC1,n_agents,500,behavioral,3
167,83.5,0,0.0,TC1,n_agents,500,behavioral,3
168,84.0,0,0.0,TC1,n_agents,500,behavioral,3
169,84.5,0,0.0,TC1,n_agents,500,behavioral,3
170,85.0,0,0.0,TC1,n_agents,500,behavioral,3
171,85.5,0,0.0,TC1,n_agents,500,behavioral,3
172,86.0,0,0.0,TC1,n_agents,500,behavioral,3
173,86.5,0,0.0,TC1,n_agents,500,behavioral,3
174,87.0,0,0.0,TC1,n_agents,500,behavioral,3
175,87.5,0,0.0,TC1,n_agents,500,behavioral,3
176,88.0,0,0.0,TC1,n_agents,500,behavioral,3
177,88.5,0,0.0,TC1,n_agents,500,behavioral,3
178,89.0,0,0.0,TC1,n_agents,500,behavioral,3
179,89.5,0,0.0,TC1,n_agents,500,behavioral,3
180,90.0,0,0.0,TC1,n_agents,500,behavioral,3
181,90.5,0,0.0,TC1,n_agents,500,behavioral,3
182,91.0,0,0.0,TC1,n_agents,500,behavioral,3
183,91.5,0,0.0,TC1,n_agents,500,behavioral,3
184,92.0,0,0.0,TC1,n_agents,500,behavioral,3
185,92.5,0,0.0,TC1,n_agents,500,behavioral,3
186,93.0,0,0.0,TC1,n_agents,500,behavioral,3
187,93.5,0,0.0,TC1,n_agents,500,behavioral,3
188,94.0,0,0.0,TC1,n_agents,500,behavioral,3
189,94.5,0,0.0,TC1,n_agents,500,behavioral,3
190,95.0,0,0.0,TC1,n_agents,500,behavioral,3
191,95.5,0,0.0,TC1,n_agents,500,behavioral,3
192,96.0,0,0.0,TC1,n_agents,500,behavioral,3
193,96.5,0,0.0,TC1,n_agents,500,behavioral,3
194,97.0,0,0.0,TC1,n_agents,500,behavioral,3
195,97.5,0,0.0,TC1,n_agents,500,behavioral,3
196,98.0,0,0.0,TC1,n_agents,500,behavioral,3
197,98.5,0,0.0,TC1,n_agents,500,behavioral,3
198,99.0,0,0.0,TC1,n_agents,500,behavioral,3
199,99.5,0,0.0,TC1,n_agents,500,behavioral,3
200,100.0,0,0.0,TC1,n_agents,500,behavioral,3
201,100.5,0,0.0,TC1,n_agents,500,behavioral,3
202,101.0,0,0.0,TC1,n_agents,500,behavioral,3
203,101.5,0,0.0,TC1,n_agents,500,behavioral,3
204,102.0,0,0.0,TC1,n_agents,500,behavioral,3
205,102.5,0,0.0,TC1,n_agents,500,behavioral,3
206,103.0,0,0.0,TC1,n_agents,500,behavioral,3
207,103.5,0,0.0,TC1,n_agents,500,behavioral,3
208,104.0,0,0.0,TC1,n_agents,500,behavioral,3
209,104.5,0,0.0,TC1,n_agents,500,behavioral,3
210,105.0,0,0.0,TC1,n_agents,500,behavioral,3
211,105.5,0,0.0,TC1,n_agents,500,behavioral,3
212,106.0,0,0.0,TC1,n_agents,500,behavioral,3
213,106.5,0,0.0,TC1,n_agents,500,behavioral,3
214,107.0,0,0.0,TC1,n_agents,500,behavioral,3
215,107.5,0,0.0,TC1,n_agents,500,behavioral,3
216,108.0,0,0.0,TC1,n_agents,500,behavioral,3
217,108.5,0,0.0,TC1,n_agents,500,behavioral,3
218,109.0,0,0.0,TC1,n_agents,500,behavioral,3
219,109.5,0,0.0,TC1,n_agents,500,behavioral,3
220,110.0,0,0.0,TC1,n_agents,500,behavioral,3
221,110.5,0,0.0,TC1,n_agents,500,behavioral,3
222,111.0,0,0.0,TC1,n_agents,500,behavioral,3
223,111.5,0,0.0,TC1,n_agents,500,behavioral,3
224,112.0,0,0.0,TC1,n_agents,500,behavioral,3
225,112.5,0,0.0,TC1,n_agents,500,behavioral,3
226,113.0,0,0.0,TC1,n_agents,500,behavioral,3
227,113.5,0,0.0,TC1,n_agents,500,behavioral,3
228,114.0,0,0.0,TC1,n_agents,500,behavioral,3
229,114.5,0,0.0,TC1,n_agents,500,behavioral,3
230,115.0,0,0.0,TC1,n_agents,500,behavioral,3
231,115.5,0,0.0,TC1,n_agents,500,behavioral,3
232,116.0,0,0.0,TC1,n_agents,500,behavioral,3
233,116.5,0,0.0,TC1,n_agents,500,behavioral,3
234,117.0,0,0.0,TC1,n_agents,500,behavioral,3
235,117.5,0,0.0,TC1,n_agents,500,behavioral,3
236,118.0,0,0.0,TC1,n_agents,500,behavioral,3
237,118.5,0,0.0,TC1,n_agents,500,behavioral,3
238,119.0,0,0.0,TC1,n_agents,500,behavioral,3
239,119.5,0,0.0,TC1,n_agents,500,behavioral,3
240,120.0,0,0.0,TC1,n_agents,500,behavioral,3
241,120.5,0,0.0,TC1,n_agents,500,behavioral,3
242,121.0,0,0.0,TC1,n_agents,500,behavioral,3
243,121.5,0,0.0,TC1,n_agents,500,behavioral,3
244,122.0,0,0.0,TC1,n_agents,500,behavioral,3
245,122.5,0,0.0,TC1,n_agents,500,behavioral,3
246,123.0,0,0.0,TC1,n_agents,500,behavioral,3
247,123.5,0,0.0,TC1,n_agents,500,behavioral,3
248,124.0,0,0.0,TC1,n_agents,500,behavioral,3
249,124.5,0,0.0,TC1,n_agents,500,behavioral,3
250,125.0,0,0.0,TC1,n_agents,500,behavioral,3
251,125.5,0,0.0,TC1,n_agents,500,behavioral,3
252,126.0,0,0.0,TC1,n_agents,500,behavioral,3
253,126.5,0,0.0,TC1,n_agents,500,behavioral,3
254,127.0,0,0.0,TC1,n_agents,500,behavioral,3
255,127.5,0,0.0,TC1,n_agents,500,behavioral,3
256,128.0,0,0.0,TC1,n_agents,500,behavioral,3
257,128.5,0,0.0,TC1,n_agents,500,behavioral,3
258,129.0,0,0.0,TC1,n_agents,500,behavioral,3
259,129.5,0,0.0,TC1,n_agents,500,behavioral,3
260,130.0,0,0.0,TC1,n_agents,500,behavioral,3
261,130.5,0,0.0,TC1,n_agents,500,behavioral,3
262,131.0,0,0.0,TC1,n_agents,500,behavioral,3
263,131.5,0,0.0,TC1,n_agents,500,behavioral,3
264,132.0,0,0.0,TC1,n_agents,500,behavioral,3
265,132.5,0,0.0,TC1,n_agents,500,behavioral,3
266,133.0,0,0.0,TC1,n_agents,500,behavioral,3
267,133.5,0,0.0,TC1,n_agents,500,behavioral,3
268,134.0,0,0.0,TC1,n_agents,500,behavioral,3
269,134.5,0,0.0,TC1,n_agents,500,behavioral,3
270,135.0,0,0.0,TC1,n_agents,500,behavioral,3
271,135.5,0,0.0,TC1,n_agents,500,behavioral,3
272,136.0,0,0.0,TC1,n_agents,500,behavioral,3
273,136.5,0,0.0,TC1,n_agents,500,behavioral,3
274,137.0,0,0.0,TC1,n_agents,500,behavioral,3
275,137.5,0,0.0,TC1,n_agents,500,behavioral,3
276,138.0,0,0.0,TC1,n_agents,500,behavioral,3
277,138.5,0,0.0,TC1,n_agents,500,behavioral,3
278,139.0,0,0.0,TC1,n_agents,500,behavioral,3
279,139.5,0,0.0,TC1,n_agents,500,behavioral,3
280,140.0,0,0.0,TC1,n_agents,500,behavioral,3
281,140.5,0,0.0,TC1,n_agents,500,behavioral,3
282,141.0,0,0.0,TC1,n_agents,500,behavioral,3
283,141.5,0,0.0,TC1,n_agents,500,behavioral,3
284,142.0,0,0.0,TC1,n_agents,500,behavioral,3
285,142.5,0,0.0,TC1,n_agents,500,behavioral,3
286,143.0,0,0.0,TC1,n_agents,500,behavioral,3
287,143.5,0,0.0,TC1,n_agents,500,behavioral,3
288,144.0,0,0.0,TC1,n_agents,500,behavioral,3
289,144.5,0,0.0,TC1,n_agents,500,behavioral,3
290,145.0,0,0.0,TC1,n_agents,500,behavioral,3
291,145.5,0,0.0,TC1,n_agents,500,behavioral,3
292,146.0,0,0.0,TC1,n_agents,500,behavioral,3
293,146.5,0,0.0,TC1,n_agents,500,behavioral,3
294,147.0,0,0.0,TC1,n_agents,500,behavioral,3
295,147.5,0,0.0,TC1,n_agents,500,behavioral,3
296,148.0,0,0.0,TC1,n_agents,500,behavioral,3
297,148.5,0,0.0,TC1,n_agents,500,behavioral,3
298,149.0,0,0.0,TC1,n_agents,500,behavioral,3
299,149.5,0,0.0,TC1,n_agents,500,behavioral,3
300,150.0,0,0.0,TC1,n_agents,500,behavioral,3
301,150.5,0,0.0,TC1,n_agents,500,behavioral,3
302,151.0,0,0.0,TC1,n_agents,500,behavioral,3
303,151.5,0,0.0,TC1,n_agents,500,behavioral,3
304,152.0,0,0.0,TC1,n_agents,500,behavioral,3
305,152.5,0,0.0,TC1,n_agents,500,behavioral,3
306,153.0,0,0.0,TC1,n_agents,500,behavioral,3
307,153.5,0,0.0,TC1,n_agents,500,behavioral,3
308,154.0,0,0.0,TC1,n_agents,500,behavioral,3
309,154.5,0,0.0,TC1,n_agents,500,behavioral,3
310,155.0,0,0.0,TC1,n_agents,500,behavioral,3
311,155.5,0,0.0,TC1,n_agents,500,behavioral,3
312,156.0,0,0.0,TC1,n_agents,500,behavioral,3
313,156.5,0,0.0,TC1,n_agents,500,behavioral,3
314,157.0,0,0.0,TC1,n_agents,500,behavioral,3
315,157.5,0,0.0,TC1,n_agents,500,behavioral,3
316,158.0,0,0.0,TC1,n_agents,500,behavioral,3
317,158.5,0,0.0,TC1,n_agents,500,behavioral,3
318,159.0,0,0.0,TC1,n_agents,500,behavioral,3
319,159.5,0,0.0,TC1,n_agents,500,behavioral,3
320,160.0,0,0.0,TC1,n_agents,500,behavioral,3
321,160.5,0,0.0,TC1,n_agents,500,behavioral,3
322,161.0,0,0.0,TC1,n_agents,500,behavioral,3
323,161.5,0,0.0,TC1,n_agents,500,behavioral,3
324,162.0,0,0.0,TC1,n_agents,500,behavioral,3
325,162.5,0,0.0,TC1,n_agents,500,behavioral,3
326,163.0,0,0.0,TC1,n_agents,500,behavioral,3
327,163.5,0,0.0,TC1,n_agents,500,behavioral,3
328,164.0,0,0.0,TC1,n_agents,500,behavioral,3
329,164.5,0,0.0,TC1,n_agents,500,behavioral,3
330,165.0,0,0.0,TC1,n_agents,500,behavioral,3
331,165.5,0,0.0,TC1,n_agents,500,behavioral,3
332,166.0,0,0.0,TC1,n_agents,500,behavioral,3
333,166.5,0,0.0,TC1,n_agents,500,behavioral,3
334,167.0,0,0.0,TC1,n_agents,500,behavioral,3
335,167.5,0,0.0,TC1,n_agents,500,behavioral,3
336,168.0,0,0.0,TC1,n_agents,500,behavioral,3
337,168.5,0,0.0,TC1,n_agents,500,behavioral,3
338,169.0,0,0.0,TC1,n_agents,500,behavioral,3
339,169.5,0,0.0,TC1,n_agents,500,behavioral,3
340,170.0,0,0.0,TC1,n_agents,500,behavioral,3
341,170.5,0,0.0,TC1,n_agents,500,behavioral,3
342,171.0,0,0.0,TC1,n_agents,500,behavioral,3
343,171.5,0,0.0,TC1,n_agents,500,behavioral,3
344,172.0,0,0.0,TC1,n_agents,500,behavioral,3
345,172.5,0,0.0,TC1,n_agents,500,behavioral,3
346,173.0,0,0.0,TC1,n_agents,500,behavioral,3
347,173.5,0,0.0,TC1,n_agents,500,behavioral,3
348,174.0,0,0.0,TC1,n_agents,500,behavioral,3
349,174.5,0,0.0,TC1,n_agents,500,behavioral,3
350,175.0,0,0.0,TC1,n_agents,500,behavioral,3
351,175.5,0,0.0,TC1,n_agents,500,behavioral,3
352,176.0,0,0.0,TC1,n_agents,500,behavioral,3
353,176.5,0,0.0,TC1,n_agents,500,behavioral,3
354,177.0,0,0.0,TC1,n_agents,500,behavioral,3
355,177.5,0,0.0,TC1,n_agents,500,behavioral,3
356,178.0,0,0.0,TC1,n_agents,500,behavioral,3
357,178.5,0,0.0,TC1,n_agents,500,behavioral,3
358,179.0,0,0.0,TC1,n_agents,500,behavioral,3
359,179.5,0,0.0,TC1,n_agents,500,behavioral,3
360,180.0,0,0.0,TC1,n_agents,500,behavioral,3
361,180.5,0,0.0,TC1,n_agents,500,behavioral,3
362,181.0,0,0.0,TC1,n_agents,500,behavioral,3
363,181.5,0,0.0,TC1,n_agents,500,behavioral,3
364,182.0,0,0.0,TC1,n_agents,500,behavioral,3
365,182.5,0,0.0,TC1,n_agents,500,behavioral,3
366,183.0,0,0.0,TC1,n_agents,500,behavioral,3
367,183.5,0,0.0,TC1,n_agents,500,behavioral,3
368,184.0,0,0.0,TC1,n_agents,500,behavioral,3
369,184.5,0,0.0,TC1,n_agents,500,behavioral,3
370,185.0,0,0.0,TC1,n_agents,500,behavioral,3
371,185.5,0,0.0,TC1,n_agents,500,behavioral,3
372,186.0,0,0.0,TC1,n_agents,500,behavioral,3
373,186.5,0,0.0,TC1,n_agents,500,behavioral,3
374,187.0,0,0.0,TC1,n_agents,500,behavioral,3
375,187.5,0,0.0,TC1,n_agents,500,behavioral,3
376,188.0,0,0.0,TC1,n_agents,500,behavioral,3
377,188.5,0,0.0,TC1,n_agents,500,behavioral,3
378,189.0,0,0.0,TC1,n_agents,500,behavioral,3
379,189.5,0,0.0,TC1,n_agents,500,behavioral,3
380,190.0,0,0.0,TC1,n_agents,500,behavioral,3
381,190.5,0,0.0,TC1,n_agents,500,behavioral,3
382,191.0,0,0.0,TC1,n_agents,500,behavioral,3
383,191.5,0,0.0,TC1,n_agents,500,behavioral,3
384,192.0,0,0.0,TC1,n_agents,500,behavioral,3
385,192.5,0,0.0,TC1,n_agents,500,behavioral,3
386,193.0,0,0.0,TC1,n_agents,500,behavioral,3
387,193.5,0,0.0,TC1,n_agents,500,behavioral,3
388,194.0,0,0.0,TC1,n_agents,500,behavioral,3
389,194.5,0,0.0,TC1,n_agents,500,behavioral,3
390,195.0,0,0.0,TC1,n_agents,500,behavioral,3
391,195.5,0,0.0,TC1,n_agents,500,behavioral,3
392,196.0,0,0.0,TC1,n_agents,500,behavioral,3
393,196.5,0,0.0,TC1,n_agents,500,behavioral,3
394,197.0,0,0.0,TC1,n_agents,500,behavioral,3
395,197.5,0,0.0,TC1,n_agents,500,behavioral,3
396,198.0,0,0.0,TC1,n_agents,500,behavioral,3
397,198.5,0,0.0,TC1,n_agents,500,behavioral,3
398,199.0,0,0.0,TC1,n_agents,500,behavioral,3
399,199.5,0,0.0,TC1,n_agents,500,behavioral,3
400,200.0,0,0.0,TC1,n_agents,500,behavioral,3
401,200.5,0,0.0,TC1,n_agents,500,behavioral,3
402,201.0,0,0.0,TC1,n_agents,500,behavioral,3
403,201.5,0,0.0,TC1,n_agents,500,behavioral,3
404,202.0,0,0.0,TC1,n_agents,500,behavioral,3
405,202.5,0,0.0,TC1,n_agents,500,behavioral,3
406,203.0,0,0.0,TC1,n_agents,500,behavioral,3
407,203.5,0,0.0,TC1,n_agents,500,behavioral,3
408,204.0,0,0.0,TC1,n_agents,500,behavioral,3
409,204.5,0,0.0,TC1,n_agents,500,behavioral,3
410,205.0,0,0.0,TC1,n_agents,500,behavioral,3
411,205.5,0,0.0,TC1,n_agents,500,behavioral,3
412,206.0,0,0.0,TC1,n_agents,500,behavioral,3
413,206.5,0,0.0,TC1,n_agents,500,behavioral,3
414,207.0,0,0.0,TC1,n_agents,500,behavioral,3
415,207.5,0,0.0,TC1,n_agents,500,behavioral,3
416,208.0,0,0.0,TC1,n_agents,500,behavioral,3
417,208.5,0,0.0,TC1,n_agents,500,behavioral,3
418,209.0,0,0.0,TC1,n_agents,500,behavioral,3
419,209.5,0,0.0,TC1,n_agents,500,behavioral,3
420,210.0,0,0.0,TC1,n_agents,500,behavioral,3
421,210.5,0,0.0,TC1,n_agents,500,behavioral,3
422,211.0,0,0.0,TC1,n_agents,500,behavioral,3
423,211.5,0,0.0,TC1,n_agents,500,behavioral,3
424,212.0,0,0.0,TC1,n_agents,500,behavioral,3
425,212.5,0,0.0,TC1,n_agents,500,behavioral,3
426,213.0,0,0.0,TC1,n_agents,500,behavioral,3
427,213.5,0,0.0,TC1,n_agents,500,behavioral,3
428,214.0,0,0.0,TC1,n_agents,500,behavioral,3
429,214.5,0,0.0,TC1,n_agents,500,behavioral,3
430,215.0,0,0.0,TC1,n_agents,500,behavioral,3
431,215.5,0,0.0,TC1,n_agents,500,behavioral,3
432,216.0,0,0.0,TC1,n_agents,500,behavioral,3
433,216.5,0,0.0,TC1,n_agents,500,behavioral,3
434,217.0,0,0.0,TC1,n_agents,500,behavioral,3
435,217.5,0,0.0,TC1,n_agents,500,behavioral,3
436,218.0,0,0.0,TC1,n_agents,500,behavioral,3
437,218.5,0,0.0,TC1,n_agents,500,behavioral,3
438,219.0,0,0.0,TC1,n_agents,500,behavioral,3
439,219.5,0,0.0,TC1,n_agents,500,behavioral,3
440,220.0,0,0.0,TC1,n_agents,500,behavioral,3
441,220.5,0,0.0,TC1,n_agents,500,behavioral,3
442,221.0,0,0.0,TC1,n_agents,500,behavioral,3
443,221.5,0,0.0,TC1,n_agents,500,behavioral,3
444,222.0,0,0.0,TC1,n_agents,500,behavioral,3
445,222.5,0,0.0,TC1,n_agents,500,behavioral,3
446,223.0,0,0.0,TC1,n_agents,500,behavioral,3
447,223.5,0,0.0,TC1,n_agents,500,behavioral,3
448,224.0,0,0.0,TC1,n_agents,500,behavioral,3
449,224.5,0,0.0,TC1,n_agents,500,behavioral,3
450,225.0,0,0.0,TC1,n_agents,500,behavioral,3
451,225.5,0,0.0,TC1,n_agents,500,behavioral,3
452,226.0,0,0.0,TC1,n_agents,500,behavioral,3
453,226.5,0,0.0,TC1,n_agents,500,behavioral,3
454,227.0,0,0.0,TC1,n_agents,500,behavioral,3
455,227.5,0,0.0,TC1,n_agents,500,behavioral,3
456,228.0,0,0.0,TC1,n_agents,500,behavioral,3
457,228.5,0,0.0,TC1,n_agents,500,behavioral,3
458,229.0,0,0.0,TC1,n_agents,500,behavioral,3
459,229.5,0,0.0,TC1,n_agents,500,behavioral,3
460,230.0,0,0.0,TC1,n_agents,500,behavioral,3
461,230.5,0,0.0,TC1,n_agents,500,behavioral,3
462,231.0,0,0.0,TC1,n_agents,500,behavioral,3
463,231.5,0,0.0,TC1,n_agents,500,behavioral,3
464,232.0,0,0.0,TC1,n_agents,500,behavioral,3
465,232.5,0,0.0,TC1,n_agents,500,behavioral,3
466,233.0,0,0.0,TC1,n_agents,500,behavioral,3
467,233.5,0,0.0,TC1,n_agents,500,behavioral,3
468,234.0,0,0.0,TC1,n_agents,500,behavioral,3
469,234.5,0,0.0,TC1,n_agents,500,behavioral,3
470,235.0,0,0.0,TC1,n_agents,500,behavioral,3
471,235.5,0,0.0,TC1,n_agents,500,behavioral,3
472,236.0,0,0.0,TC1,n_agents,500,behavioral,3
473,236.5,0,0.0,TC1,n_agents,500,behavioral,3
474,237.0,0,0.0,TC1,n_agents,500,behavioral,3
475,237.5,0,0.0,TC1,n_agents,500,behavioral,3
476,238.0,0,0.0,TC1,n_agents,500,behavioral,3
477,238.5,0,0.0,TC1,n_agents,500,behavioral,3
478,239.0,0,0.0,TC1,n_agents,500,behavioral,3
479,239.5,0,0.0,TC1,n_agents,500,behavioral,3
480,240.0,0,0.0,TC1,n_agents,500,behavioral,3
481,240.5,0,0.0,TC1,n_agents,500,behavioral,3
482,241.0,0,0.0,TC1,n_agents,500,behavioral,3
483,241.5,0,0.0,TC1,n_agents,500,behavioral,3
484,242.0,0,0.0,TC1,n_agents,500,behavioral,3
485,242.5,0,0.0,TC1,n_agents,500,behavioral,3
486,243.0,0,0.0,TC1,n_agents,500,behavioral,3
487,243.5,0,0.0,TC1,n_agents,500,behavioral,3
488,244.0,0,0.0,TC1,n_agents,500,behavioral,3
489,244.5,0,0.0,TC1,n_agents,500,behavioral,3
490,245.0,0,0.0,TC1,n_agents,500,behavioral,3
491,245.5,0,0.0,TC1,n_agents,500,behavioral,3
492,246.0,0,0.0,TC1,n_agents,500,behavioral,3
493,246.5,0,0.0,TC1,n_agents,500,behavioral,3
494,247.0,0,0.0,TC1,n_agents,500,behavioral,3
495,247.5,0,0.0,TC1,n_agents,500,behavioral,3
496,248.0,0,0.0,TC1,n_agents,500,behavioral,3
497,248.5,0,0.0,TC1,n_agents,500,behavioral,3
498,249.0,0,0.0,TC1,n_agents,500,behavioral,3
499,249.5,0,0.0,TC1,n_agents,500,behavioral,3
500,250.0,0,0.0,TC1,n_agents,500,behavioral,3
501,250.5,0,0.0,TC1,n_agents,500,behavioral,3
502,251.0,0,0.0,TC1,n_agents,500,behavioral,3
503,251.5,0,0.0,TC1,n_agents,500,behavioral,3
504,252.0,0,0.0,TC1,n_agents,500,behavioral,3
505,252.5,0,0.0,TC1,n_agents,500,behavioral,3
506,253.0,0,0.0,TC1,n_agents,500,behavioral,3
507,253.5,0,0.0,TC1,n_agents,500,behavioral,3
508,254.0,0,0.0,TC1,n_agents,500,behavioral,3
509,254.5,0,0.0,TC1,n_agents,500,behavioral,3
510,255.0,0,0.0,TC1,n_agents,500,behavioral,3
511,255.5,0,0.0,TC1,n_agents,500,behavioral,3
512,256.0,0,0.0,TC1,n_agents,500,behavioral,3
513,256.5,0,0.0,TC1,n_agents,500,behavioral,3
514,257.0,0,0.0,TC1,n_agents,500,behavioral,3
515,257.5,0,0.0,TC1,n_agents,500,behavioral,3
516,258.0,0,0.0,TC1,n_agents,500,behavioral,3
517,258.5,0,0.0,TC1,n_agents,500,behavioral,3
518,259.0,0,0.0,TC1,n_agents,500,behavioral,3
519,259.5,0,0.0,TC1,n_agents,500,behavioral,3
520,260.0,0,0.0,TC1,n_agents,500,behavioral,3
521,260.5,0,0.0,TC1,n_agents,500,behavioral,3
522,261.0,0,0.0,TC1,n_agents,500,behavioral,3
523,261.5,0,0.0,TC1,n_agents,500,behavioral,3
524,262.0,0,0.0,TC1,n_agents,500,behavioral,3
525,262.5,0,0.0,TC1,n_agents,500,behavioral,3
526,263.0,0,0.0,TC1,n_agents,500,behavioral,3
527,263.5,0,0.0,TC1,n_agents,500,behavioral,3
528,264.0,0,0.0,TC1,n_agents,500,behavioral,3
529,264.5,0,0.0,TC1,n_agents,500,behavioral,3
530,265.0,0,0.0,TC1,n_agents,500,behavioral,3
531,265.5,0,0.0,TC1,n_agents,500,behavioral,3
532,266.0,0,0.0,TC1,n_agents,500,behavioral,3
533,266.5,0,0.0,TC1,n_agents,500,behavioral,3
534,267.0,0,0.0,TC1,n_agents,500,behavioral,3
535,267.5,0,0.0,TC1,n_agents,500,behavioral,3
536,268.0,0,0.0,TC1,n_agents,500,behavioral,3
537,268.5,0,0.0,TC1,n_agents,500,behavioral,3
538,269.0,0,0.0,TC1,n_agents,500,behavioral,3
539,269.5,0,0.0,TC1,n_agents,500,behavioral,3
540,270.0,0,0.0,TC1,n_agents,500,behavioral,3
541,270.5,0,0.0,TC1,n_agents,500,behavioral,3
542,271.0,0,0.0,TC1,n_agents,500,behavioral,3
543,271.5,0,0.0,TC1,n_agents,500,behavioral,3
544,272.0,0,0.0,TC1,n_agents,500,behavioral,3
545,272.5,0,0.0,TC1,n_agents,500,behavioral,3
546,273.0,0,0.0,TC1,n_agents,500,behavioral,3
547,273.5,0,0.0,TC1,n_agents,500,behavioral,3
548,274.0,0,0.0,TC1,n_agents,500,behavioral,3
549,274.5,0,0.0,TC1,n_agents,500,behavioral,3
550,275.0,0,0.0,TC1,n_agents,500,behavioral,3
551,275.5,0,0.0,TC1,n_agents,500,behavioral,3
552,276.0,0,0.0,TC1,n_agents,500,behavioral,3
553,276.5,0,0.0,TC1,n_agents,500,behavioral,3
554,277.0,0,0.0,TC1,n_agents,500,behavioral,3
555,277.5,0,0.0,TC1,n_agents,500,behavioral,3
556,278.0,0,0.0,TC1,n_agents,500,behavioral,3
557,278.5,0,0.0,TC1,n_agents,500,behavioral,3
558,279.0,0,0.0,TC1,n_agents,500,behavioral,3
559,279.5,0,0.0,TC1,n_agents,500,behavioral,3
560,280.0,0,0.0,TC1,n_agents,500,behavioral,3
561,280.5,0,0.0,TC1,n_agents,500,behavioral,3
562,281.0,0,0.0,TC1,n_agents,500,behavioral,3
563,281.5,0,0.0,TC1,n_agents,500,behavioral,3
564,282.0,0,0.0,TC1,n_agents,500,behavioral,3
565,282.5,0,0.0,TC1,n_agents,500,behavioral,3
566,283.0,0,0.0,TC1,n_agents,500,behavioral,3
567,283.5,0,0.0,TC1,n_agents,500,behavioral,3
568,284.0,0,0.0,TC1,n_agents,500,behavioral,3
569,284.5,0,0.0,TC1,n_agents,500,behavioral,3
570,285.0,0,0.0,TC1,n_agents,500,behavioral,3
571,285.5,0,0.0,TC1,n_agents,500,behavioral,3
572,286.0,0,0.0,TC1,n_agents,500,behavioral,3
573,286.5,0,0.0,TC1,n_agents,500,behavioral,3
574,287.0,0,0.0,TC1,n_agents,500,behavioral,3
575,287.5,0,0.0,TC1,n_agents,500,behavioral,3
576,288.0,0,0.0,TC1,n_agents,500,behavioral,3
577,288.5,0,0.0,TC1,n_agents,500,behavioral,3
578,289.0,0,0.0,TC1,n_agents,500,behavioral,3
579,289.5,0,0.0,TC1,n_agents,500,behavioral,3
580,290.0,0,0.0,TC1,n_agents,500,behavioral,3
581,290.5,0,0.0,TC1,n_agents,500,behavioral,3
582,291.0,0,0.0,TC1,n_agents,500,behavioral,3
583,291.5,0,0.0,TC1,n_agents,500,behavioral,3
584,292.0,0,0.0,TC1,n_agents,500,behavioral,3
585,292.5,0,0.0,TC1,n_agents,500,behavioral,3
586,293.0,0,0.0,TC1,n_agents,500,behavioral,3
587,293.5,0,0.0,TC1,n_agents,500,behavioral,3
588,294.0,0,0.0,TC1,n_agents,500,behavioral,3
589,294.5,0,0.0,TC1,n_agents,500,behavioral,3
590,295.0,0,0.0,TC1,n_agents,500,behavioral,3
591,295.5,0,0.0,TC1,n_agents,500,behavioral,3
592,296.0,0,0.0,TC1,n_agents,500,behavioral,3
593,296.5,0,0.0,TC1,n_agents,500,behavioral,3
594,297.0,0,0.0,TC1,n_agents,500,behavioral,3
595,297.5,0,0.0,TC1,n_agents,500,behavioral,3
596,298.0,0,0.0,TC1,n_agents,500,behavioral,3
597,298.5,0,0.0,TC1,n_agents,500,behavioral,3
598,299.0,0,0.0,TC1,n_agents,500,behavioral,3
599,299.5,0,0.0,TC1,n_agents,500,behavioral,3
600,300.0,0,0.0,TC1,n_agents,500,behavioral,3
601,300.5,0,0.0,TC1,n_agents,500,behavioral,3
602,301.0,0,0.0,TC1,n_agents,500,behavioral,3
603,301.5,0,0.0,TC1,n_agents,500,behavioral,3
604,302.0,0,0.0,TC1,n_agents,500,behavioral,3
605,302.5,0,0.0,TC1,n_agents,500,behavioral,3
606,303.0,0,0.0,TC1,n_agents,500,behavioral,3
607,303.5,0,0.0,TC1,n_agents,500,behavioral,3
608,304.0,0,0.0,TC1,n_agents,500,behavioral,3
609,304.5,0,0.0,TC1,n_agents,500,behavioral,3
610,305.0,0,0.0,TC1,n_agents,500,behavioral,3
611,305.5,0,0.0,TC1,n_agents,500,behavioral,3
612,306.0,0,0.0,TC1,n_agents,500,behavioral,3
613,306.5,0,0.0,TC1,n_agents,500,behavioral,3
614,307.0,0,0.0,TC1,n_agents,500,behavioral,3
615,307.5,0,0.0,TC1,n_agents,500,behavioral,3
616,308.0,0,0.0,TC1,n_agents,500,behavioral,3
617,308.5,0,0.0,TC1,n_agents,500,behavioral,3
618,309.0,0,0.0,TC1,n_agents,500,behavioral,3
619,309.5,0,0.0,TC1,n_agents,500,behavioral,3
620,310.0,0,0.0,TC1,n_agents,500,behavioral,3
621,310.5,0,0.0,TC1,n_agents,500,behavioral,3
622,311.0,0,0.0,TC1,n_agents,500,behavioral,3
623,311.5,0,0.0,TC1,n_agents,500,behavioral,3
624,312.0,0,0.0,TC1,n_agents,500,behavioral,3
625,312.5,0,0.0,TC1,n_agents,500,behavioral,3
626,313.0,0,0.0,TC1,n_agents,500,behavioral,3
627,313.5,0,0.0,TC1,n_agents,500,behavioral,3
628,314.0,0,0.0,TC1,n_agents,500,behavioral,3
629,314.5,0,0.0,TC1,n_agents,500,behavioral,3
630,315.0,0,0.0,TC1,n_agents,500,behavioral,3
631,315.5,0,0.0,TC1,n_agents,500,behavioral,3
632,316.0,0,0.0,TC1,n_agents,500,behavioral,3
633,316.5,0,0.0,TC1,n_agents,500,behavioral,3
634,317.0,0,0.0,TC1,n_agents,500,behavioral,3
635,317.5,0,0.0,TC1,n_agents,500,behavioral,3
636,318.0,0,0.0,TC1,n_agents,500,behavioral,3
637,318.5,0,0.0,TC1,n_agents,500,behavioral,3
638,319.0,0,0.0,TC1,n_agents,500,behavioral,3
639,319.5,0,0.0,TC1,n_agents,500,behavioral,3
640,320.0,0,0.0,TC1,n_agents,500,behavioral,3
641,320.5,0,0.0,TC1,n_agents,500,behavioral,3
642,321.0,0,0.0,TC1,n_agents,500,behavioral,3
643,321.5,0,0.0,TC1,n_agents,500,behavioral,3
644,322.0,0,0.0,TC1,n_agents,500,behavioral,3
645,322.5,0,0.0,TC1,n_agents,500,behavioral,3
646,323.0,0,0.0,TC1,n_agents,500,behavioral,3
647,323.5,0,0.0,TC1,n_agents,500,behavioral,3
648,324.0,0,0.0,TC1,n_agents,500,behavioral,3
649,324.5,0,0.0,TC1,n_agents,500,behavioral,3
650,325.0,0,0.0,TC1,n_agents,500,behavioral,3
651,325.5,0,0.0,TC1,n_agents,500,behavioral,3
652,326.0,0,0.0,TC1,n_agents,500,behavioral,3
653,326.5,0,0.0,TC1,n_agents,500,behavioral,3
654,327.0,0,0.0,TC1,n_agents,500,behavioral,3
655,327.5,0,0.0,TC1,n_agents,500,behavioral,3
656,328.0,0,0.0,TC1,n_agents,500,behavioral,3
657,328.5,0,0.0,TC1,n_agents,500,behavioral,3
658,329.0,0,0.0,TC1,n_agents,500,behavioral,3
659,329.5,0,0.0,TC1,n_agents,500,behavioral,3
660,330.0,0,0.0,TC1,n_agents,500,behavioral,3
661,330.5,0,0.0,TC1,n_agents,500,behavioral,3
662,331.0,0,0.0,TC1,n_agents,500,behavioral,3
663,331.5,0,0.0,TC1,n_agents,500,behavioral,3
664,332.0,0,0.0,TC1,n_agents,500,behavioral,3
665,332.5,0,0.0,TC1,n_agents,500,behavioral,3
666,333.0,0,0.0,TC1,n_agents,500,behavioral,3
667,333.5,0,0.0,TC1,n_agents,500,behavioral,3
668,334.0,0,0.0,TC1,n_agents,500,behavioral,3
669,334.5,0,0.0,TC1,n_agents,500,behavioral,3
670,335.0,0,0.0,TC1,n_agents,500,behavioral,3
671,335.5,0,0.0,TC1,n_agents,500,behavioral,3
672,336.0,0,0.0,TC1,n_agents,500,behavioral,3
673,336.5,0,0.0,TC1,n_agents,500,behavioral,3
674,337.0,0,0.0,TC1,n_agents,500,behavioral,3
675,337.5,0,0.0,TC1,n_agents,500,behavioral,3
676,338.0,0,0.0,TC1,n_agents,500,behavioral,3
677,338.5,0,0.0,TC1,n_agents,500,behavioral,3
678,339.0,0,0.0,TC1,n_agents,500,behavioral,3
679,339.5,0,0.0,TC1,n_agents,500,behavioral,3
680,340.0,0,0.0,TC1,n_agents,500,behavioral,3
681,340.5,0,0.0,TC1,n_agents,500,behavioral,3
682,341.0,0,0.0,TC1,n_agents,500,behavioral,3
683,341.5,0,0.0,TC1,n_agents,500,behavioral,3
684,342.0,0,0.0,TC1,n_agents,500,behavioral,3
685,342.5,0,0.0,TC1,n_agents,500,behavioral,3
686,343.0,0,0.0,TC1,n_agents,500,behavioral,3
687,343.5,0,0.0,TC1,n_agents,500,behavioral,3
688,344.0,0,0.0,TC1,n_agents,500,behavioral,3
689,344.5,0,0.0,TC1,n_agents,500,behavioral,3
690,345.0,0,0.0,TC1,n_agents,500,behavioral,3
691,345.5,0,0.0,TC1,n_agents,500,behavioral,3
692,346.0,0,0.0,TC1,n_agents,500,behavioral,3
693,346.5,0,0.0,TC1,n_agents,500,behavioral,3
694,347.0,0,0.0,TC1,n_agents,500,behavioral,3
695,347.5,0,0.0,TC1,n_agents,500,behavioral,3
696,348.0,0,0.0,TC1,n_agents,500,behavioral,3
697,348.5,0,0.0,TC1,n_agents,500,behavioral,3
698,349.0,0,0.0,TC1,n_agents,500,behavioral,3
699,349.5,0,0.0,TC1,n_agents,500,behavioral,3
700,350.0,0,0.0,TC1,n_agents,500,behavioral,3
701,350.5,0,0.0,TC1,n_agents,500,behavioral,3
702,351.0,0,0.0,TC1,n_agents,500,behavioral,3
703,351.5,0,0.0,TC1,n_agents,500,behavioral,3
704,352.0,0,0.0,TC1,n_agents,500,behavioral,3
705,352.5,0,0.0,TC1,n_agents,500,behavioral,3
706,353.0,0,0.0,TC1,n_agents,500,behavioral,3
707,353.5,0,0.0,TC1,n_agents,500,behavioral,3
708,354.0,0,0.0,TC1,n_agents,500,behavioral,3
709,354.5,0,0.0,TC1,n_agents,500,behavioral,3
710,355.0,0,0.0,TC1,n_agents,500,behavioral,3
711,355.5,0,0.0,TC1,n_agents,500,behavioral,3
712,356.0,0,0.0,TC1,n_agents,500,behavioral,3
713,356.5,0,0.0,TC1,n_agents,500,behavioral,3
714,357.0,0,0.0,TC1,n_agents,500,behavioral,3
715,357.5,0,0.0,TC1,n_agents,500,behavioral,3
716,358.0,0,0.0,TC1,n_agents,500,behavioral,3
717,358.5,0,0.0,TC1,n_agents,500,behavioral,3
718,359.0,0,0.0,TC1,n_agents,500,behavioral,3
719,359.5,0,0.0,TC1,n_agents,500,behavioral,3
720,360.0,0,0.0,TC1,n_agents,500,behavioral,3
721,360.5,0,0.0,TC1,n_agents,500,behavioral,3
722,361.0,0,0.0,TC1,n_agents,500,behavioral,3
723,361.5,0,0.0,TC1,n_agents,500,behavioral,3
724,362.0,0,0.0,TC1,n_agents,500,behavioral,3
725,362.5,0,0.0,TC1,n_agents,500,behavioral,3
726,363.0,0,0.0,TC1,n_agents,500,behavioral,3
727,363.5,0,0.0,TC1,n_agents,500,behavioral,3
728,364.0,0,0.0,TC1,n_agents,500,behavioral,3
729,364.5,0,0.0,TC1,n_agents,500,behavioral,3
730,365.0,0,0.0,TC1,n_agents,500,behavioral,3
731,365.5,0,0.0,TC1,n_agents,500,behavioral,3
732,366.0,0,0.0,TC1,n_agents,500,behavioral,3
733,366.5,0,0.0,TC1,n_agents,500,behavioral,3
734,367.0,0,0.0,TC1,n_agents,500,behavioral,3
735,367.5,0,0.0,TC1,n_agents,500,behavioral,3
736,368.0,0,0.0,TC1,n_agents,500,behavioral,3
737,368.5,0,0.0,TC1,n_agents,500,behavioral,3
738,369.0,0,0.0,TC1,n_agents,500,behavioral,3
739,369.5,0,0.0,TC1,n_agents,500,behavioral,3
740,370.0,0,0.0,TC1,n_agents,500,behavioral,3
741,370.5,0,0.0,TC1,n_agents,500,behavioral,3
742,371.0,0,0.0,TC1,n_agents,500,behavioral,3
743,371.5,0,0.0,TC1,n_agents,500,behavioral,3
744,372.0,0,0.0,TC1,n_agents,500,behavioral,3
745,372.5,0,0.0,TC1,n_agents,500,behavioral,3
746,373.0,0,0.0,TC1,n_agents,500,behavioral,3
747,373.5,0,0.0,TC1,n_agents,500,behavioral,3
748,374.0,0,0.0,TC1,n_agents,500,behavioral,3
749,374.5,0,0.0,TC1,n_agents,500,behavioral,3
750,375.0,0,0.0,TC1,n_agents,500,behavioral,3
751,375.5,0,0.0,TC1,n_agents,500,behavioral,3
752,376.0,0,0.0,TC1,n_agents,500,behavioral,3
753,376.5,0,0.0,TC1,n_agents,500,behavioral,3
754,377.0,0,0.0,TC1,n_agents,500,behavioral,3
755,377.5,0,0.0,TC1,n_agents,500,behavioral,3
756,378.0,0,0.0,TC1,n_agents,500,behavioral,3
757,378.5,0,0.0,TC1,n_agents,500,behavioral,3
758,379.0,0,0.0,TC1,n_agents,500,behavioral,3
759,379.5,0,0.0,TC1,n_agents,500,behavioral,3
760,380.0,0,0.0,TC1,n_agents,500,behavioral,3
761,380.5,0,0.0,TC1,n_agents,500,behavioral,3
762,381.0,0,0.0,TC1,n_agents,500,behavioral,3
763,381.5,0,0.0,TC1,n_agents,500,behavioral,3
764,382.0,0,0.0,TC1,n_agents,500,behavioral,3
765,382.5,0,0.0,TC1,n_agents,500,behavioral,3
766,383.0,0,0.0,TC1,n_agents,500,behavioral,3
767,383.5,0,0.0,TC1,n_agents,500,behavioral,3
768,384.0,0,0.0,TC1,n_agents,500,behavioral,3
769,384.5,0,0.0,TC1,n_agents,500,behavioral,3
770,385.0,0,0.0,TC1,n_agents,500,behavioral,3
771,385.5,0,0.0,TC1,n_agents,500,behavioral,3
772,386.0,0,0.0,TC1,n_agents,500,behavioral,3
773,386.5,0,0.0,TC1,n_agents,500,behavioral,3
774,387.0,0,0.0,TC1,n_agents,500,behavioral,3
775,387.5,0,0.0,TC1,n_agents,500,behavioral,3
776,388.0,0,0.0,TC1,n_agents,500,behavioral,3
777,388.5,0,0.0,TC1,n_agents,500,behavioral,3
778,389.0,0,0.0,TC1,n_agents,500,behavioral,3
779,389.5,0,0.0,TC1,n_agents,500,behavioral,3
780,390.0,0,0.0,TC1,n_agents,500,behavioral,3
781,390.5,0,0.0,TC1,n_agents,500,behavioral,3
782,391.0,0,0.0,TC1,n_agents,500,behavioral,3
783,391.5,0,0.0,TC1,n_agents,500,behavioral,3
784,392.0,0,0.0,TC1,n_agents,500,behavioral,3
785,392.5,0,0.0,TC1,n_agents,500,behavioral,3
786,393.0,0,0.0,TC1,n_agents,500,behavioral,3
787,393.5,0,0.0,TC1,n_agents,500,behavioral,3
788,394.0,0,0.0,TC1,n_agents,500,behavioral,3
789,394.5,0,0.0,TC1,n_agents,500,behavioral,3
790,395.0,0,0.0,TC1,n_agents,500,behavioral,3
791,395.5,0,0.0,TC1,n_agents,500,behavioral,3
792,396.0,0,0.0,TC1,n_agents,500,behavioral,3
793,396.5,0,0.0,TC1,n_agents,500,behavioral,3
794,397.0,0,0.0,TC1,n_agents,500,behavioral,3
795,397.5,0,0.0,TC1,n_agents,500,behavioral,3
796,398.0,0,0.0,TC1,n_agents,500,behavioral,3
797,398.5,0,0.0,TC1,n_agents,500,behavioral,3
798,399.0,0,0.0,TC1,n_agents,500,behavioral,3
799,399.5,0,0.0,TC1,n_agents,500,behavioral,3
800,400.0,0,0.0,TC1,n_agents,500,behavioral,3
0,0.0,0,0.0,TC1,n_agents,50,group,1
1,0.5,0,0.0,TC1,n_agents,50,group,1
2,1.0,0,0.0,TC1,n_agents,50,group,1
3,1.5,0,0.0,TC1,n_agents,50,group,1
4,2.0,0,0.0,TC1,n_agents,50,group,1
5,2.5,0,0.0,TC1,n_agents,50,group,1
6,3.0,0,0.0,TC1,n_agents,50,group,1
7,3.5,0,0.0,TC1,n_agents,50,group,1
8,4.0,0,0.0,TC1,n_agents,50,group,1
9,4.5,0,0.0,TC1,n_agents,50,group,1
10,5.0,0,0.0,TC1,n_agents,50,group,1
11,5.5,0,0.0,TC1,n_agents,50,group,1
12,6.0,0,0.0,TC1,n_agents,50,group,1
13,6.5,0,0.0,TC1,n_agents,50,group,1
14,7.0,0,0.0,TC1,n_agents,50,group,1
15,7.5,0,0.0,TC1,n_agents,50,group,1
16,8.0,0,0.0,TC1,n_agents,50,group,1
17,8.5,0,0.0,TC1,n_agents,50,group,1
18,9.0,0,0.0,TC1,n_agents,50,group,1
19,9.5,0,0.0,TC1,n_agents,50,group,1
20,10.0,0,0.0,TC1,n_agents,50,group,1
21,10.5,0,0.0,TC1,n_agents,50,group,1
22,11.0,0,0.0,TC1,n_agents,50,group,1
23,11.5,0,0.0,TC1,n_agents,50,group,1
24,12.0,0,0.0,TC1,n_agents,50,group,1
25,12.5,0,0.0,TC1,n_agents,50,group,1
26,13.0,0,0.0,TC1,n_agents,50,group,1
27,13.5,0,0.0,TC1,n_agents,50,group,1
28,14.0,0,0.0,TC1,n_agents,50,group,1
29,14.5,0,0.0,TC1,n_agents,50,group,1
30,15.0,0,0.0,TC1,n_agents,50,group,1
31,15.5,0,0.0,TC1,n_agents,50,group,1
32,16.0,0,0.0,TC1,n_agents,50,group,1
33,16.5,0,0.0,TC1,n_agents,50,group,1
34,17.0,0,0.0,TC1,n_agents,50,group,1
35,17.5,0,0.0,TC1,n_agents,50,group,1
36,18.0,0,0.0,TC1,n_agents,50,group,1
37,18.5,0,0.0,TC1,n_agents,50,group,1
38,19.0,0,0.0,TC1,n_agents,50,group,1
39,19.5,0,0.0,TC1,n_agents,50,group,1
40,20.0,0,0.0,TC1,n_agents,50,group,1
41,20.5,0,0.0,TC1,n_agents,50,group,1
42,21.0,0,0.0,TC1,n_agents,50,group,1
43,21.5,0,0.0,TC1,n_agents,50,group,1
44,22.0,0,0.0,TC1,n_agents,50,group,1
45,22.5,0,0.0,TC1,n_agents,50,group,1
46,23.0,0,0.0,TC1,n_agents,50,group,1
47,23.5,0,0.0,TC1,n_agents,50,group,1
48,24.0,0,0.0,TC1,n_agents,50,group,1
49,24.5,0,0.0,TC1,n_agents,50,group,1
50,25.0,0,0.0,TC1,n_agents,50,group,1
51,25.5,0,0.0,TC1,n_agents,50,group,1
52,26.0,0,0.0,TC1,n_agents,50,group,1
53,26.5,0,0.0,TC1,n_agents,50,group,1
54,27.0,0,0.0,TC1,n_agents,50,group,1
55,27.5,0,0.0,TC1,n_agents,50,group,1
56,28.0,0,0.0,TC1,n_agents,50,group,1
57,28.5,0,0.0,TC1,n_agents,50,group,1
58,29.0,0,0.0,TC1,n_agents,50,group,1
59,29.5,0,0.0,TC1,n_agents,50,group,1
60,30.0,0,0.0,TC1,n_agents,50,group,1
61,30.5,0,0.0,TC1,n_agents,50,group,1
62,31.0,0,0.0,TC1,n_agents,50,group,1
63,31.5,0,0.0,TC1,n_agents,50,group,1
64,32.0,0,0.0,TC1,n_agents,50,group,1
65,32.5,0,0.0,TC1,n_agents,50,group,1
66,33.0,0,0.0,TC1,n_agents,50,group,1
67,33.5,0,0.0,TC1,n_agents,50,group,1
68,34.0,0,0.0,TC1,n_agents,50,group,1
69,34.5,0,0.0,TC1,n_agents,50,group,1
70,35.0,0,0.0,TC1,n_agents,50,group,1
71,35.5,0,0.0,TC1,n_agents,50,group,1
72,36.0,0,0.0,TC1,n_agents,50,group,1
73,36.5,0,0.0,TC1,n_agents,50,group,1
74,37.0,0,0.0,TC1,n_agents,50,group,1
75,37.5,0,0.0,TC1,n_agents,50,group,1
76,38.0,0,0.0,TC1,n_agents,50,group,1
77,38.5,0,0.0,TC1,n_agents,50,group,1
78,39.0,0,0.0,TC1,n_agents,50,group,1
79,39.5,0,0.0,TC1,n_agents,50,group,1
80,40.0,0,0.0,TC1,n_agents,50,group,1
81,40.5,0,0.0,TC1,n_agents,50,group,1
82,41.0,0,0.0,TC1,n_agents,50,group,1
83,41.5,0,0.0,TC1,n_agents,50,group,1
84,42.0,0,0.0,TC1,n_agents,50,group,1
85,42.5,0,0.0,TC1,n_agents,50,group,1
86,43.0,0,0.0,TC1,n_agents,50,group,1
87,43.5,0,0.0,TC1,n_agents,50,group,1
88,44.0,0,0.0,TC1,n_agents,50,group,1
89,44.5,0,0.0,TC1,n_agents,50,group,1
90,45.0,0,0.0,TC1,n_agents,50,group,1
91,45.5,0,0.0,TC1,n_agents,50,group,1
92,46.0,0,0.0,TC1,n_agents,50,group,1
93,46.5,0,0.0,TC1,n_agents,50,group,1
94,47.0,0,0.0,TC1,n_agents,50,group,1
95,47.5,0,0.0,TC1,n_agents,50,group,1
96,48.0,0,0.0,TC1,n_agents,50,group,1
97,48.5,0,0.0,TC1,n_agents,50,group,1
98,49.0,0,0.0,TC1,n_agents,50,group,1
99,49.5,0,0.0,TC1,n_agents,50,group,1
100,50.0,0,0.0,TC1,n_agents,50,group,1
101,50.5,0,0.0,TC1,n_agents,50,group,1
102,51.0,0,0.0,TC1,n_agents,50,group,1
103,51.5,0,0.0,TC1,n_agents,50,group,1
104,52.0,0,0.0,TC1,n_agents,50,group,1
105,52.5,0,0.0,TC1,n_agents,50,group,1
106,53.0,0,0.0,TC1,n_agents,50,group,1
107,53.5,0,0.0,TC1,n_agents,50,group,1
108,54.0,0,0.0,TC1,n_agents,50,group,1
109,54.5,0,0.0,TC1,n_agents,50,group,1
110,55.0,0,0.0,TC1,n_agents,50,group,1
111,55.5,0,0.0,TC1,n_agents,50,group,1
112,56.0,0,0.0,TC1,n_agents,50,group,1
113,56.5,0,0.0,TC1,n_agents,50,group,1
114,57.0,0,0.0,TC1,n_agents,50,group,1
115,57.5,0,0.0,TC1,n_agents,50,group,1
116,58.0,0,0.0,TC1,n_agents,50,group,1
117,58.5,0,0.0,TC1,n_agents,50,group,1
118,59.0,0,0.0,TC1,n_agents,50,group,1
119,59.5,0,0.0,TC1,n_agents,50,group,1
120,60.0,0,0.0,TC1,n_agents,50,group,1
121,60.5,0,0.0,TC1,n_agents,50,group,1
122,61.0,0,0.0,TC1,n_agents,50,group,1
123,61.5,0,0.0,TC1,n_agents,50,group,1
124,62.0,0,0.0,TC1,n_agents,50,group,1
125,62.5,0,0.0,TC1,n_agents,50,group,1
126,63.0,0,0.0,TC1,n_agents,50,group,1
127,63.5,0,0.0,TC1,n_agents,50,group,1
128,64.0,0,0.0,TC1,n_agents,50,group,1
129,64.5,0,0.0,TC1,n_agents,50,group,1
130,65.0,0,0.0,TC1,n_agents,50,group,1
131,65.5,0,0.0,TC1,n_agents,50,group,1
132,66.0,0,0.0,TC1,n_agents,50,group,1
133,66.5,0,0.0,TC1,n_agents,50,group,1
134,67.0,0,0.0,TC1,n_agents,50,group,1
135,67.5,0,0.0,TC1,n_agents,50,group,1
136,68.0,0,0.0,TC1,n_agents,50,group,1
137,68.5,0,0.0,TC1,n_agents,50,group,1
138,69.0,0,0.0,TC1,n_agents,50,group,1
139,69.5,0,0.0,TC1,n_agents,50,group,1
140,70.0,0,0.0,TC1,n_agents,50,group,1
141,70.5,0,0.0,TC1,n_agents,50,group,1
142,71.0,0,0.0,TC1,n_agents,50,group,1
143,71.5,0,0.0,TC1,n_agents,50,group,1
144,72.0,0,0.0,TC1,n_agents,50,group,1
145,72.5,0,0.0,TC1,n_agents,50,group,1
146,73.0,0,0.0,TC1,n_agents,50,group,1
147,73.5,0,0.0,TC1,n_agents,50,group,1
148,74.0,0,0.0,TC1,n_agents,50,group,1
149,74.5,0,0.0,TC1,n_agents,50,group,1
150,75.0,0,0.0,TC1,n_agents,50,group,1
151,75.5,0,0.0,TC1,n_agents,50,group,1
152,76.0,0,0.0,TC1,n_agents,50,group,1
153,76.5,0,0.0,TC1,n_agents,50,group,1
154,77.0,0,0.0,TC1,n_agents,50,group,1
155,77.5,0,0.0,TC1,n_agents,50,group,1
156,78.0,0,0.0,TC1,n_agents,50,group,1
157,78.5,0,0.0,TC1,n_agents,50,group,1
158,79.0,0,0.0,TC1,n_agents,50,group,1
159,79.5,0,0.0,TC1,n_agents,50,group,1
160,80.0,0,0.0,TC1,n_agents,50,group,1
161,80.5,0,0.0,TC1,n_agents,50,group,1
162,81.0,0,0.0,TC1,n_agents,50,group,1
163,81.5,0,0.0,TC1,n_agents,50,group,1
164,82.0,0,0.0,TC1,n_agents,50,group,1
165,82.5,0,0.0,TC1,n_agents,50,group,1
166,83.0,0,0.0,TC1,n_agents,50,group,1
167,83.5,0,0.0,TC1,n_agents,50,group,1
168,84.0,0,0.0,TC1,n_agents,50,group,1
169,84.5,0,0.0,TC1,n_agents,50,group,1
170,85.0,0,0.0,TC1,n_agents,50,group,1
171,85.5,0,0.0,TC1,n_agents,50,group,1
172,86.0,0,0.0,TC1,n_agents,50,group,1
173,86.5,0,0.0,TC1,n_agents,50,group,1
174,87.0,0,0.0,TC1,n_agents,50,group,1
175,87.5,0,0.0,TC1,n_agents,50,group,1
176,88.0,0,0.0,TC1,n_agents,50,group,1
177,88.5,0,0.0,TC1,n_agents,50,group,1
178,89.0,0,0.0,TC1,n_agents,50,group,1
179,89.5,0,0.0,TC1,n_agents,50,group,1
180,90.0,0,0.0,TC1,n_agents,50,group,1
181,90.5,0,0.0,TC1,n_agents,50,group,1
182,91.0,0,0.0,TC1,n_agents,50,group,1
183,91.5,0,0.0,TC1,n_agents,50,group,1
184,92.0,0,0.0,TC1,n_agents,50,group,1
185,92.5,0,0.0,TC1,n_agents,50,group,1
186,93.0,0,0.0,TC1,n_agents,50,group,1
187,93.5,0,0.0,TC1,n_agents,50,group,1
188,94.0,0,0.0,TC1,n_agents,50,group,1
189,94.5,0,0.0,TC1,n_agents,50,group,1
190,95.0,0,0.0,TC1,n_agents,50,group,1
191,95.5,0,0.0,TC1,n_agents,50,group,1
192,96.0,0,0.0,TC1,n_agents,50,group,1
193,96.5,0,0.0,TC1,n_agents,50,group,1
194,97.0,0,0.0,TC1,n_agents,50,group,1
195,97.5,0,0.0,TC1,n_agents,50,group,1
196,98.0,0,0.0,TC1,n_agents,50,group,1
197,98.5,0,0.0,TC1,n_agents,50,group,1
198,99.0,0,0.0,TC1,n_agents,50,group,1
199,99.5,0,0.0,TC1,n_agents,50,group,1
200,100.0,0,0.0,TC1,n_agents,50,group,1
201,100.5,0,0.0,TC1,n_agents,50,group,1
202,101.0,0,0.0,TC1,n_agents,50,group,1
203,101.5,0,0.0,TC1,n_agents,50,group,1
204,102.0,0,0.0,TC1,n_agents,50,group,1
205,102.5,0,0.0,TC1,n_agents,50,group,1
206,103.0,0,0.0,TC1,n_agents,50,group,1
207,103.5,0,0.0,TC1,n_agents,50,group,1
208,104.0,0,0.0,TC1,n_agents,50,group,1
209,104.5,0,0.0,TC1,n_agents,50,group,1
210,105.0,0,0.0,TC1,n_agents,50,group,1
211,105.5,0,0.0,TC1,n_agents,50,group,1
212,106.0,0,0.0,TC1,n_agents,50,group,1
213,106.5,0,0.0,TC1,n_agents,50,group,1
214,107.0,0,0.0,TC1,n_agents,50,group,1
215,107.5,0,0.0,TC1,n_agents,50,group,1
216,108.0,0,0.0,TC1,n_agents,50,group,1
217,108.5,0,0.0,TC1,n_agents,50,group,1
218,109.0,0,0.0,TC1,n_agents,50,group,1
219,109.5,0,0.0,TC1,n_agents,50,group,1
220,110.0,0,0.0,TC1,n_agents,50,group,1
221,110.5,0,0.0,TC1,n_agents,50,group,1
222,111.0,0,0.0,TC1,n_agents,50,group,1
223,111.5,0,0.0,TC1,n_agents,50,group,1
224,112.0,0,0.0,TC1,n_agents,50,group,1
225,112.5,0,0.0,TC1,n_agents,50,group,1
226,113.0,0,0.0,TC1,n_agents,50,group,1
227,113.5,0,0.0,TC1,n_agents,50,group,1
228,114.0,0,0.0,TC1,n_agents,50,group,1
229,114.5,0,0.0,TC1,n_agents,50,group,1
230,115.0,0,0.0,TC1,n_agents,50,group,1
231,115.5,0,0.0,TC1,n_agents,50,group,1
232,116.0,0,0.0,TC1,n_agents,50,group,1
233,116.5,0,0.0,TC1,n_agents,50,group,1
234,117.0,0,0.0,TC1,n_agents,50,group,1
235,117.5,0,0.0,TC1,n_agents,50,group,1
236,118.0,0,0.0,TC1,n_agents,50,group,1
237,118.5,0,0.0,TC1,n_agents,50,group,1
238,119.0,0,0.0,TC1,n_agents,50,group,1
239,119.5,0,0.0,TC1,n_agents,50,group,1
240,120.0,0,0.0,TC1,n_agents,50,group,1
241,120.5,0,0.0,TC1,n_agents,50,group,1
242,121.0,0,0.0,TC1,n_agents,50,group,1
243,121.5,0,0.0,TC1,n_agents,50,group,1
244,122.0,0,0.0,TC1,n_agents,50,group,1
245,122.5,0,0.0,TC1,n_agents,50,group,1
246,123.0,0,0.0,TC1,n_agents,50,group,1
247,123.5,0,0.0,TC1,n_agents,50,group,1
248,124.0,0,0.0,TC1,n_agents,50,group,1
249,124.5,0,0.0,TC1,n_agents,50,group,1
250,125.0,0,0.0,TC1,n_agents,50,group,1
251,125.5,0,0.0,TC1,n_agents,50,group,1
252,126.0,0,0.0,TC1,n_agents,50,group,1
253,126.5,0,0.0,TC1,n_agents,50,group,1
254,127.0,0,0.0,TC1,n_agents,50,group,1
255,127.5,0,0.0,TC1,n_agents,50,group,1
256,128.0,0,0.0,TC1,n_agents,50,group,1
257,128.5,0,0.0,TC1,n_agents,50,group,1
258,129.0,0,0.0,TC1,n_agents,50,group,1
259,129.5,0,0.0,TC1,n_agents,50,group,1
260,130.0,0,0.0,TC1,n_agents,50,group,1
261,130.5,0,0.0,TC1,n_agents,50,group,1
262,131.0,0,0.0,TC1,n_agents,50,group,1
263,131.5,0,0.0,TC1,n_agents,50,group,1
264,132.0,0,0.0,TC1,n_agents,50,group,1
265,132.5,0,0.0,TC1,n_agents,50,group,1
266,133.0,0,0.0,TC1,n_agents,50,group,1
267,133.5,0,0.0,TC1,n_agents,50,group,1
268,134.0,0,0.0,TC1,n_agents,50,group,1
269,134.5,0,0.0,TC1,n_agents,50,group,1
270,135.0,0,0.0,TC1,n_agents,50,group,1
271,135.5,0,0.0,TC1,n_agents,50,group,1
272,136.0,0,0.0,TC1,n_agents,50,group,1
273,136.5,0,0.0,TC1,n_agents,50,group,1
274,137.0,0,0.0,TC1,n_agents,50,group,1
275,137.5,0,0.0,TC1,n_agents,50,group,1
276,138.0,0,0.0,TC1,n_agents,50,group,1
277,138.5,0,0.0,TC1,n_agents,50,group,1
278,139.0,0,0.0,TC1,n_agents,50,group,1
279,139.5,0,0.0,TC1,n_agents,50,group,1
280,140.0,0,0.0,TC1,n_agents,50,group,1
281,140.5,0,0.0,TC1,n_agents,50,group,1
282,141.0,0,0.0,TC1,n_agents,50,group,1
283,141.5,0,0.0,TC1,n_agents,50,group,1
284,142.0,0,0.0,TC1,n_agents,50,group,1
285,142.5,0,0.0,TC1,n_agents,50,group,1
286,143.0,0,0.0,TC1,n_agents,50,group,1
287,143.5,0,0.0,TC1,n_agents,50,group,1
288,144.0,0,0.0,TC1,n_agents,50,group,1
289,144.5,0,0.0,TC1,n_agents,50,group,1
290,145.0,0,0.0,TC1,n_agents,50,group,1
291,145.5,0,0.0,TC1,n_agents,50,group,1
292,146.0,0,0.0,TC1,n_agents,50,group,1
293,146.5,0,0.0,TC1,n_agents,50,group,1
294,147.0,0,0.0,TC1,n_agents,50,group,1
295,147.5,0,0.0,TC1,n_agents,50,group,1
296,148.0,0,0.0,TC1,n_agents,50,group,1
297,148.5,0,0.0,TC1,n_agents,50,group,1
298,149.0,0,0.0,TC1,n_agents,50,group,1
299,149.5,0,0.0,TC1,n_agents,50,group,1
300,150.0,0,0.0,TC1,n_agents,50,group,1
301,150.5,0,0.0,TC1,n_agents,50,group,1
302,151.0,0,0.0,TC1,n_agents,50,group,1
303,151.5,0,0.0,TC1,n_agents,50,group,1
304,152.0,0,0.0,TC1,n_agents,50,group,1
305,152.5,0,0.0,TC1,n_agents,50,group,1
306,153.0,0,0.0,TC1,n_agents,50,group,1
307,153.5,0,0.0,TC1,n_agents,50,group,1
308,154.0,0,0.0,TC1,n_agents,50,group,1
309,154.5,0,0.0,TC1,n_agents,50,group,1
310,155.0,0,0.0,TC1,n_agents,50,group,1
311,155.5,0,0.0,TC1,n_agents,50,group,1
312,156.0,0,0.0,TC1,n_agents,50,group,1
313,156.5,0,0.0,TC1,n_agents,50,group,1
314,157.0,0,0.0,TC1,n_agents,50,group,1
315,157.5,0,0.0,TC1,n_agents,50,group,1
316,158.0,0,0.0,TC1,n_agents,50,group,1
317,158.5,0,0.0,TC1,n_agents,50,group,1
318,159.0,0,0.0,TC1,n_agents,50,group,1
319,159.5,0,0.0,TC1,n_agents,50,group,1
320,160.0,0,0.0,TC1,n_agents,50,group,1
321,160.5,0,0.0,TC1,n_agents,50,group,1
322,161.0,0,0.0,TC1,n_agents,50,group,1
323,161.5,0,0.0,TC1,n_agents,50,group,1
324,162.0,0,0.0,TC1,n_agents,50,group,1
325,162.5,0,0.0,TC1,n_agents,50,group,1
326,163.0,0,0.0,TC1,n_agents,50,group,1
327,163.5,0,0.0,TC1,n_agents,50,group,1
328,164.0,0,0.0,TC1,n_agents,50,group,1
329,164.5,0,0.0,TC1,n_agents,50,group,1
330,165.0,0,0.0,TC1,n_agents,50,group,1
331,165.5,0,0.0,TC1,n_agents,50,group,1
332,166.0,0,0.0,TC1,n_agents,50,group,1
333,166.5,0,0.0,TC1,n_agents,50,group,1
334,167.0,0,0.0,TC1,n_agents,50,group,1
335,167.5,0,0.0,TC1,n_agents,50,group,1
336,168.0,0,0.0,TC1,n_agents,50,group,1
337,168.5,0,0.0,TC1,n_agents,50,group,1
338,169.0,0,0.0,TC1,n_agents,50,group,1
339,169.5,0,0.0,TC1,n_agents,50,group,1
340,170.0,0,0.0,TC1,n_agents,50,group,1
341,170.5,0,0.0,TC1,n_agents,50,group,1
342,171.0,0,0.0,TC1,n_agents,50,group,1
343,171.5,0,0.0,TC1,n_agents,50,group,1
344,172.0,0,0.0,TC1,n_agents,50,group,1
345,172.5,0,0.0,TC1,n_agents,50,group,1
346,173.0,0,0.0,TC1,n_agents,50,group,1
347,173.5,0,0.0,TC1,n_agents,50,group,1
348,174.0,0,0.0,TC1,n_agents,50,group,1
349,174.5,0,0.0,TC1,n_agents,50,group,1
350,175.0,0,0.0,TC1,n_agents,50,group,1
351,175.5,0,0.0,TC1,n_agents,50,group,1
352,176.0,0,0.0,TC1,n_agents,50,group,1
353,176.5,0,0.0,TC1,n_agents,50,group,1
354,177.0,0,0.0,TC1,n_agents,50,group,1
355,177.5,0,0.0,TC1,n_agents,50,group,1
356,178.0,0,0.0,TC1,n_agents,50,group,1
357,178.5,0,0.0,TC1,n_agents,50,group,1
358,179.0,0,0.0,TC1,n_agents,50,group,1
359,179.5,0,0.0,TC1,n_agents,50,group,1
360,180.0,0,0.0,TC1,n_agents,50,group,1
361,180.5,0,0.0,TC1,n_agents,50,group,1
362,181.0,0,0.0,TC1,n_agents,50,group,1
363,181.5,0,0.0,TC1,n_agents,50,group,1
364,182.0,0,0.0,TC1,n_agents,50,group,1
365,182.5,0,0.0,TC1,n_agents,50,group,1
366,183.0,0,0.0,TC1,n_agents,50,group,1
367,183.5,0,0.0,TC1,n_agents,50,group,1
368,184.0,0,0.0,TC1,n_agents,50,group,1
369,184.5,0,0.0,TC1,n_agents,50,group,1
370,185.0,0,0.0,TC1,n_agents,50,group,1
371,185.5,0,0.0,TC1,n_agents,50,group,1
372,186.0,0,0.0,TC1,n_agents,50,group,1
373,186.5,0,0.0,TC1,n_agents,50,group,1
374,187.0,0,0.0,TC1,n_agents,50,group,1
375,187.5,0,0.0,TC1,n_agents,50,group,1
376,188.0,0,0.0,TC1,n_agents,50,group,1
377,188.5,0,0.0,TC1,n_agents,50,group,1
378,189.0,0,0.0,TC1,n_agents,50,group,1
379,189.5,0,0.0,TC1,n_agents,50,group,1
380,190.0,0,0.0,TC1,n_agents,50,group,1
381,190.5,0,0.0,TC1,n_agents,50,group,1
382,191.0,0,0.0,TC1,n_agents,50,group,1
383,191.5,0,0.0,TC1,n_agents,50,group,1
384,192.0,0,0.0,TC1,n_agents,50,group,1
385,192.5,0,0.0,TC1,n_agents,50,group,1
386,193.0,0,0.0,TC1,n_agents,50,group,1
387,193.5,0,0.0,TC1,n_agents,50,group,1
388,194.0,0,0.0,TC1,n_agents,50,group,1
389,194.5,0,0.0,TC1,n_agents,50,group,1
390,195.0,0,0.0,TC1,n_agents,50,group,1
391,195.5,0,0.0,TC1,n_agents,50,group,1
392,196.0,0,0.0,TC1,n_agents,50,group,1
393,196.5,0,0.0,TC1,n_agents,50,group,1
394,197.0,0,0.0,TC1,n_agents,50,group,1
395,197.5,0,0.0,TC1,n_agents,50,group,1
396,198.0,0,0.0,TC1,n_agents,50,group,1
397,198.5,0,0.0,TC1,n_agents,50,group,1
398,199.0,0,0.0,TC1,n_agents,50,group,1
399,199.5,0,0.0,TC1,n_agents,50,group,1
400,200.0,0,0.0,TC1,n_agents,50,group,1
401,200.5,0,0.0,TC1,n_agents,50,group,1
402,201.0,0,0.0,TC1,n_agents,50,group,1
403,201.5,0,0.0,TC1,n_agents,50,group,1
404,202.0,0,0.0,TC1,n_agents,50,group,1
405,202.5,0,0.0,TC1,n_agents,50,group,1
406,203.0,0,0.0,TC1,n_agents,50,group,1
407,203.5,0,0.0,TC1,n_agents,50,group,1
408,204.0,0,0.0,TC1,n_agents,50,group,1
409,204.5,0,0.0,TC1,n_agents,50,group,1
410,205.0,0,0.0,TC1,n_agents,50,group,1
411,205.5,0,0.0,TC1,n_agents,50,group,1
412,206.0,0,0.0,TC1,n_agents,50,group,1
413,206.5,0,0.0,TC1,n_agents,50,group,1
414,207.0,0,0.0,TC1,n_agents,50,group,1
415,207.5,0,0.0,TC1,n_agents,50,group,1
416,208.0,0,0.0,TC1,n_agents,50,group,1
417,208.5,0,0.0,TC1,n_agents,50,group,1
418,209.0,0,0.0,TC1,n_agents,50,group,1
419,209.5,0,0.0,TC1,n_agents,50,group,1
420,210.0,0,0.0,TC1,n_agents,50,group,1
421,210.5,0,0.0,TC1,n_agents,50,group,1
422,211.0,0,0.0,TC1,n_agents,50,group,1
423,211.5,0,0.0,TC1,n_agents,50,group,1
424,212.0,0,0.0,TC1,n_agents,50,group,1
425,212.5,0,0.0,TC1,n_agents,50,group,1
426,213.0,0,0.0,TC1,n_agents,50,group,1
427,213.5,0,0.0,TC1,n_agents,50,group,1
428,214.0,0,0.0,TC1,n_agents,50,group,1
429,214.5,0,0.0,TC1,n_agents,50,group,1
430,215.0,0,0.0,TC1,n_agents,50,group,1
431,215.5,0,0.0,TC1,n_agents,50,group,1
432,216.0,0,0.0,TC1,n_agents,50,group,1
433,216.5,0,0.0,TC1,n_agents,50,group,1
434,217.0,0,0.0,TC1,n_agents,50,group,1
435,217.5,0,0.0,TC1,n_agents,50,group,1
436,218.0,0,0.0,TC1,n_agents,50,group,1
437,218.5,0,0.0,TC1,n_agents,50,group,1
438,219.0,0,0.0,TC1,n_agents,50,group,1
439,219.5,0,0.0,TC1,n_agents,50,group,1
440,220.0,0,0.0,TC1,n_agents,50,group,1
441,220.5,0,0.0,TC1,n_agents,50,group,1
442,221.0,0,0.0,TC1,n_agents,50,group,1
443,221.5,0,0.0,TC1,n_agents,50,group,1
444,222.0,0,0.0,TC1,n_agents,50,group,1
445,222.5,0,0.0,TC1,n_agents,50,group,1
446,223.0,0,0.0,TC1,n_agents,50,group,1
447,223.5,0,0.0,TC1,n_agents,50,group,1
448,224.0,0,0.0,TC1,n_agents,50,group,1
449,224.5,0,0.0,TC1,n_agents,50,group,1
450,225.0,0,0.0,TC1,n_agents,50,group,1
451,225.5,0,0.0,TC1,n_agents,50,group,1
452,226.0,0,0.0,TC1,n_agents,50,group,1
453,226.5,0,0.0,TC1,n_agents,50,group,1
454,227.0,0,0.0,TC1,n_agents,50,group,1
455,227.5,0,0.0,TC1,n_agents,50,group,1
456,228.0,0,0.0,TC1,n_agents,50,group,1
457,228.5,0,0.0,TC1,n_agents,50,group,1
458,229.0,0,0.0,TC1,n_agents,50,group,1
459,229.5,0,0.0,TC1,n_agents,50,group,1
460,230.0,0,0.0,TC1,n_agents,50,group,1
461,230.5,0,0.0,TC1,n_agents,50,group,1
462,231.0,0,0.0,TC1,n_agents,50,group,1
463,231.5,0,0.0,TC1,n_agents,50,group,1
464,232.0,0,0.0,TC1,n_agents,50,group,1
465,232.5,0,0.0,TC1,n_agents,50,group,1
466,233.0,0,0.0,TC1,n_agents,50,group,1
467,233.5,0,0.0,TC1,n_agents,50,group,1
468,234.0,0,0.0,TC1,n_agents,50,group,1
469,234.5,0,0.0,TC1,n_agents,50,group,1
470,235.0,0,0.0,TC1,n_agents,50,group,1
471,235.5,0,0.0,TC1,n_agents,50,group,1
472,236.0,0,0.0,TC1,n_agents,50,group,1
473,236.5,0,0.0,TC1,n_agents,50,group,1
474,237.0,0,0.0,TC1,n_agents,50,group,1
475,237.5,0,0.0,TC1,n_agents,50,group,1
476,238.0,0,0.0,TC1,n_agents,50,group,1
477,238.5,0,0.0,TC1,n_agents,50,group,1
478,239.0,0,0.0,TC1,n_agents,50,group,1
479,239.5,0,0.0,TC1,n_agents,50,group,1
480,240.0,0,0.0,TC1,n_agents,50,group,1
481,240.5,0,0.0,TC1,n_agents,50,group,1
482,241.0,0,0.0,TC1,n_agents,50,group,1
483,241.5,0,0.0,TC1,n_agents,50,group,1
484,242.0,0,0.0,TC1,n_agents,50,group,1
485,242.5,0,0.0,TC1,n_agents,50,group,1
486,243.0,0,0.0,TC1,n_agents,50,group,1
487,243.5,0,0.0,TC1,n_agents,50,group,1
488,244.0,0,0.0,TC1,n_agents,50,group,1
489,244.5,0,0.0,TC1,n_agents,50,group,1
490,245.0,0,0.0,TC1,n_agents,50,group,1
491,245.5,0,0.0,TC1,n_agents,50,group,1
492,246.0,0,0.0,TC1,n_agents,50,group,1
493,246.5,0,0.0,TC1,n_agents,50,group,1
494,247.0,0,0.0,TC1,n_agents,50,group,1
495,247.5,0,0.0,TC1,n_agents,50,group,1
496,248.0,0,0.0,TC1,n_agents,50,group,1
497,248.5,0,0.0,TC1,n_agents,50,group,1
498,249.0,0,0.0,TC1,n_agents,50,group,1
499,249.5,0,0.0,TC1,n_agents,50,group,1
500,250.0,0,0.0,TC1,n_agents,50,group,1
501,250.5,0,0.0,TC1,n_agents,50,group,1
502,251.0,0,0.0,TC1,n_agents,50,group,1
503,251.5,0,0.0,TC1,n_agents,50,group,1
504,252.0,0,0.0,TC1,n_agents,50,group,1
505,252.5,0,0.0,TC1,n_agents,50,group,1
506,253.0,0,0.0,TC1,n_agents,50,group,1
507,253.5,0,0.0,TC1,n_agents,50,group,1
508,254.0,0,0.0,TC1,n_agents,50,group,1
509,254.5,0,0.0,TC1,n_agents,50,group,1
510,255.0,0,0.0,TC1,n_agents,50,group,1
511,255.5,0,0.0,TC1,n_agents,50,group,1
512,256.0,0,0.0,TC1,n_agents,50,group,1
513,256.5,0,0.0,TC1,n_agents,50,group,1
514,257.0,0,0.0,TC1,n_agents,50,group,1
515,257.5,0,0.0,TC1,n_agents,50,group,1
516,258.0,0,0.0,TC1,n_agents,50,group,1
517,258.5,0,0.0,TC1,n_agents,50,group,1
518,259.0,0,0.0,TC1,n_agents,50,group,1
519,259.5,0,0.0,TC1,n_agents,50,group,1
520,260.0,0,0.0,TC1,n_agents,50,group,1
521,260.5,0,0.0,TC1,n_agents,50,group,1
522,261.0,0,0.0,TC1,n_agents,50,group,1
523,261.5,0,0.0,TC1,n_agents,50,group,1
524,262.0,0,0.0,TC1,n_agents,50,group,1
525,262.5,0,0.0,TC1,n_agents,50,group,1
526,263.0,0,0.0,TC1,n_agents,50,group,1
527,263.5,0,0.0,TC1,n_agents,50,group,1
528,264.0,0,0.0,TC1,n_agents,50,group,1
529,264.5,0,0.0,TC1,n_agents,50,group,1
530,265.0,0,0.0,TC1,n_agents,50,group,1
531,265.5,0,0.0,TC1,n_agents,50,group,1
532,266.0,0,0.0,TC1,n_agents,50,group,1
533,266.5,0,0.0,TC1,n_agents,50,group,1
534,267.0,0,0.0,TC1,n_agents,50,group,1
535,267.5,0,0.0,TC1,n_agents,50,group,1
536,268.0,0,0.0,TC1,n_agents,50,group,1
537,268.5,0,0.0,TC1,n_agents,50,group,1
538,269.0,0,0.0,TC1,n_agents,50,group,1
539,269.5,0,0.0,TC1,n_agents,50,group,1
540,270.0,0,0.0,TC1,n_agents,50,group,1
541,270.5,0,0.0,TC1,n_agents,50,group,1
542,271.0,0,0.0,TC1,n_agents,50,group,1
543,271.5,0,0.0,TC1,n_agents,50,group,1
544,272.0,0,0.0,TC1,n_agents,50,group,1
545,272.5,0,0.0,TC1,n_agents,50,group,1
546,273.0,0,0.0,TC1,n_agents,50,group,1
547,273.5,0,0.0,TC1,n_agents,50,group,1
548,274.0,0,0.0,TC1,n_agents,50,group,1
549,274.5,0,0.0,TC1,n_agents,50,group,1
550,275.0,0,0.0,TC1,n_agents,50,group,1
551,275.5,0,0.0,TC1,n_agents,50,group,1
552,276.0,0,0.0,TC1,n_agents,50,group,1
553,276.5,0,0.0,TC1,n_agents,50,group,1
554,277.0,0,0.0,TC1,n_agents,50,group,1
555,277.5,0,0.0,TC1,n_agents,50,group,1
556,278.0,0,0.0,TC1,n_agents,50,group,1
557,278.5,0,0.0,TC1,n_agents,50,group,1
558,279.0,0,0.0,TC1,n_agents,50,group,1
559,279.5,0,0.0,TC1,n_agents,50,group,1
560,280.0,0,0.0,TC1,n_agents,50,group,1
561,280.5,0,0.0,TC1,n_agents,50,group,1
562,281.0,0,0.0,TC1,n_agents,50,group,1
563,281.5,0,0.0,TC1,n_agents,50,group,1
564,282.0,0,0.0,TC1,n_agents,50,group,1
565,282.5,0,0.0,TC1,n_agents,50,group,1
566,283.0,0,0.0,TC1,n_agents,50,group,1
567,283.5,0,0.0,TC1,n_agents,50,group,1
568,284.0,0,0.0,TC1,n_agents,50,group,1
569,284.5,0,0.0,TC1,n_agents,50,group,1
570,285.0,0,0.0,TC1,n_agents,50,group,1
571,285.5,0,0.0,TC1,n_agents,50,group,1
572,286.0,0,0.0,TC1,n_agents,50,group,1
573,286.5,0,0.0,TC1,n_agents,50,group,1
574,287.0,0,0.0,TC1,n_agents,50,group,1
575,287.5,0,0.0,TC1,n_agents,50,group,1
576,288.0,0,0.0,TC1,n_agents,50,group,1
577,288.5,0,0.0,TC1,n_agents,50,group,1
578,289.0,0,0.0,TC1,n_agents,50,group,1
579,289.5,0,0.0,TC1,n_agents,50,group,1
580,290.0,0,0.0,TC1,n_agents,50,group,1
581,290.5,0,0.0,TC1,n_agents,50,group,1
582,291.0,0,0.0,TC1,n_agents,50,group,1
583,291.5,0,0.0,TC1,n_agents,50,group,1
584,292.0,0,0.0,TC1,n_agents,50,group,1
585,292.5,0,0.0,TC1,n_agents,50,group,1
586,293.0,0,0.0,TC1,n_agents,50,group,1
587,293.5,0,0.0,TC1,n_agents,50,group,1
588,294.0,0,0.0,TC1,n_agents,50,group,1
589,294.5,0,0.0,TC1,n_agents,50,group,1
590,295.0,0,0.0,TC1,n_agents,50,group,1
591,295.5,0,0.0,TC1,n_agents,50,group,1
592,296.0,0,0.0,TC1,n_agents,50,group,1
593,296.5,0,0.0,TC1,n_agents,50,group,1
594,297.0,0,0.0,TC1,n_agents,50,group,1
595,297.5,0,0.0,TC1,n_agents,50,group,1
596,298.0,0,0.0,TC1,n_agents,50,group,1
597,298.5,0,0.0,TC1,n_agents,50,group,1
598,299.0,0,0.0,TC1,n_agents,50,group,1
599,299.5,0,0.0,TC1,n_agents,50,group,1
600,300.0,0,0.0,TC1,n_agents,50,group,1
601,300.5,0,0.0,TC1,n_agents,50,group,1
602,301.0,0,0.0,TC1,n_agents,50,group,1
603,301.5,0,0.0,TC1,n_agents,50,group,1
604,302.0,0,0.0,TC1,n_agents,50,group,1
605,302.5,0,0.0,TC1,n_agents,50,group,1
606,303.0,0,0.0,TC1,n_agents,50,group,1
607,303.5,0,0.0,TC1,n_agents,50,group,1
608,304.0,0,0.0,TC1,n_agents,50,group,1
609,304.5,0,0.0,TC1,n_agents,50,group,1
610,305.0,0,0.0,TC1,n_agents,50,group,1
611,305.5,0,0.0,TC1,n_agents,50,group,1
612,306.0,0,0.0,TC1,n_agents,50,group,1
613,306.5,0,0.0,TC1,n_agents,50,group,1
614,307.0,0,0.0,TC1,n_agents,50,group,1
615,307.5,0,0.0,TC1,n_agents,50,group,1
616,308.0,0,0.0,TC1,n_agents,50,group,1
617,308.5,0,0.0,TC1,n_agents,50,group,1
618,309.0,0,0.0,TC1,n_agents,50,group,1
619,309.5,0,0.0,TC1,n_agents,50,group,1
620,310.0,0,0.0,TC1,n_agents,50,group,1
621,310.5,0,0.0,TC1,n_agents,50,group,1
622,311.0,0,0.0,TC1,n_agents,50,group,1
623,311.5,0,0.0,TC1,n_agents,50,group,1
624,312.0,0,0.0,TC1,n_agents,50,group,1
625,312.5,0,0.0,TC1,n_agents,50,group,1
626,313.0,0,0.0,TC1,n_agents,50,group,1
627,313.5,0,0.0,TC1,n_agents,50,group,1
628,314.0,0,0.0,TC1,n_agents,50,group,1
629,314.5,0,0.0,TC1,n_agents,50,group,1
630,315.0,0,0.0,TC1,n_agents,50,group,1
631,315.5,0,0.0,TC1,n_agents,50,group,1
632,316.0,0,0.0,TC1,n_agents,50,group,1
633,316.5,0,0.0,TC1,n_agents,50,group,1
634,317.0,0,0.0,TC1,n_agents,50,group,1
635,317.5,0,0.0,TC1,n_agents,50,group,1
636,318.0,0,0.0,TC1,n_agents,50,group,1
637,318.5,0,0.0,TC1,n_agents,50,group,1
638,319.0,0,0.0,TC1,n_agents,50,group,1
639,319.5,0,0.0,TC1,n_agents,50,group,1
640,320.0,0,0.0,TC1,n_agents,50,group,1
641,320.5,0,0.0,TC1,n_agents,50,group,1
642,321.0,0,0.0,TC1,n_agents,50,group,1
643,321.5,0,0.0,TC1,n_agents,50,group,1
644,322.0,0,0.0,TC1,n_agents,50,group,1
645,322.5,0,0.0,TC1,n_agents,50,group,1
646,323.0,0,0.0,TC1,n_agents,50,group,1
647,323.5,0,0.0,TC1,n_agents,50,group,1
648,324.0,0,0.0,TC1,n_agents,50,group,1
649,324.5,0,0.0,TC1,n_agents,50,group,1
650,325.0,0,0.0,TC1,n_agents,50,group,1
651,325.5,0,0.0,TC1,n_agents,50,group,1
652,326.0,0,0.0,TC1,n_agents,50,group,1
653,326.5,0,0.0,TC1,n_agents,50,group,1
654,327.0,0,0.0,TC1,n_agents,50,group,1
655,327.5,0,0.0,TC1,n_agents,50,group,1
656,328.0,0,0.0,TC1,n_agents,50,group,1
657,328.5,0,0.0,TC1,n_agents,50,group,1
658,329.0,0,0.0,TC1,n_agents,50,group,1
659,329.5,0,0.0,TC1,n_agents,50,group,1
660,330.0,0,0.0,TC1,n_agents,50,group,1
661,330.5,0,0.0,TC1,n_agents,50,group,1
662,331.0,0,0.0,TC1,n_agents,50,group,1
663,331.5,0,0.0,TC1,n_agents,50,group,1
664,332.0,0,0.0,TC1,n_agents,50,group,1
665,332.5,0,0.0,TC1,n_agents,50,group,1
666,333.0,0,0.0,TC1,n_agents,50,group,1
667,333.5,0,0.0,TC1,n_agents,50,group,1
668,334.0,0,0.0,TC1,n_agents,50,group,1
669,334.5,0,0.0,TC1,n_agents,50,group,1
670,335.0,0,0.0,TC1,n_agents,50,group,1
671,335.5,0,0.0,TC1,n_agents,50,group,1
672,336.0,0,0.0,TC1,n_agents,50,group,1
673,336.5,0,0.0,TC1,n_agents,50,group,1
674,337.0,0,0.0,TC1,n_agents,50,group,1
675,337.5,0,0.0,TC1,n_agents,50,group,1
676,338.0,0,0.0,TC1,n_agents,50,group,1
677,338.5,0,0.0,TC1,n_agents,50,group,1
678,339.0,0,0.0,TC1,n_agents,50,group,1
679,339.5,0,0.0,TC1,n_agents,50,group,1
680,340.0,0,0.0,TC1,n_agents,50,group,1
681,340.5,0,0.0,TC1,n_agents,50,group,1
682,341.0,0,0.0,TC1,n_agents,50,group,1
683,341.5,0,0.0,TC1,n_agents,50,group,1
684,342.0,0,0.0,TC1,n_agents,50,group,1
685,342.5,0,0.0,TC1,n_agents,50,group,1
686,343.0,0,0.0,TC1,n_agents,50,group,1
687,343.5,0,0.0,TC1,n_agents,50,group,1
688,344.0,0,0.0,TC1,n_agents,50,group,1
689,344.5,0,0.0,TC1,n_agents,50,group,1
690,345.0,0,0.0,TC1,n_agents,50,group,1
691,345.5,0,0.0,TC1,n_agents,50,group,1
692,346.0,0,0.0,TC1,n_agents,50,group,1
693,346.5,0,0.0,TC1,n_agents,50,group,1
694,347.0,0,0.0,TC1,n_agents,50,group,1
695,347.5,0,0.0,TC1,n_agents,50,group,1
696,348.0,0,0.0,TC1,n_agents,50,group,1
697,348.5,0,0.0,TC1,n_agents,50,group,1
698,349.0,0,0.0,TC1,n_agents,50,group,1
699,349.5,0,0.0,TC1,n_agents,50,group,1
700,350.0,0,0.0,TC1,n_agents,50,group,1
701,350.5,0,0.0,TC1,n_agents,50,group,1
702,351.0,0,0.0,TC1,n_agents,50,group,1
703,351.5,0,0.0,TC1,n_agents,50,group,1
704,352.0,0,0.0,TC1,n_agents,50,group,1
705,352.5,0,0.0,TC1,n_agents,50,group,1
706,353.0,0,0.0,TC1,n_agents,50,group,1
707,353.5,0,0.0,TC1,n_agents,50,group,1
708,354.0,0,0.0,TC1,n_agents,50,group,1
709,354.5,0,0.0,TC1,n_agents,50,group,1
710,355.0,0,0.0,TC1,n_agents,50,group,1
711,355.5,0,0.0,TC1,n_agents,50,group,1
712,356.0,0,0.0,TC1,n_agents,50,group,1
713,356.5,0,0.0,TC1,n_agents,50,group,1
714,357.0,0,0.0,TC1,n_agents,50,group,1
715,357.5,0,0.0,TC1,n_agents,50,group,1
716,358.0,0,0.0,TC1,n_agents,50,group,1
717,358.5,0,0.0,TC1,n_agents,50,group,1
718,359.0,0,0.0,TC1,n_agents,50,group,1
719,359.5,0,0.0,TC1,n_agents,50,group,1
720,360.0,0,0.0,TC1,n_agents,50,group,1
721,360.5,0,0.0,TC1,n_agents,50,group,1
722,361.0,0,0.0,TC1,n_agents,50,group,1
723,361.5,0,0.0,TC1,n_agents,50,group,1
724,362.0,0,0.0,TC1,n_agents,50,group,1
725,362.5,0,0.0,TC1,n_agents,50,group,1
726,363.0,0,0.0,TC1,n_agents,50,group,1
727,363.5,0,0.0,TC1,n_agents,50,group,1
728,364.0,0,0.0,TC1,n_agents,50,group,1
729,364.5,0,0.0,TC1,n_agents,50,group,1
730,365.0,0,0.0,TC1,n_agents,50,group,1
731,365.5,0,0.0,TC1,n_agents,50,group,1
732,366.0,0,0.0,TC1,n_agents,50,group,1
733,366.5,0,0.0,TC1,n_agents,50,group,1
734,367.0,0,0.0,TC1,n_agents,50,group,1
735,367.5,0,0.0,TC1,n_agents,50,group,1
736,368.0,0,0.0,TC1,n_agents,50,group,1
737,368.5,0,0.0,TC1,n_agents,50,group,1
738,369.0,0,0.0,TC1,n_agents,50,group,1
739,369.5,0,0.0,TC1,n_agents,50,group,1
740,370.0,0,0.0,TC1,n_agents,50,group,1
741,370.5,0,0.0,TC1,n_agents,50,group,1
742,371.0,0,0.0,TC1,n_agents,50,group,1
743,371.5,0,0.0,TC1,n_agents,50,group,1
744,372.0,0,0.0,TC1,n_agents,50,group,1
745,372.5,0,0.0,TC1,n_agents,50,group,1
746,373.0,0,0.0,TC1,n_agents,50,group,1
747,373.5,0,0.0,TC1,n_agents,50,group,1
748,374.0,0,0.0,TC1,n_agents,50,group,1
749,374.5,0,0.0,TC1,n_agents,50,group,1
750,375.0,0,0.0,TC1,n_agents,50,group,1
751,375.5,0,0.0,TC1,n_agents,50,group,1
752,376.0,0,0.0,TC1,n_agents,50,group,1
753,376.5,0,0.0,TC1,n_agents,50,group,1
754,377.0,0,0.0,TC1,n_agents,50,group,1
755,377.5,0,0.0,TC1,n_agents,50,group,1
756,378.0,0,0.0,TC1,n_agents,50,group,1
757,378.5,0,0.0,TC1,n_agents,50,group,1
758,379.0,0,0.0,TC1,n_agents,50,group,1
759,379.5,0,0.0,TC1,n_agents,50,group,1
760,380.0,0,0.0,TC1,n_agents,50,group,1
761,380.5,0,0.0,TC1,n_agents,50,group,1
762,381.0,0,0.0,TC1,n_agents,50,group,1
763,381.5,0,0.0,TC1,n_agents,50,group,1
764,382.0,0,0.0,TC1,n_agents,50,group,1
765,382.5,0,0.0,TC1,n_agents,50,group,1
766,383.0,0,0.0,TC1,n_agents,50,group,1
767,383.5,0,0.0,TC1,n_agents,50,group,1
768,384.0,0,0.0,TC1,n_agents,50,group,1
769,384.5,0,0.0,TC1,n_agents,50,group,1
770,385.0,0,0.0,TC1,n_agents,50,group,1
771,385.5,0,0.0,TC1,n_agents,50,group,1
772,386.0,0,0.0,TC1,n_agents,50,group,1
773,386.5,0,0.0,TC1,n_agents,50,group,1
774,387.0,0,0.0,TC1,n_agents,50,group,1
775,387.5,0,0.0,TC1,n_agents,50,group,1
776,388.0,0,0.0,TC1,n_agents,50,group,1
777,388.5,0,0.0,TC1,n_agents,50,group,1
778,389.0,0,0.0,TC1,n_agents,50,group,1
779,389.5,0,0.0,TC1,n_agents,50,group,1
780,390.0,0,0.0,TC1,n_agents,50,group,1
781,390.5,0,0.0,TC1,n_agents,50,group,1
782,391.0,0,0.0,TC1,n_agents,50,group,1
783,391.5,0,0.0,TC1,n_agents,50,group,1
784,392.0,0,0.0,TC1,n_agents,50,group,1
785,392.5,0,0.0,TC1,n_agents,50,group,1
786,393.0,0,0.0,TC1,n_agents,50,group,1
787,393.5,0,0.0,TC1,n_agents,50,group,1
788,394.0,0,0.0,TC1,n_agents,50,group,1
789,394.5,0,0.0,TC1,n_agents,50,group,1
790,395.0,0,0.0,TC1,n_agents,50,group,1
791,395.5,0,0.0,TC1,n_agents,50,group,1
792,396.0,0,0.0,TC1,n_agents,50,group,1
793,396.5,0,0.0,TC1,n_agents,50,group,1
794,397.0,0,0.0,TC1,n_agents,50,group,1
795,397.5,0,0.0,TC1,n_agents,50,group,1
796,398.0,0,0.0,TC1,n_agents,50,group,1
797,398.5,0,0.0,TC1,n_agents,50,group,1
798,399.0,0,0.0,TC1,n_agents,50,group,1
799,399.5,0,0.0,TC1,n_agents,50,group,1
800,400.0,0,0.0,TC1,n_agents,50,group,1
0,0.0,0,0.0,TC1,n_agents,50,group,2
1,0.5,0,0.0,TC1,n_agents,50,group,2
2,1.0,0,0.0,TC1,n_agents,50,group,2
3,1.5,0,0.0,TC1,n_agents,50,group,2
4,2.0,0,0.0,TC1,n_agents,50,group,2
5,2.5,0,0.0,TC1,n_agents,50,group,2
6,3.0,0,0.0,TC1,n_agents,50,group,2
7,3.5,0,0.0,TC1,n_agents,50,group,2
8,4.0,0,0.0,TC1,n_agents,50,group,2
9,4.5,0,0.0,TC1,n_agents,50,group,2
10,5.0,0,0.0,TC1,n_agents,50,group,2
11,5.5,0,0.0,TC1,n_agents,50,group,2
12,6.0,0,0.0,TC1,n_agents,50,group,2
13,6.5,0,0.0,TC1,n_agents,50,group,2
14,7.0,0,0.0,TC1,n_agents,50,group,2
15,7.5,0,0.0,TC1,n_agents,50,group,2
16,8.0,0,0.0,TC1,n_agents,50,group,2
17,8.5,0,0.0,TC1,n_agents,50,group,2
18,9.0,0,0.0,TC1,n_agents,50,group,2
19,9.5,0,0.0,TC1,n_agents,50,group,2
20,10.0,0,0.0,TC1,n_agents,50,group,2
21,10.5,0,0.0,TC1,n_agents,50,group,2
22,11.0,0,0.0,TC1,n_agents,50,group,2
23,11.5,0,0.0,TC1,n_agents,50,group,2
24,12.0,0,0.0,TC1,n_agents,50,group,2
25,12.5,0,0.0,TC1,n_agents,50,group,2
26,13.0,0,0.0,TC1,n_agents,50,group,2
27,13.5,0,0.0,TC1,n_agents,50,group,2
28,14.0,0,0.0,TC1,n_agents,50,group,2
29,14.5,0,0.0,TC1,n_agents,50,group,2
30,15.0,0,0.0,TC1,n_agents,50,group,2
31,15.5,0,0.0,TC1,n_agents,50,group,2
32,16.0,0,0.0,TC1,n_agents,50,group,2
33,16.5,0,0.0,TC1,n_agents,50,group,2
34,17.0,0,0.0,TC1,n_agents,50,group,2
35,17.5,0,0.0,TC1,n_agents,50,group,2
36,18.0,0,0.0,TC1,n_agents,50,group,2
37,18.5,0,0.0,TC1,n_agents,50,group,2
38,19.0,0,0.0,TC1,n_agents,50,group,2
39,19.5,0,0.0,TC1,n_agents,50,group,2
40,20.0,0,0.0,TC1,n_agents,50,group,2
41,20.5,0,0.0,TC1,n_agents,50,group,2
42,21.0,0,0.0,TC1,n_agents,50,group,2
43,21.5,0,0.0,TC1,n_agents,50,group,2
44,22.0,0,0.0,TC1,n_agents,50,group,2
45,22.5,0,0.0,TC1,n_agents,50,group,2
46,23.0,0,0.0,TC1,n_agents,50,group,2
47,23.5,0,0.0,TC1,n_agents,50,group,2
48,24.0,0,0.0,TC1,n_agents,50,group,2
49,24.5,0,0.0,TC1,n_agents,50,group,2
50,25.0,0,0.0,TC1,n_agents,50,group,2
51,25.5,0,0.0,TC1,n_agents,50,group,2
52,26.0,0,0.0,TC1,n_agents,50,group,2
53,26.5,0,0.0,TC1,n_agents,50,group,2
54,27.0,0,0.0,TC1,n_agents,50,group,2
55,27.5,0,0.0,TC1,n_agents,50,group,2
56,28.0,0,0.0,TC1,n_agents,50,group,2
57,28.5,0,0.0,TC1,n_agents,50,group,2
58,29.0,0,0.0,TC1,n_agents,50,group,2
59,29.5,0,0.0,TC1,n_agents,50,group,2
60,30.0,0,0.0,TC1,n_agents,50,group,2
61,30.5,0,0.0,TC1,n_agents,50,group,2
62,31.0,0,0.0,TC1,n_agents,50,group,2
63,31.5,0,0.0,TC1,n_agents,50,group,2
64,32.0,0,0.0,TC1,n_agents,50,group,2
65,32.5,0,0.0,TC1,n_agents,50,group,2
66,33.0,0,0.0,TC1,n_agents,50,group,2
67,33.5,0,0.0,TC1,n_agents,50,group,2
68,34.0,0,0.0,TC1,n_agents,50,group,2
69,34.5,0,0.0,TC1,n_agents,50,group,2
70,35.0,0,0.0,TC1,n_agents,50,group,2
71,35.5,0,0.0,TC1,n_agents,50,group,2
72,36.0,0,0.0,TC1,n_agents,50,group,2
73,36.5,0,0.0,TC1,n_agents,50,group,2
74,37.0,0,0.0,TC1,n_agents,50,group,2
75,37.5,0,0.0,TC1,n_agents,50,group,2
76,38.0,0,0.0,TC1,n_agents,50,group,2
77,38.5,0,0.0,TC1,n_agents,50,group,2
78,39.0,0,0.0,TC1,n_agents,50,group,2
79,39.5,0,0.0,TC1,n_agents,50,group,2
80,40.0,0,0.0,TC1,n_agents,50,group,2
81,40.5,0,0.0,TC1,n_agents,50,group,2
82,41.0,0,0.0,TC1,n_agents,50,group,2
83,41.5,0,0.0,TC1,n_agents,50,group,2
84,42.0,0,0.0,TC1,n_agents,50,group,2
85,42.5,0,0.0,TC1,n_agents,50,group,2
86,43.0,0,0.0,TC1,n_agents,50,group,2
87,43.5,0,0.0,TC1,n_agents,50,group,2
88,44.0,0,0.0,TC1,n_agents,50,group,2
89,44.5,0,0.0,TC1,n_agents,50,group,2
90,45.0,0,0.0,TC1,n_agents,50,group,2
91,45.5,0,0.0,TC1,n_agents,50,group,2
92,46.0,0,0.0,TC1,n_agents,50,group,2
93,46.5,0,0.0,TC1,n_agents,50,group,2
94,47.0,0,0.0,TC1,n_agents,50,group,2
95,47.5,0,0.0,TC1,n_agents,50,group,2
96,48.0,0,0.0,TC1,n_agents,50,group,2
97,48.5,0,0.0,TC1,n_agents,50,group,2
98,49.0,0,0.0,TC1,n_agents,50,group,2
99,49.5,0,0.0,TC1,n_agents,50,group,2
100,50.0,0,0.0,TC1,n_agents,50,group,2
101,50.5,0,0.0,TC1,n_agents,50,group,2
102,51.0,0,0.0,TC1,n_agents,50,group,2
103,51.5,0,0.0,TC1,n_agents,50,group,2
104,52.0,0,0.0,TC1,n_agents,50,group,2
105,52.5,0,0.0,TC1,n_agents,50,group,2
106,53.0,0,0.0,TC1,n_agents,50,group,2
107,53.5,0,0.0,TC1,n_agents,50,group,2
108,54.0,0,0.0,TC1,n_agents,50,group,2
109,54.5,0,0.0,TC1,n_agents,50,group,2
110,55.0,0,0.0,TC1,n_agents,50,group,2
111,55.5,0,0.0,TC1,n_agents,50,group,2
112,56.0,0,0.0,TC1,n_agents,50,group,2
113,56.5,0,0.0,TC1,n_agents,50,group,2
114,57.0,0,0.0,TC1,n_agents,50,group,2
115,57.5,0,0.0,TC1,n_agents,50,group,2
116,58.0,0,0.0,TC1,n_agents,50,group,2
117,58.5,0,0.0,TC1,n_agents,50,group,2
118,59.0,0,0.0,TC1,n_agents,50,group,2
119,59.5,0,0.0,TC1,n_agents,50,group,2
120,60.0,0,0.0,TC1,n_agents,50,group,2
121,60.5,0,0.0,TC1,n_agents,50,group,2
122,61.0,0,0.0,TC1,n_agents,50,group,2
123,61.5,0,0.0,TC1,n_agents,50,group,2
124,62.0,0,0.0,TC1,n_agents,50,group,2
125,62.5,0,0.0,TC1,n_agents,50,group,2
126,63.0,0,0.0,TC1,n_agents,50,group,2
127,63.5,0,0.0,TC1,n_agents,50,group,2
128,64.0,0,0.0,TC1,n_agents,50,group,2
129,64.5,0,0.0,TC1,n_agents,50,group,2
130,65.0,0,0.0,TC1,n_agents,50,group,2
131,65.5,0,0.0,TC1,n_agents,50,group,2
132,66.0,0,0.0,TC1,n_agents,50,group,2
133,66.5,0,0.0,TC1,n_agents,50,group,2
134,67.0,0,0.0,TC1,n_agents,50,group,2
135,67.5,0,0.0,TC1,n_agents,50,group,2
136,68.0,0,0.0,TC1,n_agents,50,group,2
137,68.5,0,0.0,TC1,n_agents,50,group,2
138,69.0,0,0.0,TC1,n_agents,50,group,2
139,69.5,0,0.0,TC1,n_agents,50,group,2
140,70.0,0,0.0,TC1,n_agents,50,group,2
141,70.5,0,0.0,TC1,n_agents,50,group,2
142,71.0,0,0.0,TC1,n_agents,50,group,2
143,71.5,0,0.0,TC1,n_agents,50,group,2
144,72.0,0,0.0,TC1,n_agents,50,group,2
145,72.5,0,0.0,TC1,n_agents,50,group,2
146,73.0,0,0.0,TC1,n_agents,50,group,2
147,73.5,0,0.0,TC1,n_agents,50,group,2
148,74.0,0,0.0,TC1,n_agents,50,group,2
149,74.5,0,0.0,TC1,n_agents,50,group,2
150,75.0,0,0.0,TC1,n_agents,50,group,2
151,75.5,0,0.0,TC1,n_agents,50,group,2
152,76.0,0,0.0,TC1,n_agents,50,group,2
153,76.5,0,0.0,TC1,n_agents,50,group,2
154,77.0,0,0.0,TC1,n_agents,50,group,2
155,77.5,0,0.0,TC1,n_agents,50,group,2
156,78.0,0,0.0,TC1,n_agents,50,group,2
157,78.5,0,0.0,TC1,n_agents,50,group,2
158,79.0,0,0.0,TC1,n_agents,50,group,2
159,79.5,0,0.0,TC1,n_agents,50,group,2
160,80.0,0,0.0,TC1,n_agents,50,group,2
161,80.5,0,0.0,TC1,n_agents,50,group,2
162,81.0,0,0.0,TC1,n_agents,50,group,2
163,81.5,0,0.0,TC1,n_agents,50,group,2
164,82.0,0,0.0,TC1,n_agents,50,group,2
165,82.5,0,0.0,TC1,n_agents,50,group,2
166,83.0,0,0.0,TC1,n_agents,50,group,2
167,83.5,0,0.0,TC1,n_agents,50,group,2
168,84.0,0,0.0,TC1,n_agents,50,group,2
169,84.5,0,0.0,TC1,n_agents,50,group,2
170,85.0,0,0.0,TC1,n_agents,50,group,2
171,85.5,0,0.0,TC1,n_agents,50,group,2
172,86.0,0,0.0,TC1,n_agents,50,group,2
173,86.5,0,0.0,TC1,n_agents,50,group,2
174,87.0,0,0.0,TC1,n_agents,50,group,2
175,87.5,0,0.0,TC1,n_agents,50,group,2
176,88.0,0,0.0,TC1,n_agents,50,group,2
177,88.5,0,0.0,TC1,n_agents,50,group,2
178,89.0,0,0.0,TC1,n_agents,50,group,2
179,89.5,0,0.0,TC1,n_agents,50,group,2
180,90.0,0,0.0,TC1,n_agents,50,group,2
181,90.5,0,0.0,TC1,n_agents,50,group,2
182,91.0,0,0.0,TC1,n_agents,50,group,2
183,91.5,0,0.0,TC1,n_agents,50,group,2
184,92.0,0,0.0,TC1,n_agents,50,group,2
185,92.5,0,0.0,TC1,n_agents,50,group,2
186,93.0,0,0.0,TC1,n_agents,50,group,2
187,93.5,0,0.0,TC1,n_agents,50,group,2
188,94.0,0,0.0,TC1,n_agents,50,group,2
189,94.5,0,0.0,TC1,n_agents,50,group,2
190,95.0,0,0.0,TC1,n_agents,50,group,2
191,95.5,0,0.0,TC1,n_agents,50,group,2
192,96.0,0,0.0,TC1,n_agents,50,group,2
193,96.5,0,0.0,TC1,n_agents,50,group,2
194,97.0,0,0.0,TC1,n_agents,50,group,2
195,97.5,0,0.0,TC1,n_agents,50,group,2
196,98.0,0,0.0,TC1,n_agents,50,group,2
197,98.5,0,0.0,TC1,n_agents,50,group,2
198,99.0,0,0.0,TC1,n_agents,50,group,2
199,99.5,0,0.0,TC1,n_agents,50,group,2
200,100.0,0,0.0,TC1,n_agents,50,group,2
201,100.5,0,0.0,TC1,n_agents,50,group,2
202,101.0,0,0.0,TC1,n_agents,50,group,2
203,101.5,0,0.0,TC1,n_agents,50,group,2
204,102.0,0,0.0,TC1,n_agents,50,group,2
205,102.5,0,0.0,TC1,n_agents,50,group,2
206,103.0,0,0.0,TC1,n_agents,50,group,2
207,103.5,0,0.0,TC1,n_agents,50,group,2
208,104.0,0,0.0,TC1,n_agents,50,group,2
209,104.5,0,0.0,TC1,n_agents,50,group,2
210,105.0,0,0.0,TC1,n_agents,50,group,2
211,105.5,0,0.0,TC1,n_agents,50,group,2
212,106.0,0,0.0,TC1,n_agents,50,group,2
213,106.5,0,0.0,TC1,n_agents,50,group,2
214,107.0,0,0.0,TC1,n_agents,50,group,2
215,107.5,0,0.0,TC1,n_agents,50,group,2
216,108.0,0,0.0,TC1,n_agents,50,group,2
217,108.5,0,0.0,TC1,n_agents,50,group,2
218,109.0,0,0.0,TC1,n_agents,50,group,2
219,109.5,0,0.0,TC1,n_agents,50,group,2
220,110.0,0,0.0,TC1,n_agents,50,group,2
221,110.5,0,0.0,TC1,n_agents,50,group,2
222,111.0,0,0.0,TC1,n_agents,50,group,2
223,111.5,0,0.0,TC1,n_agents,50,group,2
224,112.0,0,0.0,TC1,n_agents,50,group,2
225,112.5,0,0.0,TC1,n_agents,50,group,2
226,113.0,0,0.0,TC1,n_agents,50,group,2
227,113.5,0,0.0,TC1,n_agents,50,group,2
228,114.0,0,0.0,TC1,n_agents,50,group,2
229,114.5,0,0.0,TC1,n_agents,50,group,2
230,115.0,0,0.0,TC1,n_agents,50,group,2
231,115.5,0,0.0,TC1,n_agents,50,group,2
232,116.0,0,0.0,TC1,n_agents,50,group,2
233,116.5,0,0.0,TC1,n_agents,50,group,2
234,117.0,0,0.0,TC1,n_agents,50,group,2
235,117.5,0,0.0,TC1,n_agents,50,group,2
236,118.0,0,0.0,TC1,n_agents,50,group,2
237,118.5,0,0.0,TC1,n_agents,50,group,2
238,119.0,0,0.0,TC1,n_agents,50,group,2
239,119.5,0,0.0,TC1,n_agents,50,group,2
240,120.0,0,0.0,TC1,n_agents,50,group,2
241,120.5,0,0.0,TC1,n_agents,50,group,2
242,121.0,0,0.0,TC1,n_agents,50,group,2
243,121.5,0,0.0,TC1,n_agents,50,group,2
244,122.0,0,0.0,TC1,n_agents,50,group,2
245,122.5,0,0.0,TC1,n_agents,50,group,2
246,123.0,0,0.0,TC1,n_agents,50,group,2
247,123.5,0,0.0,TC1,n_agents,50,group,2
248,124.0,0,0.0,TC1,n_agents,50,group,2
249,124.5,0,0.0,TC1,n_agents,50,group,2
250,125.0,0,0.0,TC1,n_agents,50,group,2
251,125.5,0,0.0,TC1,n_agents,50,group,2
252,126.0,0,0.0,TC1,n_agents,50,group,2
253,126.5,0,0.0,TC1,n_agents,50,group,2
254,127.0,0,0.0,TC1,n_agents,50,group,2
255,127.5,0,0.0,TC1,n_agents,50,group,2
256,128.0,0,0.0,TC1,n_agents,50,group,2
257,128.5,0,0.0,TC1,n_agents,50,group,2
258,129.0,0,0.0,TC1,n_agents,50,group,2
259,129.5,0,0.0,TC1,n_agents,50,group,2
260,130.0,0,0.0,TC1,n_agents,50,group,2
261,130.5,0,0.0,TC1,n_agents,50,group,2
262,131.0,0,0.0,TC1,n_agents,50,group,2
263,131.5,0,0.0,TC1,n_agents,50,group,2
264,132.0,0,0.0,TC1,n_agents,50,group,2
265,132.5,0,0.0,TC1,n_agents,50,group,2
266,133.0,0,0.0,TC1,n_agents,50,group,2
267,133.5,0,0.0,TC1,n_agents,50,group,2
268,134.0,0,0.0,TC1,n_agents,50,group,2
269,134.5,0,0.0,TC1,n_agents,50,group,2
270,135.0,0,0.0,TC1,n_agents,50,group,2
271,135.5,0,0.0,TC1,n_agents,50,group,2
272,136.0,0,0.0,TC1,n_agents,50,group,2
273,136.5,0,0.0,TC1,n_agents,50,group,2
274,137.0,0,0.0,TC1,n_agents,50,group,2
275,137.5,0,0.0,TC1,n_agents,50,group,2
276,138.0,0,0.0,TC1,n_agents,50,group,2
277,138.5,0,0.0,TC1,n_agents,50,group,2
278,139.0,0,0.0,TC1,n_agents,50,group,2
279,139.5,0,0.0,TC1,n_agents,50,group,2
280,140.0,0,0.0,TC1,n_agents,50,group,2
281,140.5,0,0.0,TC1,n_agents,50,group,2
282,141.0,0,0.0,TC1,n_agents,50,group,2
283,141.5,0,0.0,TC1,n_agents,50,group,2
284,142.0,0,0.0,TC1,n_agents,50,group,2
285,142.5,0,0.0,TC1,n_agents,50,group,2
286,143.0,0,0.0,TC1,n_agents,50,group,2
287,143.5,0,0.0,TC1,n_agents,50,group,2
288,144.0,0,0.0,TC1,n_agents,50,group,2
289,144.5,0,0.0,TC1,n_agents,50,group,2
290,145.0,0,0.0,TC1,n_agents,50,group,2
291,145.5,0,0.0,TC1,n_agents,50,group,2
292,146.0,0,0.0,TC1,n_agents,50,group,2
293,146.5,0,0.0,TC1,n_agents,50,group,2
294,147.0,0,0.0,TC1,n_agents,50,group,2
295,147.5,0,0.0,TC1,n_agents,50,group,2
296,148.0,0,0.0,TC1,n_agents,50,group,2
297,148.5,0,0.0,TC1,n_agents,50,group,2
298,149.0,0,0.0,TC1,n_agents,50,group,2
299,149.5,0,0.0,TC1,n_agents,50,group,2
300,150.0,0,0.0,TC1,n_agents,50,group,2
301,150.5,0,0.0,TC1,n_agents,50,group,2
302,151.0,0,0.0,TC1,n_agents,50,group,2
303,151.5,0,0.0,TC1,n_agents,50,group,2
304,152.0,0,0.0,TC1,n_agents,50,group,2
305,152.5,0,0.0,TC1,n_agents,50,group,2
306,153.0,0,0.0,TC1,n_agents,50,group,2
307,153.5,0,0.0,TC1,n_agents,50,group,2
308,154.0,0,0.0,TC1,n_agents,50,group,2
309,154.5,0,0.0,TC1,n_agents,50,group,2
310,155.0,0,0.0,TC1,n_agents,50,group,2
311,155.5,0,0.0,TC1,n_agents,50,group,2
312,156.0,0,0.0,TC1,n_agents,50,group,2
313,156.5,0,0.0,TC1,n_agents,50,group,2
314,157.0,0,0.0,TC1,n_agents,50,group,2
315,157.5,0,0.0,TC1,n_agents,50,group,2
316,158.0,0,0.0,TC1,n_agents,50,group,2
317,158.5,0,0.0,TC1,n_agents,50,group,2
318,159.0,0,0.0,TC1,n_agents,50,group,2
319,159.5,0,0.0,TC1,n_agents,50,group,2
320,160.0,0,0.0,TC1,n_agents,50,group,2
321,160.5,0,0.0,TC1,n_agents,50,group,2
322,161.0,0,0.0,TC1,n_agents,50,group,2
323,161.5,0,0.0,TC1,n_agents,50,group,2
324,162.0,0,0.0,TC1,n_agents,50,group,2
325,162.5,0,0.0,TC1,n_agents,50,group,2
326,163.0,0,0.0,TC1,n_agents,50,group,2
327,163.5,0,0.0,TC1,n_agents,50,group,2
328,164.0,0,0.0,TC1,n_agents,50,group,2
329,164.5,0,0.0,TC1,n_agents,50,group,2
330,165.0,0,0.0,TC1,n_agents,50,group,2
331,165.5,0,0.0,TC1,n_agents,50,group,2
332,166.0,0,0.0,TC1,n_agents,50,group,2
333,166.5,0,0.0,TC1,n_agents,50,group,2
334,167.0,0,0.0,TC1,n_agents,50,group,2
335,167.5,0,0.0,TC1,n_agents,50,group,2
336,168.0,0,0.0,TC1,n_agents,50,group,2
337,168.5,0,0.0,TC1,n_agents,50,group,2
338,169.0,0,0.0,TC1,n_agents,50,group,2
339,169.5,0,0.0,TC1,n_agents,50,group,2
340,170.0,0,0.0,TC1,n_agents,50,group,2
341,170.5,0,0.0,TC1,n_agents,50,group,2
342,171.0,0,0.0,TC1,n_agents,50,group,2
343,171.5,0,0.0,TC1,n_agents,50,group,2
344,172.0,0,0.0,TC1,n_agents,50,group,2
345,172.5,0,0.0,TC1,n_agents,50,group,2
346,173.0,0,0.0,TC1,n_agents,50,group,2
347,173.5,0,0.0,TC1,n_agents,50,group,2
348,174.0,0,0.0,TC1,n_agents,50,group,2
349,174.5,0,0.0,TC1,n_agents,50,group,2
350,175.0,0,0.0,TC1,n_agents,50,group,2
351,175.5,0,0.0,TC1,n_agents,50,group,2
352,176.0,0,0.0,TC1,n_agents,50,group,2
353,176.5,0,0.0,TC1,n_agents,50,group,2
354,177.0,0,0.0,TC1,n_agents,50,group,2
355,177.5,0,0.0,TC1,n_agents,50,group,2
356,178.0,0,0.0,TC1,n_agents,50,group,2
357,178.5,0,0.0,TC1,n_agents,50,group,2
358,179.0,0,0.0,TC1,n_agents,50,group,2
359,179.5,0,0.0,TC1,n_agents,50,group,2
360,180.0,0,0.0,TC1,n_agents,50,group,2
361,180.5,0,0.0,TC1,n_agents,50,group,2
362,181.0,0,0.0,TC1,n_agents,50,group,2
363,181.5,0,0.0,TC1,n_agents,50,group,2
364,182.0,0,0.0,TC1,n_agents,50,group,2
365,182.5,0,0.0,TC1,n_agents,50,group,2
366,183.0,0,0.0,TC1,n_agents,50,group,2
367,183.5,0,0.0,TC1,n_agents,50,group,2
368,184.0,0,0.0,TC1,n_agents,50,group,2
369,184.5,0,0.0,TC1,n_agents,50,group,2
370,185.0,0,0.0,TC1,n_agents,50,group,2
371,185.5,0,0.0,TC1,n_agents,50,group,2
372,186.0,0,0.0,TC1,n_agents,50,group,2
373,186.5,0,0.0,TC1,n_agents,50,group,2
374,187.0,0,0.0,TC1,n_agents,50,group,2
375,187.5,0,0.0,TC1,n_agents,50,group,2
376,188.0,0,0.0,TC1,n_agents,50,group,2
377,188.5,0,0.0,TC1,n_agents,50,group,2
378,189.0,0,0.0,TC1,n_agents,50,group,2
379,189.5,0,0.0,TC1,n_agents,50,group,2
380,190.0,0,0.0,TC1,n_agents,50,group,2
381,190.5,0,0.0,TC1,n_agents,50,group,2
382,191.0,0,0.0,TC1,n_agents,50,group,2
383,191.5,0,0.0,TC1,n_agents,50,group,2
384,192.0,0,0.0,TC1,n_agents,50,group,2
385,192.5,0,0.0,TC1,n_agents,50,group,2
386,193.0,0,0.0,TC1,n_agents,50,group,2
387,193.5,0,0.0,TC1,n_agents,50,group,2
388,194.0,0,0.0,TC1,n_agents,50,group,2
389,194.5,0,0.0,TC1,n_agents,50,group,2
390,195.0,0,0.0,TC1,n_agents,50,group,2
391,195.5,0,0.0,TC1,n_agents,50,group,2
392,196.0,0,0.0,TC1,n_agents,50,group,2
393,196.5,0,0.0,TC1,n_agents,50,group,2
394,197.0,0,0.0,TC1,n_agents,50,group,2
395,197.5,0,0.0,TC1,n_agents,50,group,2
396,198.0,0,0.0,TC1,n_agents,50,group,2
397,198.5,0,0.0,TC1,n_agents,50,group,2
398,199.0,0,0.0,TC1,n_agents,50,group,2
399,199.5,0,0.0,TC1,n_agents,50,group,2
400,200.0,0,0.0,TC1,n_agents,50,group,2
401,200.5,0,0.0,TC1,n_agents,50,group,2
402,201.0,0,0.0,TC1,n_agents,50,group,2
403,201.5,0,0.0,TC1,n_agents,50,group,2
404,202.0,0,0.0,TC1,n_agents,50,group,2
405,202.5,0,0.0,TC1,n_agents,50,group,2
406,203.0,0,0.0,TC1,n_agents,50,group,2
407,203.5,0,0.0,TC1,n_agents,50,group,2
408,204.0,0,0.0,TC1,n_agents,50,group,2
409,204.5,0,0.0,TC1,n_agents,50,group,2
410,205.0,0,0.0,TC1,n_agents,50,group,2
411,205.5,0,0.0,TC1,n_agents,50,group,2
412,206.0,0,0.0,TC1,n_agents,50,group,2
413,206.5,0,0.0,TC1,n_agents,50,group,2
414,207.0,0,0.0,TC1,n_agents,50,group,2
415,207.5,0,0.0,TC1,n_agents,50,group,2
416,208.0,0,0.0,TC1,n_agents,50,group,2
417,208.5,0,0.0,TC1,n_agents,50,group,2
418,209.0,0,0.0,TC1,n_agents,50,group,2
419,209.5,0,0.0,TC1,n_agents,50,group,2
420,210.0,0,0.0,TC1,n_agents,50,group,2
421,210.5,0,0.0,TC1,n_agents,50,group,2
422,211.0,0,0.0,TC1,n_agents,50,group,2
423,211.5,0,0.0,TC1,n_agents,50,group,2
424,212.0,0,0.0,TC1,n_agents,50,group,2
425,212.5,0,0.0,TC1,n_agents,50,group,2
426,213.0,0,0.0,TC1,n_agents,50,group,2
427,213.5,0,0.0,TC1,n_agents,50,group,2
428,214.0,0,0.0,TC1,n_agents,50,group,2
429,214.5,0,0.0,TC1,n_agents,50,group,2
430,215.0,0,0.0,TC1,n_agents,50,group,2
431,215.5,0,0.0,TC1,n_agents,50,group,2
432,216.0,0,0.0,TC1,n_agents,50,group,2
433,216.5,0,0.0,TC1,n_agents,50,group,2
434,217.0,0,0.0,TC1,n_agents,50,group,2
435,217.5,0,0.0,TC1,n_agents,50,group,2
436,218.0,0,0.0,TC1,n_agents,50,group,2
437,218.5,0,0.0,TC1,n_agents,50,group,2
438,219.0,0,0.0,TC1,n_agents,50,group,2
439,219.5,0,0.0,TC1,n_agents,50,group,2
440,220.0,0,0.0,TC1,n_agents,50,group,2
441,220.5,0,0.0,TC1,n_agents,50,group,2
442,221.0,0,0.0,TC1,n_agents,50,group,2
443,221.5,0,0.0,TC1,n_agents,50,group,2
444,222.0,0,0.0,TC1,n_agents,50,group,2
445,222.5,0,0.0,TC1,n_agents,50,group,2
446,223.0,0,0.0,TC1,n_agents,50,group,2
447,223.5,0,0.0,TC1,n_agents,50,group,2
448,224.0,0,0.0,TC1,n_agents,50,group,2
449,224.5,0,0.0,TC1,n_agents,50,group,2
450,225.0,0,0.0,TC1,n_agents,50,group,2
451,225.5,0,0.0,TC1,n_agents,50,group,2
452,226.0,0,0.0,TC1,n_agents,50,group,2
453,226.5,0,0.0,TC1,n_agents,50,group,2
454,227.0,0,0.0,TC1,n_agents,50,group,2
455,227.5,0,0.0,TC1,n_agents,50,group,2
456,228.0,0,0.0,TC1,n_agents,50,group,2
457,228.5,0,0.0,TC1,n_agents,50,group,2
458,229.0,0,0.0,TC1,n_agents,50,group,2
459,229.5,0,0.0,TC1,n_agents,50,group,2
460,230.0,0,0.0,TC1,n_agents,50,group,2
461,230.5,0,0.0,TC1,n_agents,50,group,2
462,231.0,0,0.0,TC1,n_agents,50,group,2
463,231.5,0,0.0,TC1,n_agents,50,group,2
464,232.0,0,0.0,TC1,n_agents,50,group,2
465,232.5,0,0.0,TC1,n_agents,50,group,2
466,233.0,0,0.0,TC1,n_agents,50,group,2
467,233.5,0,0.0,TC1,n_agents,50,group,2
468,234.0,0,0.0,TC1,n_agents,50,group,2
469,234.5,0,0.0,TC1,n_agents,50,group,2
470,235.0,0,0.0,TC1,n_agents,50,group,2
471,235.5,0,0.0,TC1,n_agents,50,group,2
472,236.0,0,0.0,TC1,n_agents,50,group,2
473,236.5,0,0.0,TC1,n_agents,50,group,2
474,237.0,0,0.0,TC1,n_agents,50,group,2
475,237.5,0,0.0,TC1,n_agents,50,group,2
476,238.0,0,0.0,TC1,n_agents,50,group,2
477,238.5,0,0.0,TC1,n_agents,50,group,2
478,239.0,0,0.0,TC1,n_agents,50,group,2
479,239.5,0,0.0,TC1,n_agents,50,group,2
480,240.0,0,0.0,TC1,n_agents,50,group,2
481,240.5,0,0.0,TC1,n_agents,50,group,2
482,241.0,0,0.0,TC1,n_agents,50,group,2
483,241.5,0,0.0,TC1,n_agents,50,group,2
484,242.0,0,0.0,TC1,n_agents,50,group,2
485,242.5,0,0.0,TC1,n_agents,50,group,2
486,243.0,0,0.0,TC1,n_agents,50,group,2
487,243.5,0,0.0,TC1,n_agents,50,group,2
488,244.0,0,0.0,TC1,n_agents,50,group,2
489,244.5,0,0.0,TC1,n_agents,50,group,2
490,245.0,0,0.0,TC1,n_agents,50,group,2
491,245.5,0,0.0,TC1,n_agents,50,group,2
492,246.0,0,0.0,TC1,n_agents,50,group,2
493,246.5,0,0.0,TC1,n_agents,50,group,2
494,247.0,0,0.0,TC1,n_agents,50,group,2
495,247.5,0,0.0,TC1,n_agents,50,group,2
496,248.0,0,0.0,TC1,n_agents,50,group,2
497,248.5,0,0.0,TC1,n_agents,50,group,2
498,249.0,0,0.0,TC1,n_agents,50,group,2
499,249.5,0,0.0,TC1,n_agents,50,group,2
500,250.0,0,0.0,TC1,n_agents,50,group,2
501,250.5,0,0.0,TC1,n_agents,50,group,2
502,251.0,0,0.0,TC1,n_agents,50,group,2
503,251.5,0,0.0,TC1,n_agents,50,group,2
504,252.0,0,0.0,TC1,n_agents,50,group,2
505,252.5,0,0.0,TC1,n_agents,50,group,2
506,253.0,0,0.0,TC1,n_agents,50,group,2
507,253.5,0,0.0,TC1,n_agents,50,group,2
508,254.0,0,0.0,TC1,n_agents,50,group,2
509,254.5,0,0.0,TC1,n_agents,50,group,2
510,255.0,0,0.0,TC1,n_agents,50,group,2
511,255.5,0,0.0,TC1,n_agents,50,group,2
512,256.0,0,0.0,TC1,n_agents,50,group,2
513,256.5,0,0.0,TC1,n_agents,50,group,2
514,257.0,0,0.0,TC1,n_agents,50,group,2
515,257.5,0,0.0,TC1,n_agents,50,group,2
516,258.0,0,0.0,TC1,n_agents,50,group,2
517,258.5,0,0.0,TC1,n_agents,50,group,2
518,259.0,0,0.0,TC1,n_agents,50,group,2
519,259.5,0,0.0,TC1,n_agents,50,group,2
520,260.0,0,0.0,TC1,n_agents,50,group,2
521,260.5,0,0.0,TC1,n_agents,50,group,2
522,261.0,0,0.0,TC1,n_agents,50,group,2
523,261.5,0,0.0,TC1,n_agents,50,group,2
524,262.0,0,0.0,TC1,n_agents,50,group,2
525,262.5,0,0.0,TC1,n_agents,50,group,2
526,263.0,0,0.0,TC1,n_agents,50,group,2
527,263.5,0,0.0,TC1,n_agents,50,group,2
528,264.0,0,0.0,TC1,n_agents,50,group,2
529,264.5,0,0.0,TC1,n_agents,50,group,2
530,265.0,0,0.0,TC1,n_agents,50,group,2
531,265.5,0,0.0,TC1,n_agents,50,group,2
532,266.0,0,0.0,TC1,n_agents,50,group,2
533,266.5,0,0.0,TC1,n_agents,50,group,2
534,267.0,0,0.0,TC1,n_agents,50,group,2
535,267.5,0,0.0,TC1,n_agents,50,group,2
536,268.0,0,0.0,TC1,n_agents,50,group,2
537,268.5,0,0.0,TC1,n_agents,50,group,2
538,269.0,0,0.0,TC1,n_agents,50,group,2
539,269.5,0,0.0,TC1,n_agents,50,group,2
540,270.0,0,0.0,TC1,n_agents,50,group,2
541,270.5,0,0.0,TC1,n_agents,50,group,2
542,271.0,0,0.0,TC1,n_agents,50,group,2
543,271.5,0,0.0,TC1,n_agents,50,group,2
544,272.0,0,0.0,TC1,n_agents,50,group,2
545,272.5,0,0.0,TC1,n_agents,50,group,2
546,273.0,0,0.0,TC1,n_agents,50,group,2
547,273.5,0,0.0,TC1,n_agents,50,group,2
548,274.0,0,0.0,TC1,n_agents,50,group,2
549,274.5,0,0.0,TC1,n_agents,50,group,2
550,275.0,0,0.0,TC1,n_agents,50,group,2
551,275.5,0,0.0,TC1,n_agents,50,group,2
552,276.0,0,0.0,TC1,n_agents,50,group,2
553,276.5,0,0.0,TC1,n_agents,50,group,2
554,277.0,0,0.0,TC1,n_agents,50,group,2
555,277.5,0,0.0,TC1,n_agents,50,group,2
556,278.0,0,0.0,TC1,n_agents,50,group,2
557,278.5,0,0.0,TC1,n_agents,50,group,2
558,279.0,0,0.0,TC1,n_agents,50,group,2
559,279.5,0,0.0,TC1,n_agents,50,group,2
560,280.0,0,0.0,TC1,n_agents,50,group,2
561,280.5,0,0.0,TC1,n_agents,50,group,2
562,281.0,0,0.0,TC1,n_agents,50,group,2
563,281.5,0,0.0,TC1,n_agents,50,group,2
564,282.0,0,0.0,TC1,n_agents,50,group,2
565,282.5,0,0.0,TC1,n_agents,50,group,2
566,283.0,0,0.0,TC1,n_agents,50,group,2
567,283.5,0,0.0,TC1,n_agents,50,group,2
568,284.0,0,0.0,TC1,n_agents,50,group,2
569,284.5,0,0.0,TC1,n_agents,50,group,2
570,285.0,0,0.0,TC1,n_agents,50,group,2
571,285.5,0,0.0,TC1,n_agents,50,group,2
572,286.0,0,0.0,TC1,n_agents,50,group,2
573,286.5,0,0.0,TC1,n_agents,50,group,2
574,287.0,0,0.0,TC1,n_agents,50,group,2
575,287.5,0,0.0,TC1,n_agents,50,group,2
576,288.0,0,0.0,TC1,n_agents,50,group,2
577,288.5,0,0.0,TC1,n_agents,50,group,2
578,289.0,0,0.0,TC1,n_agents,50,group,2
579,289.5,0,0.0,TC1,n_agents,50,group,2
580,290.0,0,0.0,TC1,n_agents,50,group,2
581,290.5,0,0.0,TC1,n_agents,50,group,2
582,291.0,0,0.0,TC1,n_agents,50,group,2
583,291.5,0,0.0,TC1,n_agents,50,group,2
584,292.0,0,0.0,TC1,n_agents,50,group,2
585,292.5,0,0.0,TC1,n_agents,50,group,2
586,293.0,0,0.0,TC1,n_agents,50,group,2
587,293.5,0,0.0,TC1,n_agents,50,group,2
588,294.0,0,0.0,TC1,n_agents,50,group,2
589,294.5,0,0.0,TC1,n_agents,50,group,2
590,295.0,0,0.0,TC1,n_agents,50,group,2
591,295.5,0,0.0,TC1,n_agents,50,group,2
592,296.0,0,0.0,TC1,n_agents,50,group,2
593,296.5,0,0.0,TC1,n_agents,50,group,2
594,297.0,0,0.0,TC1,n_agents,50,group,2
595,297.5,0,0.0,TC1,n_agents,50,group,2
596,298.0,0,0.0,TC1,n_agents,50,group,2
597,298.5,0,0.0,TC1,n_agents,50,group,2
598,299.0,0,0.0,TC1,n_agents,50,group,2
599,299.5,0,0.0,TC1,n_agents,50,group,2
600,300.0,0,0.0,TC1,n_agents,50,group,2
601,300.5,0,0.0,TC1,n_agents,50,group,2
602,301.0,0,0.0,TC1,n_agents,50,group,2
603,301.5,0,0.0,TC1,n_agents,50,group,2
604,302.0,0,0.0,TC1,n_agents,50,group,2
605,302.5,0,0.0,TC1,n_agents,50,group,2
606,303.0,0,0.0,TC1,n_agents,50,group,2
607,303.5,0,0.0,TC1,n_agents,50,group,2
608,304.0,0,0.0,TC1,n_agents,50,group,2
609,304.5,0,0.0,TC1,n_agents,50,group,2
610,305.0,0,0.0,TC1,n_agents,50,group,2
611,305.5,0,0.0,TC1,n_agents,50,group,2
612,306.0,0,0.0,TC1,n_agents,50,group,2
613,306.5,0,0.0,TC1,n_agents,50,group,2
614,307.0,0,0.0,TC1,n_agents,50,group,2
615,307.5,0,0.0,TC1,n_agents,50,group,2
616,308.0,0,0.0,TC1,n_agents,50,group,2
617,308.5,0,0.0,TC1,n_agents,50,group,2
618,309.0,0,0.0,TC1,n_agents,50,group,2
619,309.5,0,0.0,TC1,n_agents,50,group,2
620,310.0,0,0.0,TC1,n_agents,50,group,2
621,310.5,0,0.0,TC1,n_agents,50,group,2
622,311.0,0,0.0,TC1,n_agents,50,group,2
623,311.5,0,0.0,TC1,n_agents,50,group,2
624,312.0,0,0.0,TC1,n_agents,50,group,2
625,312.5,0,0.0,TC1,n_agents,50,group,2
626,313.0,0,0.0,TC1,n_agents,50,group,2
627,313.5,0,0.0,TC1,n_agents,50,group,2
628,314.0,0,0.0,TC1,n_agents,50,group,2
629,314.5,0,0.0,TC1,n_agents,50,group,2
630,315.0,0,0.0,TC1,n_agents,50,group,2
631,315.5,0,0.0,TC1,n_agents,50,group,2
632,316.0,0,0.0,TC1,n_agents,50,group,2
633,316.5,0,0.0,TC1,n_agents,50,group,2
634,317.0,0,0.0,TC1,n_agents,50,group,2
635,317.5,0,0.0,TC1,n_agents,50,group,2
636,318.0,0,0.0,TC1,n_agents,50,group,2
637,318.5,0,0.0,TC1,n_agents,50,group,2
638,319.0,0,0.0,TC1,n_agents,50,group,2
639,319.5,0,0.0,TC1,n_agents,50,group,2
640,320.0,0,0.0,TC1,n_agents,50,group,2
641,320.5,0,0.0,TC1,n_agents,50,group,2
642,321.0,0,0.0,TC1,n_agents,50,group,2
643,321.5,0,0.0,TC1,n_agents,50,group,2
644,322.0,0,0.0,TC1,n_agents,50,group,2
645,322.5,0,0.0,TC1,n_agents,50,group,2
646,323.0,0,0.0,TC1,n_agents,50,group,2
647,323.5,0,0.0,TC1,n_agents,50,group,2
648,324.0,0,0.0,TC1,n_agents,50,group,2
649,324.5,0,0.0,TC1,n_agents,50,group,2
650,325.0,0,0.0,TC1,n_agents,50,group,2
651,325.5,0,0.0,TC1,n_agents,50,group,2
652,326.0,0,0.0,TC1,n_agents,50,group,2
653,326.5,0,0.0,TC1,n_agents,50,group,2
654,327.0,0,0.0,TC1,n_agents,50,group,2
655,327.5,0,0.0,TC1,n_agents,50,group,2
656,328.0,0,0.0,TC1,n_agents,50,group,2
657,328.5,0,0.0,TC1,n_agents,50,group,2
658,329.0,0,0.0,TC1,n_agents,50,group,2
659,329.5,0,0.0,TC1,n_agents,50,group,2
660,330.0,0,0.0,TC1,n_agents,50,group,2
661,330.5,0,0.0,TC1,n_agents,50,group,2
662,331.0,0,0.0,TC1,n_agents,50,group,2
663,331.5,0,0.0,TC1,n_agents,50,group,2
664,332.0,0,0.0,TC1,n_agents,50,group,2
665,332.5,0,0.0,TC1,n_agents,50,group,2
666,333.0,0,0.0,TC1,n_agents,50,group,2
667,333.5,0,0.0,TC1,n_agents,50,group,2
668,334.0,0,0.0,TC1,n_agents,50,group,2
669,334.5,0,0.0,TC1,n_agents,50,group,2
670,335.0,0,0.0,TC1,n_agents,50,group,2
671,335.5,0,0.0,TC1,n_agents,50,group,2
672,336.0,0,0.0,TC1,n_agents,50,group,2
673,336.5,0,0.0,TC1,n_agents,50,group,2
674,337.0,0,0.0,TC1,n_agents,50,group,2
675,337.5,0,0.0,TC1,n_agents,50,group,2
676,338.0,0,0.0,TC1,n_agents,50,group,2
677,338.5,0,0.0,TC1,n_agents,50,group,2
678,339.0,0,0.0,TC1,n_agents,50,group,2
679,339.5,0,0.0,TC1,n_agents,50,group,2
680,340.0,0,0.0,TC1,n_agents,50,group,2
681,340.5,0,0.0,TC1,n_agents,50,group,2
682,341.0,0,0.0,TC1,n_agents,50,group,2
683,341.5,0,0.0,TC1,n_agents,50,group,2
684,342.0,0,0.0,TC1,n_agents,50,group,2
685,342.5,0,0.0,TC1,n_agents,50,group,2
686,343.0,0,0.0,TC1,n_agents,50,group,2
687,343.5,0,0.0,TC1,n_agents,50,group,2
688,344.0,0,0.0,TC1,n_agents,50,group,2
689,344.5,0,0.0,TC1,n_agents,50,group,2
690,345.0,0,0.0,TC1,n_agents,50,group,2
691,345.5,0,0.0,TC1,n_agents,50,group,2
692,346.0,0,0.0,TC1,n_agents,50,group,2
693,346.5,0,0.0,TC1,n_agents,50,group,2
694,347.0,0,0.0,TC1,n_agents,50,group,2
695,347.5,0,0.0,TC1,n_agents,50,group,2
696,348.0,0,0.0,TC1,n_agents,50,group,2
697,348.5,0,0.0,TC1,n_agents,50,group,2
698,349.0,0,0.0,TC1,n_agents,50,group,2
699,349.5,0,0.0,TC1,n_agents,50,group,2
700,350.0,0,0.0,TC1,n_agents,50,group,2
701,350.5,0,0.0,TC1,n_agents,50,group,2
702,351.0,0,0.0,TC1,n_agents,50,group,2
703,351.5,0,0.0,TC1,n_agents,50,group,2
704,352.0,0,0.0,TC1,n_agents,50,group,2
705,352.5,0,0.0,TC1,n_agents,50,group,2
706,353.0,0,0.0,TC1,n_agents,50,group,2
707,353.5,0,0.0,TC1,n_agents,50,group,2
708,354.0,0,0.0,TC1,n_agents,50,group,2
709,354.5,0,0.0,TC1,n_agents,50,group,2
710,355.0,0,0.0,TC1,n_agents,50,group,2
711,355.5,0,0.0,TC1,n_agents,50,group,2
712,356.0,0,0.0,TC1,n_agents,50,group,2
713,356.5,0,0.0,TC1,n_agents,50,group,2
714,357.0,0,0.0,TC1,n_agents,50,group,2
715,357.5,0,0.0,TC1,n_agents,50,group,2
716,358.0,0,0.0,TC1,n_agents,50,group,2
717,358.5,0,0.0,TC1,n_agents,50,group,2
718,359.0,0,0.0,TC1,n_agents,50,group,2
719,359.5,0,0.0,TC1,n_agents,50,group,2
720,360.0,0,0.0,TC1,n_agents,50,group,2
721,360.5,0,0.0,TC1,n_agents,50,group,2
722,361.0,0,0.0,TC1,n_agents,50,group,2
723,361.5,0,0.0,TC1,n_agents,50,group,2
724,362.0,0,0.0,TC1,n_agents,50,group,2
725,362.5,0,0.0,TC1,n_agents,50,group,2
726,363.0,0,0.0,TC1,n_agents,50,group,2
727,363.5,0,0.0,TC1,n_agents,50,group,2
728,364.0,0,0.0,TC1,n_agents,50,group,2
729,364.5,0,0.0,TC1,n_agents,50,group,2
730,365.0,0,0.0,TC1,n_agents,50,group,2
731,365.5,0,0.0,TC1,n_agents,50,group,2
732,366.0,0,0.0,TC1,n_agents,50,group,2
733,366.5,0,0.0,TC1,n_agents,50,group,2
734,367.0,0,0.0,TC1,n_agents,50,group,2
735,367.5,0,0.0,TC1,n_agents,50,group,2
736,368.0,0,0.0,TC1,n_agents,50,group,2
737,368.5,0,0.0,TC1,n_agents,50,group,2
738,369.0,0,0.0,TC1,n_agents,50,group,2
739,369.5,0,0.0,TC1,n_agents,50,group,2
740,370.0,0,0.0,TC1,n_agents,50,group,2
741,370.5,0,0.0,TC1,n_agents,50,group,2
742,371.0,0,0.0,TC1,n_agents,50,group,2
743,371.5,0,0.0,TC1,n_agents,50,group,2
744,372.0,0,0.0,TC1,n_agents,50,group,2
745,372.5,0,0.0,TC1,n_agents,50,group,2
746,373.0,0,0.0,TC1,n_agents,50,group,2
747,373.5,0,0.0,TC1,n_agents,50,group,2
748,374.0,0,0.0,TC1,n_agents,50,group,2
749,374.5,0,0.0,TC1,n_agents,50,group,2
750,375.0,0,0.0,TC1,n_agents,50,group,2
751,375.5,0,0.0,TC1,n_agents,50,group,2
752,376.0,0,0.0,TC1,n_agents,50,group,2
753,376.5,0,0.0,TC1,n_agents,50,group,2
754,377.0,0,0.0,TC1,n_agents,50,group,2
755,377.5,0,0.0,TC1,n_agents,50,group,2
756,378.0,0,0.0,TC1,n_agents,50,group,2
757,378.5,0,0.0,TC1,n_agents,50,group,2
758,379.0,0,0.0,TC1,n_agents,50,group,2
759,379.5,0,0.0,TC1,n_agents,50,group,2
760,380.0,0,0.0,TC1,n_agents,50,group,2
761,380.5,0,0.0,TC1,n_agents,50,group,2
762,381.0,0,0.0,TC1,n_agents,50,group,2
763,381.5,0,0.0,TC1,n_agents,50,group,2
764,382.0,0,0.0,TC1,n_agents,50,group,2
765,382.5,0,0.0,TC1,n_agents,50,group,2
766,383.0,0,0.0,TC1,n_agents,50,group,2
767,383.5,0,0.0,TC1,n_agents,50,group,2
768,384.0,0,0.0,TC1,n_agents,50,group,2
769,384.5,0,0.0,TC1,n_agents,50,group,2
770,385.0,0,0.0,TC1,n_agents,50,group,2
771,385.5,0,0.0,TC1,n_agents,50,group,2
772,386.0,0,0.0,TC1,n_agents,50,group,2
773,386.5,0,0.0,TC1,n_agents,50,group,2
774,387.0,0,0.0,TC1,n_agents,50,group,2
775,387.5,0,0.0,TC1,n_agents,50,group,2
776,388.0,0,0.0,TC1,n_agents,50,group,2
777,388.5,0,0.0,TC1,n_agents,50,group,2
778,389.0,0,0.0,TC1,n_agents,50,group,2
779,389.5,0,0.0,TC1,n_agents,50,group,2
780,390.0,0,0.0,TC1,n_agents,50,group,2
781,390.5,0,0.0,TC1,n_agents,50,group,2
782,391.0,0,0.0,TC1,n_agents,50,group,2
783,391.5,0,0.0,TC1,n_agents,50,group,2
784,392.0,0,0.0,TC1,n_agents,50,group,2
785,392.5,0,0.0,TC1,n_agents,50,group,2
786,393.0,0,0.0,TC1,n_agents,50,group,2
787,393.5,0,0.0,TC1,n_agents,50,group,2
788,394.0,0,0.0,TC1,n_agents,50,group,2
789,394.5,0,0.0,TC1,n_agents,50,group,2
790,395.0,0,0.0,TC1,n_agents,50,group,2
791,395.5,0,0.0,TC1,n_agents,50,group,2
792,396.0,0,0.0,TC1,n_agents,50,group,2
793,396.5,0,0.0,TC1,n_agents,50,group,2
794,397.0,0,0.0,TC1,n_agents,50,group,2
795,397.5,0,0.0,TC1,n_agents,50,group,2
796,398.0,0,0.0,TC1,n_agents,50,group,2
797,398.5,0,0.0,TC1,n_agents,50,group,2
798,399.0,0,0.0,TC1,n_agents,50,group,2
799,399.5,0,0.0,TC1,n_agents,50,group,2
800,400.0,0,0.0,TC1,n_agents,50,group,2
0,0.0,0,0.0,TC1,n_agents,50,group,3
1,0.5,0,0.0,TC1,n_agents,50,group,3
2,1.0,0,0.0,TC1,n_agents,50,group,3
3,1.5,0,0.0,TC1,n_agents,50,group,3
4,2.0,0,0.0,TC1,n_agents,50,group,3
5,2.5,0,0.0,TC1,n_agents,50,group,3
6,3.0,0,0.0,TC1,n_agents,50,group,3
7,3.5,0,0.0,TC1,n_agents,50,group,3
8,4.0,0,0.0,TC1,n_agents,50,group,3
9,4.5,0,0.0,TC1,n_agents,50,group,3
10,5.0,0,0.0,TC1,n_agents,50,group,3
11,5.5,0,0.0,TC1,n_agents,50,group,3
12,6.0,0,0.0,TC1,n_agents,50,group,3
13,6.5,0,0.0,TC1,n_agents,50,group,3
14,7.0,0,0.0,TC1,n_agents,50,group,3
15,7.5,0,0.0,TC1,n_agents,50,group,3
16,8.0,0,0.0,TC1,n_agents,50,group,3
17,8.5,0,0.0,TC1,n_agents,50,group,3
18,9.0,0,0.0,TC1,n_agents,50,group,3
19,9.5,0,0.0,TC1,n_agents,50,group,3
20,10.0,0,0.0,TC1,n_agents,50,group,3
21,10.5,0,0.0,TC1,n_agents,50,group,3
22,11.0,0,0.0,TC1,n_agents,50,group,3
23,11.5,0,0.0,TC1,n_agents,50,group,3
24,12.0,0,0.0,TC1,n_agents,50,group,3
25,12.5,0,0.0,TC1,n_agents,50,group,3
26,13.0,0,0.0,TC1,n_agents,50,group,3
27,13.5,0,0.0,TC1,n_agents,50,group,3
28,14.0,0,0.0,TC1,n_agents,50,group,3
29,14.5,0,0.0,TC1,n_agents,50,group,3
30,15.0,0,0.0,TC1,n_agents,50,group,3
31,15.5,0,0.0,TC1,n_agents,50,group,3
32,16.0,0,0.0,TC1,n_agents,50,group,3
33,16.5,0,0.0,TC1,n_agents,50,group,3
34,17.0,0,0.0,TC1,n_agents,50,group,3
35,17.5,0,0.0,TC1,n_agents,50,group,3
36,18.0,0,0.0,TC1,n_agents,50,group,3
37,18.5,0,0.0,TC1,n_agents,50,group,3
38,19.0,0,0.0,TC1,n_agents,50,group,3
39,19.5,0,0.0,TC1,n_agents,50,group,3
40,20.0,0,0.0,TC1,n_agents,50,group,3
41,20.5,0,0.0,TC1,n_agents,50,group,3
42,21.0,0,0.0,TC1,n_agents,50,group,3
43,21.5,0,0.0,TC1,n_agents,50,group,3
44,22.0,0,0.0,TC1,n_agents,50,group,3
45,22.5,0,0.0,TC1,n_agents,50,group,3
46,23.0,0,0.0,TC1,n_agents,50,group,3
47,23.5,0,0.0,TC1,n_agents,50,group,3
48,24.0,0,0.0,TC1,n_agents,50,group,3
49,24.5,0,0.0,TC1,n_agents,50,group,3
50,25.0,0,0.0,TC1,n_agents,50,group,3
51,25.5,0,0.0,TC1,n_agents,50,group,3
52,26.0,0,0.0,TC1,n_agents,50,group,3
53,26.5,0,0.0,TC1,n_agents,50,group,3
54,27.0,0,0.0,TC1,n_agents,50,group,3
55,27.5,0,0.0,TC1,n_agents,50,group,3
56,28.0,0,0.0,TC1,n_agents,50,group,3
57,28.5,0,0.0,TC1,n_agents,50,group,3
58,29.0,0,0.0,TC1,n_agents,50,group,3
59,29.5,0,0.0,TC1,n_agents,50,group,3
60,30.0,0,0.0,TC1,n_agents,50,group,3
61,30.5,0,0.0,TC1,n_agents,50,group,3
62,31.0,0,0.0,TC1,n_agents,50,group,3
63,31.5,0,0.0,TC1,n_agents,50,group,3
64,32.0,0,0.0,TC1,n_agents,50,group,3
65,32.5,0,0.0,TC1,n_agents,50,group,3
66,33.0,0,0.0,TC1,n_agents,50,group,3
67,33.5,0,0.0,TC1,n_agents,50,group,3
68,34.0,0,0.0,TC1,n_agents,50,group,3
69,34.5,0,0.0,TC1,n_agents,50,group,3
70,35.0,0,0.0,TC1,n_agents,50,group,3
71,35.5,0,0.0,TC1,n_agents,50,group,3
72,36.0,0,0.0,TC1,n_agents,50,group,3
73,36.5,0,0.0,TC1,n_agents,50,group,3
74,37.0,0,0.0,TC1,n_agents,50,group,3
75,37.5,0,0.0,TC1,n_agents,50,group,3
76,38.0,0,0.0,TC1,n_agents,50,group,3
77,38.5,0,0.0,TC1,n_agents,50,group,3
78,39.0,0,0.0,TC1,n_agents,50,group,3
79,39.5,0,0.0,TC1,n_agents,50,group,3
80,40.0,0,0.0,TC1,n_agents,50,group,3
81,40.5,0,0.0,TC1,n_agents,50,group,3
82,41.0,0,0.0,TC1,n_agents,50,group,3
83,41.5,0,0.0,TC1,n_agents,50,group,3
84,42.0,0,0.0,TC1,n_agents,50,group,3
85,42.5,0,0.0,TC1,n_agents,50,group,3
86,43.0,0,0.0,TC1,n_agents,50,group,3
87,43.5,0,0.0,TC1,n_agents,50,group,3
88,44.0,0,0.0,TC1,n_agents,50,group,3
89,44.5,0,0.0,TC1,n_agents,50,group,3
90,45.0,0,0.0,TC1,n_agents,50,group,3
91,45.5,0,0.0,TC1,n_agents,50,group,3
92,46.0,0,0.0,TC1,n_agents,50,group,3
93,46.5,0,0.0,TC1,n_agents,50,group,3
94,47.0,0,0.0,TC1,n_agents,50,group,3
95,47.5,0,0.0,TC1,n_agents,50,group,3
96,48.0,0,0.0,TC1,n_agents,50,group,3
97,48.5,0,0.0,TC1,n_agents,50,group,3
98,49.0,0,0.0,TC1,n_agents,50,group,3
99,49.5,0,0.0,TC1,n_agents,50,group,3
100,50.0,0,0.0,TC1,n_agents,50,group,3
101,50.5,0,0.0,TC1,n_agents,50,group,3
102,51.0,0,0.0,TC1,n_agents,50,group,3
103,51.5,0,0.0,TC1,n_agents,50,group,3
104,52.0,0,0.0,TC1,n_agents,50,group,3
105,52.5,0,0.0,TC1,n_agents,50,group,3
106,53.0,0,0.0,TC1,n_agents,50,group,3
107,53.5,0,0.0,TC1,n_agents,50,group,3
108,54.0,0,0.0,TC1,n_agents,50,group,3
109,54.5,0,0.0,TC1,n_agents,50,group,3
110,55.0,0,0.0,TC1,n_agents,50,group,3
111,55.5,0,0.0,TC1,n_agents,50,group,3
112,56.0,0,0.0,TC1,n_agents,50,group,3
113,56.5,0,0.0,TC1,n_agents,50,group,3
114,57.0,0,0.0,TC1,n_agents,50,group,3
115,57.5,0,0.0,TC1,n_agents,50,group,3
116,58.0,0,0.0,TC1,n_agents,50,group,3
117,58.5,0,0.0,TC1,n_agents,50,group,3
118,59.0,0,0.0,TC1,n_agents,50,group,3
119,59.5,0,0.0,TC1,n_agents,50,group,3
120,60.0,0,0.0,TC1,n_agents,50,group,3
121,60.5,0,0.0,TC1,n_agents,50,group,3
122,61.0,0,0.0,TC1,n_agents,50,group,3
123,61.5,0,0.0,TC1,n_agents,50,group,3
124,62.0,0,0.0,TC1,n_agents,50,group,3
125,62.5,0,0.0,TC1,n_agents,50,group,3
126,63.0,0,0.0,TC1,n_agents,50,group,3
127,63.5,0,0.0,TC1,n_agents,50,group,3
128,64.0,0,0.0,TC1,n_agents,50,group,3
129,64.5,0,0.0,TC1,n_agents,50,group,3
130,65.0,0,0.0,TC1,n_agents,50,group,3
131,65.5,0,0.0,TC1,n_agents,50,group,3
132,66.0,0,0.0,TC1,n_agents,50,group,3
133,66.5,0,0.0,TC1,n_agents,50,group,3
134,67.0,0,0.0,TC1,n_agents,50,group,3
135,67.5,0,0.0,TC1,n_agents,50,group,3
136,68.0,0,0.0,TC1,n_agents,50,group,3
137,68.5,0,0.0,TC1,n_agents,50,group,3
138,69.0,0,0.0,TC1,n_agents,50,group,3
139,69.5,0,0.0,TC1,n_agents,50,group,3
140,70.0,0,0.0,TC1,n_agents,50,group,3
141,70.5,0,0.0,TC1,n_agents,50,group,3
142,71.0,0,0.0,TC1,n_agents,50,group,3
143,71.5,0,0.0,TC1,n_agents,50,group,3
144,72.0,0,0.0,TC1,n_agents,50,group,3
145,72.5,0,0.0,TC1,n_agents,50,group,3
146,73.0,0,0.0,TC1,n_agents,50,group,3
147,73.5,0,0.0,TC1,n_agents,50,group,3
148,74.0,0,0.0,TC1,n_agents,50,group,3
149,74.5,0,0.0,TC1,n_agents,50,group,3
150,75.0,0,0.0,TC1,n_agents,50,group,3
151,75.5,0,0.0,TC1,n_agents,50,group,3
152,76.0,0,0.0,TC1,n_agents,50,group,3
153,76.5,0,0.0,TC1,n_agents,50,group,3
154,77.0,0,0.0,TC1,n_agents,50,group,3
155,77.5,0,0.0,TC1,n_agents,50,group,3
156,78.0,0,0.0,TC1,n_agents,50,group,3
157,78.5,0,0.0,TC1,n_agents,50,group,3
158,79.0,0,0.0,TC1,n_agents,50,group,3
159,79.5,0,0.0,TC1,n_agents,50,group,3
160,80.0,0,0.0,TC1,n_agents,50,group,3
161,80.5,0,0.0,TC1,n_agents,50,group,3
162,81.0,0,0.0,TC1,n_agents,50,group,3
163,81.5,0,0.0,TC1,n_agents,50,group,3
164,82.0,0,0.0,TC1,n_agents,50,group,3
165,82.5,0,0.0,TC1,n_agents,50,group,3
166,83.0,0,0.0,TC1,n_agents,50,group,3
167,83.5,0,0.0,TC1,n_agents,50,group,3
168,84.0,0,0.0,TC1,n_agents,50,group,3
169,84.5,0,0.0,TC1,n_agents,50,group,3
170,85.0,0,0.0,TC1,n_agents,50,group,3
171,85.5,0,0.0,TC1,n_agents,50,group,3
172,86.0,0,0.0,TC1,n_agents,50,group,3
173,86.5,0,0.0,TC1,n_agents,50,group,3
174,87.0,0,0.0,TC1,n_agents,50,group,3
175,87.5,0,0.0,TC1,n_agents,50,group,3
176,88.0,0,0.0,TC1,n_agents,50,group,3
177,88.5,0,0.0,TC1,n_agents,50,group,3
178,89.0,0,0.0,TC1,n_agents,50,group,3
179,89.5,0,0.0,TC1,n_agents,50,group,3
180,90.0,0,0.0,TC1,n_agents,50,group,3
181,90.5,0,0.0,TC1,n_agents,50,group,3
182,91.0,0,0.0,TC1,n_agents,50,group,3
183,91.5,0,0.0,TC1,n_agents,50,group,3
184,92.0,0,0.0,TC1,n_agents,50,group,3
185,92.5,0,0.0,TC1,n_agents,50,group,3
186,93.0,0,0.0,TC1,n_agents,50,group,3
187,93.5,0,0.0,TC1,n_agents,50,group,3
188,94.0,0,0.0,TC1,n_agents,50,group,3
189,94.5,0,0.0,TC1,n_agents,50,group,3
190,95.0,0,0.0,TC1,n_agents,50,group,3
191,95.5,0,0.0,TC1,n_agents,50,group,3
192,96.0,0,0.0,TC1,n_agents,50,group,3
193,96.5,0,0.0,TC1,n_agents,50,group,3
194,97.0,0,0.0,TC1,n_agents,50,group,3
195,97.5,0,0.0,TC1,n_agents,50,group,3
196,98.0,0,0.0,TC1,n_agents,50,group,3
197,98.5,0,0.0,TC1,n_agents,50,group,3
198,99.0,0,0.0,TC1,n_agents,50,group,3
199,99.5,0,0.0,TC1,n_agents,50,group,3
200,100.0,0,0.0,TC1,n_agents,50,group,3
201,100.5,0,0.0,TC1,n_agents,50,group,3
202,101.0,0,0.0,TC1,n_agents,50,group,3
203,101.5,0,0.0,TC1,n_agents,50,group,3
204,102.0,0,0.0,TC1,n_agents,50,group,3
205,102.5,0,0.0,TC1,n_agents,50,group,3
206,103.0,0,0.0,TC1,n_agents,50,group,3
207,103.5,0,0.0,TC1,n_agents,50,group,3
208,104.0,0,0.0,TC1,n_agents,50,group,3
209,104.5,0,0.0,TC1,n_agents,50,group,3
210,105.0,0,0.0,TC1,n_agents,50,group,3
211,105.5,0,0.0,TC1,n_agents,50,group,3
212,106.0,0,0.0,TC1,n_agents,50,group,3
213,106.5,0,0.0,TC1,n_agents,50,group,3
214,107.0,0,0.0,TC1,n_agents,50,group,3
215,107.5,0,0.0,TC1,n_agents,50,group,3
216,108.0,0,0.0,TC1,n_agents,50,group,3
217,108.5,0,0.0,TC1,n_agents,50,group,3
218,109.0,0,0.0,TC1,n_agents,50,group,3
219,109.5,0,0.0,TC1,n_agents,50,group,3
220,110.0,0,0.0,TC1,n_agents,50,group,3
221,110.5,0,0.0,TC1,n_agents,50,group,3
222,111.0,0,0.0,TC1,n_agents,50,group,3
223,111.5,0,0.0,TC1,n_agents,50,group,3
224,112.0,0,0.0,TC1,n_agents,50,group,3
225,112.5,0,0.0,TC1,n_agents,50,group,3
226,113.0,0,0.0,TC1,n_agents,50,group,3
227,113.5,0,0.0,TC1,n_agents,50,group,3
228,114.0,0,0.0,TC1,n_agents,50,group,3
229,114.5,0,0.0,TC1,n_agents,50,group,3
230,115.0,0,0.0,TC1,n_agents,50,group,3
231,115.5,0,0.0,TC1,n_agents,50,group,3
232,116.0,0,0.0,TC1,n_agents,50,group,3
233,116.5,0,0.0,TC1,n_agents,50,group,3
234,117.0,0,0.0,TC1,n_agents,50,group,3
235,117.5,0,0.0,TC1,n_agents,50,group,3
236,118.0,0,0.0,TC1,n_agents,50,group,3
237,118.5,0,0.0,TC1,n_agents,50,group,3
238,119.0,0,0.0,TC1,n_agents,50,group,3
239,119.5,0,0.0,TC1,n_agents,50,group,3
240,120.0,0,0.0,TC1,n_agents,50,group,3
241,120.5,0,0.0,TC1,n_agents,50,group,3
242,121.0,0,0.0,TC1,n_agents,50,group,3
243,121.5,0,0.0,TC1,n_agents,50,group,3
244,122.0,0,0.0,TC1,n_agents,50,group,3
245,122.5,0,0.0,TC1,n_agents,50,group,3
246,123.0,0,0.0,TC1,n_agents,50,group,3
247,123.5,0,0.0,TC1,n_agents,50,group,3
248,124.0,0,0.0,TC1,n_agents,50,group,3
249,124.5,0,0.0,TC1,n_agents,50,group,3
250,125.0,0,0.0,TC1,n_agents,50,group,3
251,125.5,0,0.0,TC1,n_agents,50,group,3
252,126.0,0,0.0,TC1,n_agents,50,group,3
253,126.5,0,0.0,TC1,n_agents,50,group,3
254,127.0,0,0.0,TC1,n_agents,50,group,3
255,127.5,0,0.0,TC1,n_agents,50,group,3
256,128.0,0,0.0,TC1,n_agents,50,group,3
257,128.5,0,0.0,TC1,n_agents,50,group,3
258,129.0,0,0.0,TC1,n_agents,50,group,3
259,129.5,0,0.0,TC1,n_agents,50,group,3
260,130.0,0,0.0,TC1,n_agents,50,group,3
261,130.5,0,0.0,TC1,n_agents,50,group,3
262,131.0,0,0.0,TC1,n_agents,50,group,3
263,131.5,0,0.0,TC1,n_agents,50,group,3
264,132.0,0,0.0,TC1,n_agents,50,group,3
265,132.5,0,0.0,TC1,n_agents,50,group,3
266,133.0,0,0.0,TC1,n_agents,50,group,3
267,133.5,0,0.0,TC1,n_agents,50,group,3
268,134.0,0,0.0,TC1,n_agents,50,group,3
269,134.5,0,0.0,TC1,n_agents,50,group,3
270,135.0,0,0.0,TC1,n_agents,50,group,3
271,135.5,0,0.0,TC1,n_agents,50,group,3
272,136.0,0,0.0,TC1,n_agents,50,group,3
273,136.5,0,0.0,TC1,n_agents,50,group,3
274,137.0,0,0.0,TC1,n_agents,50,group,3
275,137.5,0,0.0,TC1,n_agents,50,group,3
276,138.0,0,0.0,TC1,n_agents,50,group,3
277,138.5,0,0.0,TC1,n_agents,50,group,3
278,139.0,0,0.0,TC1,n_agents,50,group,3
279,139.5,0,0.0,TC1,n_agents,50,group,3
280,140.0,0,0.0,TC1,n_agents,50,group,3
281,140.5,0,0.0,TC1,n_agents,50,group,3
282,141.0,0,0.0,TC1,n_agents,50,group,3
283,141.5,0,0.0,TC1,n_agents,50,group,3
284,142.0,0,0.0,TC1,n_agents,50,group,3
285,142.5,0,0.0,TC1,n_agents,50,group,3
286,143.0,0,0.0,TC1,n_agents,50,group,3
287,143.5,0,0.0,TC1,n_agents,50,group,3
288,144.0,0,0.0,TC1,n_agents,50,group,3
289,144.5,0,0.0,TC1,n_agents,50,group,3
290,145.0,0,0.0,TC1,n_agents,50,group,3
291,145.5,0,0.0,TC1,n_agents,50,group,3
292,146.0,0,0.0,TC1,n_agents,50,group,3
293,146.5,0,0.0,TC1,n_agents,50,group,3
294,147.0,0,0.0,TC1,n_agents,50,group,3
295,147.5,0,0.0,TC1,n_agents,50,group,3
296,148.0,0,0.0,TC1,n_agents,50,group,3
297,148.5,0,0.0,TC1,n_agents,50,group,3
298,149.0,0,0.0,TC1,n_agents,50,group,3
299,149.5,0,0.0,TC1,n_agents,50,group,3
300,150.0,0,0.0,TC1,n_agents,50,group,3
301,150.5,0,0.0,TC1,n_agents,50,group,3
302,151.0,0,0.0,TC1,n_agents,50,group,3
303,151.5,0,0.0,TC1,n_agents,50,group,3
304,152.0,0,0.0,TC1,n_agents,50,group,3
305,152.5,0,0.0,TC1,n_agents,50,group,3
306,153.0,0,0.0,TC1,n_agents,50,group,3
307,153.5,0,0.0,TC1,n_agents,50,group,3
308,154.0,0,0.0,TC1,n_agents,50,group,3
309,154.5,0,0.0,TC1,n_agents,50,group,3
310,155.0,0,0.0,TC1,n_agents,50,group,3
311,155.5,0,0.0,TC1,n_agents,50,group,3
312,156.0,0,0.0,TC1,n_agents,50,group,3
313,156.5,0,0.0,TC1,n_agents,50,group,3
314,157.0,0,0.0,TC1,n_agents,50,group,3
315,157.5,0,0.0,TC1,n_agents,50,group,3
316,158.0,0,0.0,TC1,n_agents,50,group,3
317,158.5,0,0.0,TC1,n_agents,50,group,3
318,159.0,0,0.0,TC1,n_agents,50,group,3
319,159.5,0,0.0,TC1,n_agents,50,group,3
320,160.0,0,0.0,TC1,n_agents,50,group,3
321,160.5,0,0.0,TC1,n_agents,50,group,3
322,161.0,0,0.0,TC1,n_agents,50,group,3
323,161.5,0,0.0,TC1,n_agents,50,group,3
324,162.0,0,0.0,TC1,n_agents,50,group,3
325,162.5,0,0.0,TC1,n_agents,50,group,3
326,163.0,0,0.0,TC1,n_agents,50,group,3
327,163.5,0,0.0,TC1,n_agents,50,group,3
328,164.0,0,0.0,TC1,n_agents,50,group,3
329,164.5,0,0.0,TC1,n_agents,50,group,3
330,165.0,0,0.0,TC1,n_agents,50,group,3
331,165.5,0,0.0,TC1,n_agents,50,group,3
332,166.0,0,0.0,TC1,n_agents,50,group,3
333,166.5,0,0.0,TC1,n_agents,50,group,3
334,167.0,0,0.0,TC1,n_agents,50,group,3
335,167.5,0,0.0,TC1,n_agents,50,group,3
336,168.0,0,0.0,TC1,n_agents,50,group,3
337,168.5,0,0.0,TC1,n_agents,50,group,3
338,169.0,0,0.0,TC1,n_agents,50,group,3
339,169.5,0,0.0,TC1,n_agents,50,group,3
340,170.0,0,0.0,TC1,n_agents,50,group,3
341,170.5,0,0.0,TC1,n_agents,50,group,3
342,171.0,0,0.0,TC1,n_agents,50,group,3
343,171.5,0,0.0,TC1,n_agents,50,group,3
344,172.0,0,0.0,TC1,n_agents,50,group,3
345,172.5,0,0.0,TC1,n_agents,50,group,3
346,173.0,0,0.0,TC1,n_agents,50,group,3
347,173.5,0,0.0,TC1,n_agents,50,group,3
348,174.0,0,0.0,TC1,n_agents,50,group,3
349,174.5,0,0.0,TC1,n_agents,50,group,3
350,175.0,0,0.0,TC1,n_agents,50,group,3
351,175.5,0,0.0,TC1,n_agents,50,group,3
352,176.0,0,0.0,TC1,n_agents,50,group,3
353,176.5,0,0.0,TC1,n_agents,50,group,3
354,177.0,0,0.0,TC1,n_agents,50,group,3
355,177.5,0,0.0,TC1,n_agents,50,group,3
356,178.0,0,0.0,TC1,n_agents,50,group,3
357,178.5,0,0.0,TC1,n_agents,50,group,3
358,179.0,0,0.0,TC1,n_agents,50,group,3
359,179.5,0,0.0,TC1,n_agents,50,group,3
360,180.0,0,0.0,TC1,n_agents,50,group,3
361,180.5,0,0.0,TC1,n_agents,50,group,3
362,181.0,0,0.0,TC1,n_agents,50,group,3
363,181.5,0,0.0,TC1,n_agents,50,group,3
364,182.0,0,0.0,TC1,n_agents,50,group,3
365,182.5,0,0.0,TC1,n_agents,50,group,3
366,183.0,0,0.0,TC1,n_agents,50,group,3
367,183.5,0,0.0,TC1,n_agents,50,group,3
368,184.0,0,0.0,TC1,n_agents,50,group,3
369,184.5,0,0.0,TC1,n_agents,50,group,3
370,185.0,0,0.0,TC1,n_agents,50,group,3
371,185.5,0,0.0,TC1,n_agents,50,group,3
372,186.0,0,0.0,TC1,n_agents,50,group,3
373,186.5,0,0.0,TC1,n_agents,50,group,3
374,187.0,0,0.0,TC1,n_agents,50,group,3
375,187.5,0,0.0,TC1,n_agents,50,group,3
376,188.0,0,0.0,TC1,n_agents,50,group,3
377,188.5,0,0.0,TC1,n_agents,50,group,3
378,189.0,0,0.0,TC1,n_agents,50,group,3
379,189.5,0,0.0,TC1,n_agents,50,group,3
380,190.0,0,0.0,TC1,n_agents,50,group,3
381,190.5,0,0.0,TC1,n_agents,50,group,3
382,191.0,0,0.0,TC1,n_agents,50,group,3
383,191.5,0,0.0,TC1,n_agents,50,group,3
384,192.0,0,0.0,TC1,n_agents,50,group,3
385,192.5,0,0.0,TC1,n_agents,50,group,3
386,193.0,0,0.0,TC1,n_agents,50,group,3
387,193.5,0,0.0,TC1,n_agents,50,group,3
388,194.0,0,0.0,TC1,n_agents,50,group,3
389,194.5,0,0.0,TC1,n_agents,50,group,3
390,195.0,0,0.0,TC1,n_agents,50,group,3
391,195.5,0,0.0,TC1,n_agents,50,group,3
392,196.0,0,0.0,TC1,n_agents,50,group,3
393,196.5,0,0.0,TC1,n_agents,50,group,3
394,197.0,0,0.0,TC1,n_agents,50,group,3
395,197.5,0,0.0,TC1,n_agents,50,group,3
396,198.0,0,0.0,TC1,n_agents,50,group,3
397,198.5,0,0.0,TC1,n_agents,50,group,3
398,199.0,0,0.0,TC1,n_agents,50,group,3
399,199.5,0,0.0,TC1,n_agents,50,group,3
400,200.0,0,0.0,TC1,n_agents,50,group,3
401,200.5,0,0.0,TC1,n_agents,50,group,3
402,201.0,0,0.0,TC1,n_agents,50,group,3
403,201.5,0,0.0,TC1,n_agents,50,group,3
404,202.0,0,0.0,TC1,n_agents,50,group,3
405,202.5,0,0.0,TC1,n_agents,50,group,3
406,203.0,0,0.0,TC1,n_agents,50,group,3
407,203.5,0,0.0,TC1,n_agents,50,group,3
408,204.0,0,0.0,TC1,n_agents,50,group,3
409,204.5,0,0.0,TC1,n_agents,50,group,3
410,205.0,0,0.0,TC1,n_agents,50,group,3
411,205.5,0,0.0,TC1,n_agents,50,group,3
412,206.0,0,0.0,TC1,n_agents,50,group,3
413,206.5,0,0.0,TC1,n_agents,50,group,3
414,207.0,0,0.0,TC1,n_agents,50,group,3
415,207.5,0,0.0,TC1,n_agents,50,group,3
416,208.0,0,0.0,TC1,n_agents,50,group,3
417,208.5,0,0.0,TC1,n_agents,50,group,3
418,209.0,0,0.0,TC1,n_agents,50,group,3
419,209.5,0,0.0,TC1,n_agents,50,group,3
420,210.0,0,0.0,TC1,n_agents,50,group,3
421,210.5,0,0.0,TC1,n_agents,50,group,3
422,211.0,0,0.0,TC1,n_agents,50,group,3
423,211.5,0,0.0,TC1,n_agents,50,group,3
424,212.0,0,0.0,TC1,n_agents,50,group,3
425,212.5,0,0.0,TC1,n_agents,50,group,3
426,213.0,0,0.0,TC1,n_agents,50,group,3
427,213.5,0,0.0,TC1,n_agents,50,group,3
428,214.0,0,0.0,TC1,n_agents,50,group,3
429,214.5,0,0.0,TC1,n_agents,50,group,3
430,215.0,0,0.0,TC1,n_agents,50,group,3
431,215.5,0,0.0,TC1,n_agents,50,group,3
432,216.0,0,0.0,TC1,n_agents,50,group,3
433,216.5,0,0.0,TC1,n_agents,50,group,3
434,217.0,0,0.0,TC1,n_agents,50,group,3
435,217.5,0,0.0,TC1,n_agents,50,group,3
436,218.0,0,0.0,TC1,n_agents,50,group,3
437,218.5,0,0.0,TC1,n_agents,50,group,3
438,219.0,0,0.0,TC1,n_agents,50,group,3
439,219.5,0,0.0,TC1,n_agents,50,group,3
440,220.0,0,0.0,TC1,n_agents,50,group,3
441,220.5,0,0.0,TC1,n_agents,50,group,3
442,221.0,0,0.0,TC1,n_agents,50,group,3
443,221.5,0,0.0,TC1,n_agents,50,group,3
444,222.0,0,0.0,TC1,n_agents,50,group,3
445,222.5,0,0.0,TC1,n_agents,50,group,3
446,223.0,0,0.0,TC1,n_agents,50,group,3
447,223.5,0,0.0,TC1,n_agents,50,group,3
448,224.0,0,0.0,TC1,n_agents,50,group,3
449,224.5,0,0.0,TC1,n_agents,50,group,3
450,225.0,0,0.0,TC1,n_agents,50,group,3
451,225.5,0,0.0,TC1,n_agents,50,group,3
452,226.0,0,0.0,TC1,n_agents,50,group,3
453,226.5,0,0.0,TC1,n_agents,50,group,3
454,227.0,0,0.0,TC1,n_agents,50,group,3
455,227.5,0,0.0,TC1,n_agents,50,group,3
456,228.0,0,0.0,TC1,n_agents,50,group,3
457,228.5,0,0.0,TC1,n_agents,50,group,3
458,229.0,0,0.0,TC1,n_agents,50,group,3
459,229.5,0,0.0,TC1,n_agents,50,group,3
460,230.0,0,0.0,TC1,n_agents,50,group,3
461,230.5,0,0.0,TC1,n_agents,50,group,3
462,231.0,0,0.0,TC1,n_agents,50,group,3
463,231.5,0,0.0,TC1,n_agents,50,group,3
464,232.0,0,0.0,TC1,n_agents,50,group,3
465,232.5,0,0.0,TC1,n_agents,50,group,3
466,233.0,0,0.0,TC1,n_agents,50,group,3
467,233.5,0,0.0,TC1,n_agents,50,group,3
468,234.0,0,0.0,TC1,n_agents,50,group,3
469,234.5,0,0.0,TC1,n_agents,50,group,3
470,235.0,0,0.0,TC1,n_agents,50,group,3
471,235.5,0,0.0,TC1,n_agents,50,group,3
472,236.0,0,0.0,TC1,n_agents,50,group,3
473,236.5,0,0.0,TC1,n_agents,50,group,3
474,237.0,0,0.0,TC1,n_agents,50,group,3
475,237.5,0,0.0,TC1,n_agents,50,group,3
476,238.0,0,0.0,TC1,n_agents,50,group,3
477,238.5,0,0.0,TC1,n_agents,50,group,3
478,239.0,0,0.0,TC1,n_agents,50,group,3
479,239.5,0,0.0,TC1,n_agents,50,group,3
480,240.0,0,0.0,TC1,n_agents,50,group,3
481,240.5,0,0.0,TC1,n_agents,50,group,3
482,241.0,0,0.0,TC1,n_agents,50,group,3
483,241.5,0,0.0,TC1,n_agents,50,group,3
484,242.0,0,0.0,TC1,n_agents,50,group,3
485,242.5,0,0.0,TC1,n_agents,50,group,3
486,243.0,0,0.0,TC1,n_agents,50,group,3
487,243.5,0,0.0,TC1,n_agents,50,group,3
488,244.0,0,0.0,TC1,n_agents,50,group,3
489,244.5,0,0.0,TC1,n_agents,50,group,3
490,245.0,0,0.0,TC1,n_agents,50,group,3
491,245.5,0,0.0,TC1,n_agents,50,group,3
492,246.0,0,0.0,TC1,n_agents,50,group,3
493,246.5,0,0.0,TC1,n_agents,50,group,3
494,247.0,0,0.0,TC1,n_agents,50,group,3
495,247.5,0,0.0,TC1,n_agents,50,group,3
496,248.0,0,0.0,TC1,n_agents,50,group,3
497,248.5,0,0.0,TC1,n_agents,50,group,3
498,249.0,0,0.0,TC1,n_agents,50,group,3
499,249.5,0,0.0,TC1,n_agents,50,group,3
500,250.0,0,0.0,TC1,n_agents,50,group,3
501,250.5,0,0.0,TC1,n_agents,50,group,3
502,251.0,0,0.0,TC1,n_agents,50,group,3
503,251.5,0,0.0,TC1,n_agents,50,group,3
504,252.0,0,0.0,TC1,n_agents,50,group,3
505,252.5,0,0.0,TC1,n_agents,50,group,3
506,253.0,0,0.0,TC1,n_agents,50,group,3
507,253.5,0,0.0,TC1,n_agents,50,group,3
508,254.0,0,0.0,TC1,n_agents,50,group,3
509,254.5,0,0.0,TC1,n_agents,50,group,3
510,255.0,0,0.0,TC1,n_agents,50,group,3
511,255.5,0,0.0,TC1,n_agents,50,group,3
512,256.0,0,0.0,TC1,n_agents,50,group,3
513,256.5,0,0.0,TC1,n_agents,50,group,3
514,257.0,0,0.0,TC1,n_agents,50,group,3
515,257.5,0,0.0,TC1,n_agents,50,group,3
516,258.0,0,0.0,TC1,n_agents,50,group,3
517,258.5,0,0.0,TC1,n_agents,50,group,3
518,259.0,0,0.0,TC1,n_agents,50,group,3
519,259.5,0,0.0,TC1,n_agents,50,group,3
520,260.0,0,0.0,TC1,n_agents,50,group,3
521,260.5,0,0.0,TC1,n_agents,50,group,3
522,261.0,0,0.0,TC1,n_agents,50,group,3
523,261.5,0,0.0,TC1,n_agents,50,group,3
524,262.0,0,0.0,TC1,n_agents,50,group,3
525,262.5,0,0.0,TC1,n_agents,50,group,3
526,263.0,0,0.0,TC1,n_agents,50,group,3
527,263.5,0,0.0,TC1,n_agents,50,group,3
528,264.0,0,0.0,TC1,n_agents,50,group,3
529,264.5,0,0.0,TC1,n_agents,50,group,3
530,265.0,0,0.0,TC1,n_agents,50,group,3
531,265.5,0,0.0,TC1,n_agents,50,group,3
532,266.0,0,0.0,TC1,n_agents,50,group,3
533,266.5,0,0.0,TC1,n_agents,50,group,3
534,267.0,0,0.0,TC1,n_agents,50,group,3
535,267.5,0,0.0,TC1,n_agents,50,group,3
536,268.0,0,0.0,TC1,n_agents,50,group,3
537,268.5,0,0.0,TC1,n_agents,50,group,3
538,269.0,0,0.0,TC1,n_agents,50,group,3
539,269.5,0,0.0,TC1,n_agents,50,group,3
540,270.0,0,0.0,TC1,n_agents,50,group,3
541,270.5,0,0.0,TC1,n_agents,50,group,3
542,271.0,0,0.0,TC1,n_agents,50,group,3
543,271.5,0,0.0,TC1,n_agents,50,group,3
544,272.0,0,0.0,TC1,n_agents,50,group,3
545,272.5,0,0.0,TC1,n_agents,50,group,3
546,273.0,0,0.0,TC1,n_agents,50,group,3
547,273.5,0,0.0,TC1,n_agents,50,group,3
548,274.0,0,0.0,TC1,n_agents,50,group,3
549,274.5,0,0.0,TC1,n_agents,50,group,3
550,275.0,0,0.0,TC1,n_agents,50,group,3
551,275.5,0,0.0,TC1,n_agents,50,group,3
552,276.0,0,0.0,TC1,n_agents,50,group,3
553,276.5,0,0.0,TC1,n_agents,50,group,3
554,277.0,0,0.0,TC1,n_agents,50,group,3
555,277.5,0,0.0,TC1,n_agents,50,group,3
556,278.0,0,0.0,TC1,n_agents,50,group,3
557,278.5,0,0.0,TC1,n_agents,50,group,3
558,279.0,0,0.0,TC1,n_agents,50,group,3
559,279.5,0,0.0,TC1,n_agents,50,group,3
560,280.0,0,0.0,TC1,n_agents,50,group,3
561,280.5,0,0.0,TC1,n_agents,50,group,3
562,281.0,0,0.0,TC1,n_agents,50,group,3
563,281.5,0,0.0,TC1,n_agents,50,group,3
564,282.0,0,0.0,TC1,n_agents,50,group,3
565,282.5,0,0.0,TC1,n_agents,50,group,3
566,283.0,0,0.0,TC1,n_agents,50,group,3
567,283.5,0,0.0,TC1,n_agents,50,group,3
568,284.0,0,0.0,TC1,n_agents,50,group,3
569,284.5,0,0.0,TC1,n_agents,50,group,3
570,285.0,0,0.0,TC1,n_agents,50,group,3
571,285.5,0,0.0,TC1,n_agents,50,group,3
572,286.0,0,0.0,TC1,n_agents,50,group,3
573,286.5,0,0.0,TC1,n_agents,50,group,3
574,287.0,0,0.0,TC1,n_agents,50,group,3
575,287.5,0,0.0,TC1,n_agents,50,group,3
576,288.0,0,0.0,TC1,n_agents,50,group,3
577,288.5,0,0.0,TC1,n_agents,50,group,3
578,289.0,0,0.0,TC1,n_agents,50,group,3
579,289.5,0,0.0,TC1,n_agents,50,group,3
580,290.0,0,0.0,TC1,n_agents,50,group,3
581,290.5,0,0.0,TC1,n_agents,50,group,3
582,291.0,0,0.0,TC1,n_agents,50,group,3
583,291.5,0,0.0,TC1,n_agents,50,group,3
584,292.0,0,0.0,TC1,n_agents,50,group,3
585,292.5,0,0.0,TC1,n_agents,50,group,3
586,293.0,0,0.0,TC1,n_agents,50,group,3
587,293.5,0,0.0,TC1,n_agents,50,group,3
588,294.0,0,0.0,TC1,n_agents,50,group,3
589,294.5,0,0.0,TC1,n_agents,50,group,3
590,295.0,0,0.0,TC1,n_agents,50,group,3
591,295.5,0,0.0,TC1,n_agents,50,group,3
592,296.0,0,0.0,TC1,n_agents,50,group,3
593,296.5,0,0.0,TC1,n_agents,50,group,3
594,297.0,0,0.0,TC1,n_agents,50,group,3
595,297.5,0,0.0,TC1,n_agents,50,group,3
596,298.0,0,0.0,TC1,n_agents,50,group,3
597,298.5,0,0.0,TC1,n_agents,50,group,3
598,299.0,0,0.0,TC1,n_agents,50,group,3
599,299.5,0,0.0,TC1,n_agents,50,group,3
600,300.0,0,0.0,TC1,n_agents,50,group,3
601,300.5,0,0.0,TC1,n_agents,50,group,3
602,301.0,0,0.0,TC1,n_agents,50,group,3
603,301.5,0,0.0,TC1,n_agents,50,group,3
604,302.0,0,0.0,TC1,n_agents,50,group,3
605,302.5,0,0.0,TC1,n_agents,50,group,3
606,303.0,0,0.0,TC1,n_agents,50,group,3
607,303.5,0,0.0,TC1,n_agents,50,group,3
608,304.0,0,0.0,TC1,n_agents,50,group,3
609,304.5,0,0.0,TC1,n_agents,50,group,3
610,305.0,0,0.0,TC1,n_agents,50,group,3
611,305.5,0,0.0,TC1,n_agents,50,group,3
612,306.0,0,0.0,TC1,n_agents,50,group,3
613,306.5,0,0.0,TC1,n_agents,50,group,3
614,307.0,0,0.0,TC1,n_agents,50,group,3
615,307.5,0,0.0,TC1,n_agents,50,group,3
616,308.0,0,0.0,TC1,n_agents,50,group,3
617,308.5,0,0.0,TC1,n_agents,50,group,3
618,309.0,0,0.0,TC1,n_agents,50,group,3
619,309.5,0,0.0,TC1,n_agents,50,group,3
620,310.0,0,0.0,TC1,n_agents,50,group,3
621,310.5,0,0.0,TC1,n_agents,50,group,3
622,311.0,0,0.0,TC1,n_agents,50,group,3
623,311.5,0,0.0,TC1,n_agents,50,group,3
624,312.0,0,0.0,TC1,n_agents,50,group,3
625,312.5,0,0.0,TC1,n_agents,50,group,3
626,313.0,0,0.0,TC1,n_agents,50,group,3
627,313.5,0,0.0,TC1,n_agents,50,group,3
628,314.0,0,0.0,TC1,n_agents,50,group,3
629,314.5,0,0.0,TC1,n_agents,50,group,3
630,315.0,0,0.0,TC1,n_agents,50,group,3
631,315.5,0,0.0,TC1,n_agents,50,group,3
632,316.0,0,0.0,TC1,n_agents,50,group,3
633,316.5,0,0.0,TC1,n_agents,50,group,3
634,317.0,0,0.0,TC1,n_agents,50,group,3
635,317.5,0,0.0,TC1,n_agents,50,group,3
636,318.0,0,0.0,TC1,n_agents,50,group,3
637,318.5,0,0.0,TC1,n_agents,50,group,3
638,319.0,0,0.0,TC1,n_agents,50,group,3
639,319.5,0,0.0,TC1,n_agents,50,group,3
640,320.0,0,0.0,TC1,n_agents,50,group,3
641,320.5,0,0.0,TC1,n_agents,50,group,3
642,321.0,0,0.0,TC1,n_agents,50,group,3
643,321.5,0,0.0,TC1,n_agents,50,group,3
644,322.0,0,0.0,TC1,n_agents,50,group,3
645,322.5,0,0.0,TC1,n_agents,50,group,3
646,323.0,0,0.0,TC1,n_agents,50,group,3
647,323.5,0,0.0,TC1,n_agents,50,group,3
648,324.0,0,0.0,TC1,n_agents,50,group,3
649,324.5,0,0.0,TC1,n_agents,50,group,3
650,325.0,0,0.0,TC1,n_agents,50,group,3
651,325.5,0,0.0,TC1,n_agents,50,group,3
652,326.0,0,0.0,TC1,n_agents,50,group,3
653,326.5,0,0.0,TC1,n_agents,50,group,3
654,327.0,0,0.0,TC1,n_agents,50,group,3
655,327.5,0,0.0,TC1,n_agents,50,group,3
656,328.0,0,0.0,TC1,n_agents,50,group,3
657,328.5,0,0.0,TC1,n_agents,50,group,3
658,329.0,0,0.0,TC1,n_agents,50,group,3
659,329.5,0,0.0,TC1,n_agents,50,group,3
660,330.0,0,0.0,TC1,n_agents,50,group,3
661,330.5,0,0.0,TC1,n_agents,50,group,3
662,331.0,0,0.0,TC1,n_agents,50,group,3
663,331.5,0,0.0,TC1,n_agents,50,group,3
664,332.0,0,0.0,TC1,n_agents,50,group,3
665,332.5,0,0.0,TC1,n_agents,50,group,3
666,333.0,0,0.0,TC1,n_agents,50,group,3
667,333.5,0,0.0,TC1,n_agents,50,group,3
668,334.0,0,0.0,TC1,n_agents,50,group,3
669,334.5,0,0.0,TC1,n_agents,50,group,3
670,335.0,0,0.0,TC1,n_agents,50,group,3
671,335.5,0,0.0,TC1,n_agents,50,group,3
672,336.0,0,0.0,TC1,n_agents,50,group,3
673,336.5,0,0.0,TC1,n_agents,50,group,3
674,337.0,0,0.0,TC1,n_agents,50,group,3
675,337.5,0,0.0,TC1,n_agents,50,group,3
676,338.0,0,0.0,TC1,n_agents,50,group,3
677,338.5,0,0.0,TC1,n_agents,50,group,3
678,339.0,0,0.0,TC1,n_agents,50,group,3
679,339.5,0,0.0,TC1,n_agents,50,group,3
680,340.0,0,0.0,TC1,n_agents,50,group,3
681,340.5,0,0.0,TC1,n_agents,50,group,3
682,341.0,0,0.0,TC1,n_agents,50,group,3
683,341.5,0,0.0,TC1,n_agents,50,group,3
684,342.0,0,0.0,TC1,n_agents,50,group,3
685,342.5,0,0.0,TC1,n_agents,50,group,3
686,343.0,0,0.0,TC1,n_agents,50,group,3
687,343.5,0,0.0,TC1,n_agents,50,group,3
688,344.0,0,0.0,TC1,n_agents,50,group,3
689,344.5,0,0.0,TC1,n_agents,50,group,3
690,345.0,0,0.0,TC1,n_agents,50,group,3
691,345.5,0,0.0,TC1,n_agents,50,group,3
692,346.0,0,0.0,TC1,n_agents,50,group,3
693,346.5,0,0.0,TC1,n_agents,50,group,3
694,347.0,0,0.0,TC1,n_agents,50,group,3
695,347.5,0,0.0,TC1,n_agents,50,group,3
696,348.0,0,0.0,TC1,n_agents,50,group,3
697,348.5,0,0.0,TC1,n_agents,50,group,3
698,349.0,0,0.0,TC1,n_agents,50,group,3
699,349.5,0,0.0,TC1,n_agents,50,group,3
700,350.0,0,0.0,TC1,n_agents,50,group,3
701,350.5,0,0.0,TC1,n_agents,50,group,3
702,351.0,0,0.0,TC1,n_agents,50,group,3
703,351.5,0,0.0,TC1,n_agents,50,group,3
704,352.0,0,0.0,TC1,n_agents,50,group,3
705,352.5,0,0.0,TC1,n_agents,50,group,3
706,353.0,0,0.0,TC1,n_agents,50,group,3
707,353.5,0,0.0,TC1,n_agents,50,group,3
708,354.0,0,0.0,TC1,n_agents,50,group,3
709,354.5,0,0.0,TC1,n_agents,50,group,3
710,355.0,0,0.0,TC1,n_agents,50,group,3
711,355.5,0,0.0,TC1,n_agents,50,group,3
712,356.0,0,0.0,TC1,n_agents,50,group,3
713,356.5,0,0.0,TC1,n_agents,50,group,3
714,357.0,0,0.0,TC1,n_agents,50,group,3
715,357.5,0,0.0,TC1,n_agents,50,group,3
716,358.0,0,0.0,TC1,n_agents,50,group,3
717,358.5,0,0.0,TC1,n_agents,50,group,3
718,359.0,0,0.0,TC1,n_agents,50,group,3
719,359.5,0,0.0,TC1,n_agents,50,group,3
720,360.0,0,0.0,TC1,n_agents,50,group,3
721,360.5,0,0.0,TC1,n_agents,50,group,3
722,361.0,0,0.0,TC1,n_agents,50,group,3
723,361.5,0,0.0,TC1,n_agents,50,group,3
724,362.0,0,0.0,TC1,n_agents,50,group,3
725,362.5,0,0.0,TC1,n_agents,50,group,3
726,363.0,0,0.0,TC1,n_agents,50,group,3
727,363.5,0,0.0,TC1,n_agents,50,group,3
728,364.0,0,0.0,TC1,n_agents,50,group,3
729,364.5,0,0.0,TC1,n_agents,50,group,3
730,365.0,0,0.0,TC1,n_agents,50,group,3
731,365.5,0,0.0,TC1,n_agents,50,group,3
732,366.0,0,0.0,TC1,n_agents,50,group,3
733,366.5,0,0.0,TC1,n_agents,50,group,3
734,367.0,0,0.0,TC1,n_agents,50,group,3
735,367.5,0,0.0,TC1,n_agents,50,group,3
736,368.0,0,0.0,TC1,n_agents,50,group,3
737,368.5,0,0.0,TC1,n_agents,50,group,3
738,369.0,0,0.0,TC1,n_agents,50,group,3
739,369.5,0,0.0,TC1,n_agents,50,group,3
740,370.0,0,0.0,TC1,n_agents,50,group,3
741,370.5,0,0.0,TC1,n_agents,50,group,3
742,371.0,0,0.0,TC1,n_agents,50,group,3
743,371.5,0,0.0,TC1,n_agents,50,group,3
744,372.0,0,0.0,TC1,n_agents,50,group,3
745,372.5,0,0.0,TC1,n_agents,50,group,3
746,373.0,0,0.0,TC1,n_agents,50,group,3
747,373.5,0,0.0,TC1,n_agents,50,group,3
748,374.0,0,0.0,TC1,n_agents,50,group,3
749,374.5,0,0.0,TC1,n_agents,50,group,3
750,375.0,0,0.0,TC1,n_agents,50,group,3
751,375.5,0,0.0,TC1,n_agents,50,group,3
752,376.0,0,0.0,TC1,n_agents,50,group,3
753,376.5,0,0.0,TC1,n_agents,50,group,3
754,377.0,0,0.0,TC1,n_agents,50,group,3
755,377.5,0,0.0,TC1,n_agents,50,group,3
756,378.0,0,0.0,TC1,n_agents,50,group,3
757,378.5,0,0.0,TC1,n_agents,50,group,3
758,379.0,0,0.0,TC1,n_agents,50,group,3
759,379.5,0,0.0,TC1,n_agents,50,group,3
760,380.0,0,0.0,TC1,n_agents,50,group,3
761,380.5,0,0.0,TC1,n_agents,50,group,3
762,381.0,0,0.0,TC1,n_agents,50,group,3
763,381.5,0,0.0,TC1,n_agents,50,group,3
764,382.0,0,0.0,TC1,n_agents,50,group,3
765,382.5,0,0.0,TC1,n_agents,50,group,3
766,383.0,0,0.0,TC1,n_agents,50,group,3
767,383.5,0,0.0,TC1,n_agents,50,group,3
768,384.0,0,0.0,TC1,n_agents,50,group,3
769,384.5,0,0.0,TC1,n_agents,50,group,3
770,385.0,0,0.0,TC1,n_agents,50,group,3
771,385.5,0,0.0,TC1,n_agents,50,group,3
772,386.0,0,0.0,TC1,n_agents,50,group,3
773,386.5,0,0.0,TC1,n_agents,50,group,3
774,387.0,0,0.0,TC1,n_agents,50,group,3
775,387.5,0,0.0,TC1,n_agents,50,group,3
776,388.0,0,0.0,TC1,n_agents,50,group,3
777,388.5,0,0.0,TC1,n_agents,50,group,3
778,389.0,0,0.0,TC1,n_agents,50,group,3
779,389.5,0,0.0,TC1,n_agents,50,group,3
780,390.0,0,0.0,TC1,n_agents,50,group,3
781,390.5,0,0.0,TC1,n_agents,50,group,3
782,391.0,0,0.0,TC1,n_agents,50,group,3
783,391.5,0,0.0,TC1,n_agents,50,group,3
784,392.0,0,0.0,TC1,n_agents,50,group,3
785,392.5,0,0.0,TC1,n_agents,50,group,3
786,393.0,0,0.0,TC1,n_agents,50,group,3
787,393.5,0,0.0,TC1,n_agents,50,group,3
788,394.0,0,0.0,TC1,n_agents,50,group,3
789,394.5,0,0.0,TC1,n_agents,50,group,3
790,395.0,0,0.0,TC1,n_agents,50,group,3
791,395.5,0,0.0,TC1,n_agents,50,group,3
792,396.0,0,0.0,TC1,n_agents,50,group,3
793,396.5,0,0.0,TC1,n_agents,50,group,3
794,397.0,0,0.0,TC1,n_agents,50,group,3
795,397.5,0,0.0,TC1,n_agents,50,group,3
796,398.0,0,0.0,TC1,n_agents,50,group,3
797,398.5,0,0.0,TC1,n_agents,50,group,3
798,399.0,0,0.0,TC1,n_agents,50,group,3
799,399.5,0,0.0,TC1,n_agents,50,group,3
800,400.0,0,0.0,TC1,n_agents,50,group,3
0,0.0,0,0.0,TC1,n_agents,100,group,1
1,0.5,0,0.0,TC1,n_agents,100,group,1
2,1.0,0,0.0,TC1,n_agents,100,group,1
3,1.5,0,0.0,TC1,n_agents,100,group,1
4,2.0,0,0.0,TC1,n_agents,100,group,1
5,2.5,0,0.0,TC1,n_agents,100,group,1
6,3.0,0,0.0,TC1,n_agents,100,group,1
7,3.5,0,0.0,TC1,n_agents,100,group,1
8,4.0,0,0.0,TC1,n_agents,100,group,1
9,4.5,0,0.0,TC1,n_agents,100,group,1
10,5.0,0,0.0,TC1,n_agents,100,group,1
11,5.5,0,0.0,TC1,n_agents,100,group,1
12,6.0,0,0.0,TC1,n_agents,100,group,1
13,6.5,0,0.0,TC1,n_agents,100,group,1
14,7.0,0,0.0,TC1,n_agents,100,group,1
15,7.5,0,0.0,TC1,n_agents,100,group,1
16,8.0,0,0.0,TC1,n_agents,100,group,1
17,8.5,0,0.0,TC1,n_agents,100,group,1
18,9.0,0,0.0,TC1,n_agents,100,group,1
19,9.5,0,0.0,TC1,n_agents,100,group,1
20,10.0,0,0.0,TC1,n_agents,100,group,1
21,10.5,0,0.0,TC1,n_agents,100,group,1
22,11.0,0,0.0,TC1,n_agents,100,group,1
23,11.5,0,0.0,TC1,n_agents,100,group,1
24,12.0,0,0.0,TC1,n_agents,100,group,1
25,12.5,0,0.0,TC1,n_agents,100,group,1
26,13.0,0,0.0,TC1,n_agents,100,group,1
27,13.5,0,0.0,TC1,n_agents,100,group,1
28,14.0,0,0.0,TC1,n_agents,100,group,1
29,14.5,0,0.0,TC1,n_agents,100,group,1
30,15.0,0,0.0,TC1,n_agents,100,group,1
31,15.5,0,0.0,TC1,n_agents,100,group,1
32,16.0,0,0.0,TC1,n_agents,100,group,1
33,16.5,0,0.0,TC1,n_agents,100,group,1
34,17.0,0,0.0,TC1,n_agents,100,group,1
35,17.5,0,0.0,TC1,n_agents,100,group,1
36,18.0,0,0.0,TC1,n_agents,100,group,1
37,18.5,0,0.0,TC1,n_agents,100,group,1
38,19.0,0,0.0,TC1,n_agents,100,group,1
39,19.5,0,0.0,TC1,n_agents,100,group,1
40,20.0,0,0.0,TC1,n_agents,100,group,1
41,20.5,0,0.0,TC1,n_agents,100,group,1
42,21.0,0,0.0,TC1,n_agents,100,group,1
43,21.5,0,0.0,TC1,n_agents,100,group,1
44,22.0,0,0.0,TC1,n_agents,100,group,1
45,22.5,0,0.0,TC1,n_agents,100,group,1
46,23.0,0,0.0,TC1,n_agents,100,group,1
47,23.5,0,0.0,TC1,n_agents,100,group,1
48,24.0,0,0.0,TC1,n_agents,100,group,1
49,24.5,0,0.0,TC1,n_agents,100,group,1
50,25.0,0,0.0,TC1,n_agents,100,group,1
51,25.5,0,0.0,TC1,n_agents,100,group,1
52,26.0,0,0.0,TC1,n_agents,100,group,1
53,26.5,0,0.0,TC1,n_agents,100,group,1
54,27.0,0,0.0,TC1,n_agents,100,group,1
55,27.5,0,0.0,TC1,n_agents,100,group,1
56,28.0,0,0.0,TC1,n_agents,100,group,1
57,28.5,0,0.0,TC1,n_agents,100,group,1
58,29.0,0,0.0,TC1,n_agents,100,group,1
59,29.5,0,0.0,TC1,n_agents,100,group,1
60,30.0,0,0.0,TC1,n_agents,100,group,1
61,30.5,0,0.0,TC1,n_agents,100,group,1
62,31.0,0,0.0,TC1,n_agents,100,group,1
63,31.5,0,0.0,TC1,n_agents,100,group,1
64,32.0,0,0.0,TC1,n_agents,100,group,1
65,32.5,0,0.0,TC1,n_agents,100,group,1
66,33.0,0,0.0,TC1,n_agents,100,group,1
67,33.5,0,0.0,TC1,n_agents,100,group,1
68,34.0,0,0.0,TC1,n_agents,100,group,1
69,34.5,0,0.0,TC1,n_agents,100,group,1
70,35.0,0,0.0,TC1,n_agents,100,group,1
71,35.5,0,0.0,TC1,n_agents,100,group,1
72,36.0,0,0.0,TC1,n_agents,100,group,1
73,36.5,0,0.0,TC1,n_agents,100,group,1
74,37.0,0,0.0,TC1,n_agents,100,group,1
75,37.5,0,0.0,TC1,n_agents,100,group,1
76,38.0,0,0.0,TC1,n_agents,100,group,1
77,38.5,0,0.0,TC1,n_agents,100,group,1
78,39.0,0,0.0,TC1,n_agents,100,group,1
79,39.5,0,0.0,TC1,n_agents,100,group,1
80,40.0,0,0.0,TC1,n_agents,100,group,1
81,40.5,0,0.0,TC1,n_agents,100,group,1
82,41.0,0,0.0,TC1,n_agents,100,group,1
83,41.5,0,0.0,TC1,n_agents,100,group,1
84,42.0,0,0.0,TC1,n_agents,100,group,1
85,42.5,0,0.0,TC1,n_agents,100,group,1
86,43.0,0,0.0,TC1,n_agents,100,group,1
87,43.5,0,0.0,TC1,n_agents,100,group,1
88,44.0,0,0.0,TC1,n_agents,100,group,1
89,44.5,0,0.0,TC1,n_agents,100,group,1
90,45.0,0,0.0,TC1,n_agents,100,group,1
91,45.5,0,0.0,TC1,n_agents,100,group,1
92,46.0,0,0.0,TC1,n_agents,100,group,1
93,46.5,0,0.0,TC1,n_agents,100,group,1
94,47.0,0,0.0,TC1,n_agents,100,group,1
95,47.5,0,0.0,TC1,n_agents,100,group,1
96,48.0,0,0.0,TC1,n_agents,100,group,1
97,48.5,0,0.0,TC1,n_agents,100,group,1
98,49.0,0,0.0,TC1,n_agents,100,group,1
99,49.5,0,0.0,TC1,n_agents,100,group,1
100,50.0,0,0.0,TC1,n_agents,100,group,1
101,50.5,0,0.0,TC1,n_agents,100,group,1
102,51.0,0,0.0,TC1,n_agents,100,group,1
103,51.5,0,0.0,TC1,n_agents,100,group,1
104,52.0,0,0.0,TC1,n_agents,100,group,1
105,52.5,0,0.0,TC1,n_agents,100,group,1
106,53.0,0,0.0,TC1,n_agents,100,group,1
107,53.5,0,0.0,TC1,n_agents,100,group,1
108,54.0,0,0.0,TC1,n_agents,100,group,1
109,54.5,0,0.0,TC1,n_agents,100,group,1
110,55.0,0,0.0,TC1,n_agents,100,group,1
111,55.5,0,0.0,TC1,n_agents,100,group,1
112,56.0,0,0.0,TC1,n_agents,100,group,1
113,56.5,0,0.0,TC1,n_agents,100,group,1
114,57.0,0,0.0,TC1,n_agents,100,group,1
115,57.5,0,0.0,TC1,n_agents,100,group,1
116,58.0,0,0.0,TC1,n_agents,100,group,1
117,58.5,0,0.0,TC1,n_agents,100,group,1
118,59.0,0,0.0,TC1,n_agents,100,group,1
119,59.5,0,0.0,TC1,n_agents,100,group,1
120,60.0,0,0.0,TC1,n_agents,100,group,1
121,60.5,0,0.0,TC1,n_agents,100,group,1
122,61.0,0,0.0,TC1,n_agents,100,group,1
123,61.5,0,0.0,TC1,n_agents,100,group,1
124,62.0,0,0.0,TC1,n_agents,100,group,1
125,62.5,0,0.0,TC1,n_agents,100,group,1
126,63.0,0,0.0,TC1,n_agents,100,group,1
127,63.5,0,0.0,TC1,n_agents,100,group,1
128,64.0,0,0.0,TC1,n_agents,100,group,1
129,64.5,0,0.0,TC1,n_agents,100,group,1
130,65.0,0,0.0,TC1,n_agents,100,group,1
131,65.5,0,0.0,TC1,n_agents,100,group,1
132,66.0,0,0.0,TC1,n_agents,100,group,1
133,66.5,0,0.0,TC1,n_agents,100,group,1
134,67.0,0,0.0,TC1,n_agents,100,group,1
135,67.5,0,0.0,TC1,n_agents,100,group,1
136,68.0,0,0.0,TC1,n_agents,100,group,1
137,68.5,0,0.0,TC1,n_agents,100,group,1
138,69.0,0,0.0,TC1,n_agents,100,group,1
139,69.5,0,0.0,TC1,n_agents,100,group,1
140,70.0,0,0.0,TC1,n_agents,100,group,1
141,70.5,0,0.0,TC1,n_agents,100,group,1
142,71.0,0,0.0,TC1,n_agents,100,group,1
143,71.5,0,0.0,TC1,n_agents,100,group,1
144,72.0,0,0.0,TC1,n_agents,100,group,1
145,72.5,0,0.0,TC1,n_agents,100,group,1
146,73.0,0,0.0,TC1,n_agents,100,group,1
147,73.5,0,0.0,TC1,n_agents,100,group,1
148,74.0,0,0.0,TC1,n_agents,100,group,1
149,74.5,0,0.0,TC1,n_agents,100,group,1
150,75.0,0,0.0,TC1,n_agents,100,group,1
151,75.5,0,0.0,TC1,n_agents,100,group,1
152,76.0,0,0.0,TC1,n_agents,100,group,1
153,76.5,0,0.0,TC1,n_agents,100,group,1
154,77.0,0,0.0,TC1,n_agents,100,group,1
155,77.5,0,0.0,TC1,n_agents,100,group,1
156,78.0,0,0.0,TC1,n_agents,100,group,1
157,78.5,0,0.0,TC1,n_agents,100,group,1
158,79.0,0,0.0,TC1,n_agents,100,group,1
159,79.5,0,0.0,TC1,n_agents,100,group,1
160,80.0,0,0.0,TC1,n_agents,100,group,1
161,80.5,0,0.0,TC1,n_agents,100,group,1
162,81.0,0,0.0,TC1,n_agents,100,group,1
163,81.5,0,0.0,TC1,n_agents,100,group,1
164,82.0,0,0.0,TC1,n_agents,100,group,1
165,82.5,0,0.0,TC1,n_agents,100,group,1
166,83.0,0,0.0,TC1,n_agents,100,group,1
167,83.5,0,0.0,TC1,n_agents,100,group,1
168,84.0,0,0.0,TC1,n_agents,100,group,1
169,84.5,0,0.0,TC1,n_agents,100,group,1
170,85.0,0,0.0,TC1,n_agents,100,group,1
171,85.5,0,0.0,TC1,n_agents,100,group,1
172,86.0,0,0.0,TC1,n_agents,100,group,1
173,86.5,0,0.0,TC1,n_agents,100,group,1
174,87.0,0,0.0,TC1,n_agents,100,group,1
175,87.5,0,0.0,TC1,n_agents,100,group,1
176,88.0,0,0.0,TC1,n_agents,100,group,1
177,88.5,0,0.0,TC1,n_agents,100,group,1
178,89.0,0,0.0,TC1,n_agents,100,group,1
179,89.5,0,0.0,TC1,n_agents,100,group,1
180,90.0,0,0.0,TC1,n_agents,100,group,1
181,90.5,0,0.0,TC1,n_agents,100,group,1
182,91.0,0,0.0,TC1,n_agents,100,group,1
183,91.5,0,0.0,TC1,n_agents,100,group,1
184,92.0,0,0.0,TC1,n_agents,100,group,1
185,92.5,0,0.0,TC1,n_agents,100,group,1
186,93.0,0,0.0,TC1,n_agents,100,group,1
187,93.5,0,0.0,TC1,n_agents,100,group,1
188,94.0,0,0.0,TC1,n_agents,100,group,1
189,94.5,0,0.0,TC1,n_agents,100,group,1
190,95.0,0,0.0,TC1,n_agents,100,group,1
191,95.5,0,0.0,TC1,n_agents,100,group,1
192,96.0,0,0.0,TC1,n_agents,100,group,1
193,96.5,0,0.0,TC1,n_agents,100,group,1
194,97.0,0,0.0,TC1,n_agents,100,group,1
195,97.5,0,0.0,TC1,n_agents,100,group,1
196,98.0,0,0.0,TC1,n_agents,100,group,1
197,98.5,0,0.0,TC1,n_agents,100,group,1
198,99.0,0,0.0,TC1,n_agents,100,group,1
199,99.5,0,0.0,TC1,n_agents,100,group,1
200,100.0,0,0.0,TC1,n_agents,100,group,1
201,100.5,0,0.0,TC1,n_agents,100,group,1
202,101.0,0,0.0,TC1,n_agents,100,group,1
203,101.5,0,0.0,TC1,n_agents,100,group,1
204,102.0,0,0.0,TC1,n_agents,100,group,1
205,102.5,0,0.0,TC1,n_agents,100,group,1
206,103.0,0,0.0,TC1,n_agents,100,group,1
207,103.5,0,0.0,TC1,n_agents,100,group,1
208,104.0,0,0.0,TC1,n_agents,100,group,1
209,104.5,0,0.0,TC1,n_agents,100,group,1
210,105.0,0,0.0,TC1,n_agents,100,group,1
211,105.5,0,0.0,TC1,n_agents,100,group,1
212,106.0,0,0.0,TC1,n_agents,100,group,1
213,106.5,0,0.0,TC1,n_agents,100,group,1
214,107.0,0,0.0,TC1,n_agents,100,group,1
215,107.5,0,0.0,TC1,n_agents,100,group,1
216,108.0,0,0.0,TC1,n_agents,100,group,1
217,108.5,0,0.0,TC1,n_agents,100,group,1
218,109.0,0,0.0,TC1,n_agents,100,group,1
219,109.5,0,0.0,TC1,n_agents,100,group,1
220,110.0,0,0.0,TC1,n_agents,100,group,1
221,110.5,0,0.0,TC1,n_agents,100,group,1
222,111.0,0,0.0,TC1,n_agents,100,group,1
223,111.5,0,0.0,TC1,n_agents,100,group,1
224,112.0,0,0.0,TC1,n_agents,100,group,1
225,112.5,0,0.0,TC1,n_agents,100,group,1
226,113.0,0,0.0,TC1,n_agents,100,group,1
227,113.5,0,0.0,TC1,n_agents,100,group,1
228,114.0,0,0.0,TC1,n_agents,100,group,1
229,114.5,0,0.0,TC1,n_agents,100,group,1
230,115.0,0,0.0,TC1,n_agents,100,group,1
231,115.5,0,0.0,TC1,n_agents,100,group,1
232,116.0,0,0.0,TC1,n_agents,100,group,1
233,116.5,0,0.0,TC1,n_agents,100,group,1
234,117.0,0,0.0,TC1,n_agents,100,group,1
235,117.5,0,0.0,TC1,n_agents,100,group,1
236,118.0,0,0.0,TC1,n_agents,100,group,1
237,118.5,0,0.0,TC1,n_agents,100,group,1
238,119.0,0,0.0,TC1,n_agents,100,group,1
239,119.5,0,0.0,TC1,n_agents,100,group,1
240,120.0,0,0.0,TC1,n_agents,100,group,1
241,120.5,0,0.0,TC1,n_agents,100,group,1
242,121.0,0,0.0,TC1,n_agents,100,group,1
243,121.5,0,0.0,TC1,n_agents,100,group,1
244,122.0,0,0.0,TC1,n_agents,100,group,1
245,122.5,0,0.0,TC1,n_agents,100,group,1
246,123.0,0,0.0,TC1,n_agents,100,group,1
247,123.5,0,0.0,TC1,n_agents,100,group,1
248,124.0,0,0.0,TC1,n_agents,100,group,1
249,124.5,0,0.0,TC1,n_agents,100,group,1
250,125.0,0,0.0,TC1,n_agents,100,group,1
251,125.5,0,0.0,TC1,n_agents,100,group,1
252,126.0,0,0.0,TC1,n_agents,100,group,1
253,126.5,0,0.0,TC1,n_agents,100,group,1
254,127.0,0,0.0,TC1,n_agents,100,group,1
255,127.5,0,0.0,TC1,n_agents,100,group,1
256,128.0,0,0.0,TC1,n_agents,100,group,1
257,128.5,0,0.0,TC1,n_agents,100,group,1
258,129.0,0,0.0,TC1,n_agents,100,group,1
259,129.5,0,0.0,TC1,n_agents,100,group,1
260,130.0,0,0.0,TC1,n_agents,100,group,1
261,130.5,0,0.0,TC1,n_agents,100,group,1
262,131.0,0,0.0,TC1,n_agents,100,group,1
263,131.5,0,0.0,TC1,n_agents,100,group,1
264,132.0,0,0.0,TC1,n_agents,100,group,1
265,132.5,0,0.0,TC1,n_agents,100,group,1
266,133.0,0,0.0,TC1,n_agents,100,group,1
267,133.5,0,0.0,TC1,n_agents,100,group,1
268,134.0,0,0.0,TC1,n_agents,100,group,1
269,134.5,0,0.0,TC1,n_agents,100,group,1
270,135.0,0,0.0,TC1,n_agents,100,group,1
271,135.5,0,0.0,TC1,n_agents,100,group,1
272,136.0,0,0.0,TC1,n_agents,100,group,1
273,136.5,0,0.0,TC1,n_agents,100,group,1
274,137.0,0,0.0,TC1,n_agents,100,group,1
275,137.5,0,0.0,TC1,n_agents,100,group,1
276,138.0,0,0.0,TC1,n_agents,100,group,1
277,138.5,0,0.0,TC1,n_agents,100,group,1
278,139.0,0,0.0,TC1,n_agents,100,group,1
279,139.5,0,0.0,TC1,n_agents,100,group,1
280,140.0,0,0.0,TC1,n_agents,100,group,1
281,140.5,0,0.0,TC1,n_agents,100,group,1
282,141.0,0,0.0,TC1,n_agents,100,group,1
283,141.5,0,0.0,TC1,n_agents,100,group,1
284,142.0,0,0.0,TC1,n_agents,100,group,1
285,142.5,0,0.0,TC1,n_agents,100,group,1
286,143.0,0,0.0,TC1,n_agents,100,group,1
287,143.5,0,0.0,TC1,n_agents,100,group,1
288,144.0,0,0.0,TC1,n_agents,100,group,1
289,144.5,0,0.0,TC1,n_agents,100,group,1
290,145.0,0,0.0,TC1,n_agents,100,group,1
291,145.5,0,0.0,TC1,n_agents,100,group,1
292,146.0,0,0.0,TC1,n_agents,100,group,1
293,146.5,0,0.0,TC1,n_agents,100,group,1
294,147.0,0,0.0,TC1,n_agents,100,group,1
295,147.5,0,0.0,TC1,n_agents,100,group,1
296,148.0,0,0.0,TC1,n_agents,100,group,1
297,148.5,0,0.0,TC1,n_agents,100,group,1
298,149.0,0,0.0,TC1,n_agents,100,group,1
299,149.5,0,0.0,TC1,n_agents,100,group,1
300,150.0,0,0.0,TC1,n_agents,100,group,1
301,150.5,0,0.0,TC1,n_agents,100,group,1
302,151.0,0,0.0,TC1,n_agents,100,group,1
303,151.5,0,0.0,TC1,n_agents,100,group,1
304,152.0,0,0.0,TC1,n_agents,100,group,1
305,152.5,0,0.0,TC1,n_agents,100,group,1
306,153.0,0,0.0,TC1,n_agents,100,group,1
307,153.5,0,0.0,TC1,n_agents,100,group,1
308,154.0,0,0.0,TC1,n_agents,100,group,1
309,154.5,0,0.0,TC1,n_agents,100,group,1
310,155.0,0,0.0,TC1,n_agents,100,group,1
311,155.5,0,0.0,TC1,n_agents,100,group,1
312,156.0,0,0.0,TC1,n_agents,100,group,1
313,156.5,0,0.0,TC1,n_agents,100,group,1
314,157.0,0,0.0,TC1,n_agents,100,group,1
315,157.5,0,0.0,TC1,n_agents,100,group,1
316,158.0,0,0.0,TC1,n_agents,100,group,1
317,158.5,0,0.0,TC1,n_agents,100,group,1
318,159.0,0,0.0,TC1,n_agents,100,group,1
319,159.5,0,0.0,TC1,n_agents,100,group,1
320,160.0,0,0.0,TC1,n_agents,100,group,1
321,160.5,0,0.0,TC1,n_agents,100,group,1
322,161.0,0,0.0,TC1,n_agents,100,group,1
323,161.5,0,0.0,TC1,n_agents,100,group,1
324,162.0,0,0.0,TC1,n_agents,100,group,1
325,162.5,0,0.0,TC1,n_agents,100,group,1
326,163.0,0,0.0,TC1,n_agents,100,group,1
327,163.5,0,0.0,TC1,n_agents,100,group,1
328,164.0,0,0.0,TC1,n_agents,100,group,1
329,164.5,0,0.0,TC1,n_agents,100,group,1
330,165.0,0,0.0,TC1,n_agents,100,group,1
331,165.5,0,0.0,TC1,n_agents,100,group,1
332,166.0,0,0.0,TC1,n_agents,100,group,1
333,166.5,0,0.0,TC1,n_agents,100,group,1
334,167.0,0,0.0,TC1,n_agents,100,group,1
335,167.5,0,0.0,TC1,n_agents,100,group,1
336,168.0,0,0.0,TC1,n_agents,100,group,1
337,168.5,0,0.0,TC1,n_agents,100,group,1
338,169.0,0,0.0,TC1,n_agents,100,group,1
339,169.5,0,0.0,TC1,n_agents,100,group,1
340,170.0,0,0.0,TC1,n_agents,100,group,1
341,170.5,0,0.0,TC1,n_agents,100,group,1
342,171.0,0,0.0,TC1,n_agents,100,group,1
343,171.5,0,0.0,TC1,n_agents,100,group,1
344,172.0,0,0.0,TC1,n_agents,100,group,1
345,172.5,0,0.0,TC1,n_agents,100,group,1
346,173.0,0,0.0,TC1,n_agents,100,group,1
347,173.5,0,0.0,TC1,n_agents,100,group,1
348,174.0,0,0.0,TC1,n_agents,100,group,1
349,174.5,0,0.0,TC1,n_agents,100,group,1
350,175.0,0,0.0,TC1,n_agents,100,group,1
351,175.5,0,0.0,TC1,n_agents,100,group,1
352,176.0,0,0.0,TC1,n_agents,100,group,1
353,176.5,0,0.0,TC1,n_agents,100,group,1
354,177.0,0,0.0,TC1,n_agents,100,group,1
355,177.5,0,0.0,TC1,n_agents,100,group,1
356,178.0,0,0.0,TC1,n_agents,100,group,1
357,178.5,0,0.0,TC1,n_agents,100,group,1
358,179.0,0,0.0,TC1,n_agents,100,group,1
359,179.5,0,0.0,TC1,n_agents,100,group,1
360,180.0,0,0.0,TC1,n_agents,100,group,1
361,180.5,0,0.0,TC1,n_agents,100,group,1
362,181.0,0,0.0,TC1,n_agents,100,group,1
363,181.5,0,0.0,TC1,n_agents,100,group,1
364,182.0,0,0.0,TC1,n_agents,100,group,1
365,182.5,0,0.0,TC1,n_agents,100,group,1
366,183.0,0,0.0,TC1,n_agents,100,group,1
367,183.5,0,0.0,TC1,n_agents,100,group,1
368,184.0,0,0.0,TC1,n_agents,100,group,1
369,184.5,0,0.0,TC1,n_agents,100,group,1
370,185.0,0,0.0,TC1,n_agents,100,group,1
371,185.5,0,0.0,TC1,n_agents,100,group,1
372,186.0,0,0.0,TC1,n_agents,100,group,1
373,186.5,0,0.0,TC1,n_agents,100,group,1
374,187.0,0,0.0,TC1,n_agents,100,group,1
375,187.5,0,0.0,TC1,n_agents,100,group,1
376,188.0,0,0.0,TC1,n_agents,100,group,1
377,188.5,0,0.0,TC1,n_agents,100,group,1
378,189.0,0,0.0,TC1,n_agents,100,group,1
379,189.5,0,0.0,TC1,n_agents,100,group,1
380,190.0,0,0.0,TC1,n_agents,100,group,1
381,190.5,0,0.0,TC1,n_agents,100,group,1
382,191.0,0,0.0,TC1,n_agents,100,group,1
383,191.5,0,0.0,TC1,n_agents,100,group,1
384,192.0,0,0.0,TC1,n_agents,100,group,1
385,192.5,0,0.0,TC1,n_agents,100,group,1
386,193.0,0,0.0,TC1,n_agents,100,group,1
387,193.5,0,0.0,TC1,n_agents,100,group,1
388,194.0,0,0.0,TC1,n_agents,100,group,1
389,194.5,0,0.0,TC1,n_agents,100,group,1
390,195.0,0,0.0,TC1,n_agents,100,group,1
391,195.5,0,0.0,TC1,n_agents,100,group,1
392,196.0,0,0.0,TC1,n_agents,100,group,1
393,196.5,0,0.0,TC1,n_agents,100,group,1
394,197.0,0,0.0,TC1,n_agents,100,group,1
395,197.5,0,0.0,TC1,n_agents,100,group,1
396,198.0,0,0.0,TC1,n_agents,100,group,1
397,198.5,0,0.0,TC1,n_agents,100,group,1
398,199.0,0,0.0,TC1,n_agents,100,group,1
399,199.5,0,0.0,TC1,n_agents,100,group,1
400,200.0,0,0.0,TC1,n_agents,100,group,1
401,200.5,0,0.0,TC1,n_agents,100,group,1
402,201.0,0,0.0,TC1,n_agents,100,group,1
403,201.5,0,0.0,TC1,n_agents,100,group,1
404,202.0,0,0.0,TC1,n_agents,100,group,1
405,202.5,0,0.0,TC1,n_agents,100,group,1
406,203.0,0,0.0,TC1,n_agents,100,group,1
407,203.5,0,0.0,TC1,n_agents,100,group,1
408,204.0,0,0.0,TC1,n_agents,100,group,1
409,204.5,0,0.0,TC1,n_agents,100,group,1
410,205.0,0,0.0,TC1,n_agents,100,group,1
411,205.5,0,0.0,TC1,n_agents,100,group,1
412,206.0,0,0.0,TC1,n_agents,100,group,1
413,206.5,0,0.0,TC1,n_agents,100,group,1
414,207.0,0,0.0,TC1,n_agents,100,group,1
415,207.5,0,0.0,TC1,n_agents,100,group,1
416,208.0,0,0.0,TC1,n_agents,100,group,1
417,208.5,0,0.0,TC1,n_agents,100,group,1
418,209.0,0,0.0,TC1,n_agents,100,group,1
419,209.5,0,0.0,TC1,n_agents,100,group,1
420,210.0,0,0.0,TC1,n_agents,100,group,1
421,210.5,0,0.0,TC1,n_agents,100,group,1
422,211.0,0,0.0,TC1,n_agents,100,group,1
423,211.5,0,0.0,TC1,n_agents,100,group,1
424,212.0,0,0.0,TC1,n_agents,100,group,1
425,212.5,0,0.0,TC1,n_agents,100,group,1
426,213.0,0,0.0,TC1,n_agents,100,group,1
427,213.5,0,0.0,TC1,n_agents,100,group,1
428,214.0,0,0.0,TC1,n_agents,100,group,1
429,214.5,0,0.0,TC1,n_agents,100,group,1
430,215.0,0,0.0,TC1,n_agents,100,group,1
431,215.5,0,0.0,TC1,n_agents,100,group,1
432,216.0,0,0.0,TC1,n_agents,100,group,1
433,216.5,0,0.0,TC1,n_agents,100,group,1
434,217.0,0,0.0,TC1,n_agents,100,group,1
435,217.5,0,0.0,TC1,n_agents,100,group,1
436,218.0,0,0.0,TC1,n_agents,100,group,1
437,218.5,0,0.0,TC1,n_agents,100,group,1
438,219.0,0,0.0,TC1,n_agents,100,group,1
439,219.5,0,0.0,TC1,n_agents,100,group,1
440,220.0,0,0.0,TC1,n_agents,100,group,1
441,220.5,0,0.0,TC1,n_agents,100,group,1
442,221.0,0,0.0,TC1,n_agents,100,group,1
443,221.5,0,0.0,TC1,n_agents,100,group,1
444,222.0,0,0.0,TC1,n_agents,100,group,1
445,222.5,0,0.0,TC1,n_agents,100,group,1
446,223.0,0,0.0,TC1,n_agents,100,group,1
447,223.5,0,0.0,TC1,n_agents,100,group,1
448,224.0,0,0.0,TC1,n_agents,100,group,1
449,224.5,0,0.0,TC1,n_agents,100,group,1
450,225.0,0,0.0,TC1,n_agents,100,group,1
451,225.5,0,0.0,TC1,n_agents,100,group,1
452,226.0,0,0.0,TC1,n_agents,100,group,1
453,226.5,0,0.0,TC1,n_agents,100,group,1
454,227.0,0,0.0,TC1,n_agents,100,group,1
455,227.5,0,0.0,TC1,n_agents,100,group,1
456,228.0,0,0.0,TC1,n_agents,100,group,1
457,228.5,0,0.0,TC1,n_agents,100,group,1
458,229.0,0,0.0,TC1,n_agents,100,group,1
459,229.5,0,0.0,TC1,n_agents,100,group,1
460,230.0,0,0.0,TC1,n_agents,100,group,1
461,230.5,0,0.0,TC1,n_agents,100,group,1
462,231.0,0,0.0,TC1,n_agents,100,group,1
463,231.5,0,0.0,TC1,n_agents,100,group,1
464,232.0,0,0.0,TC1,n_agents,100,group,1
465,232.5,0,0.0,TC1,n_agents,100,group,1
466,233.0,0,0.0,TC1,n_agents,100,group,1
467,233.5,0,0.0,TC1,n_agents,100,group,1
468,234.0,0,0.0,TC1,n_agents,100,group,1
469,234.5,0,0.0,TC1,n_agents,100,group,1
470,235.0,0,0.0,TC1,n_agents,100,group,1
471,235.5,0,0.0,TC1,n_agents,100,group,1
472,236.0,0,0.0,TC1,n_agents,100,group,1
473,236.5,0,0.0,TC1,n_agents,100,group,1
474,237.0,0,0.0,TC1,n_agents,100,group,1
475,237.5,0,0.0,TC1,n_agents,100,group,1
476,238.0,0,0.0,TC1,n_agents,100,group,1
477,238.5,0,0.0,TC1,n_agents,100,group,1
478,239.0,0,0.0,TC1,n_agents,100,group,1
479,239.5,0,0.0,TC1,n_agents,100,group,1
480,240.0,0,0.0,TC1,n_agents,100,group,1
481,240.5,0,0.0,TC1,n_agents,100,group,1
482,241.0,0,0.0,TC1,n_agents,100,group,1
483,241.5,0,0.0,TC1,n_agents,100,group,1
484,242.0,0,0.0,TC1,n_agents,100,group,1
485,242.5,0,0.0,TC1,n_agents,100,group,1
486,243.0,0,0.0,TC1,n_agents,100,group,1
487,243.5,0,0.0,TC1,n_agents,100,group,1
488,244.0,0,0.0,TC1,n_agents,100,group,1
489,244.5,0,0.0,TC1,n_agents,100,group,1
490,245.0,0,0.0,TC1,n_agents,100,group,1
491,245.5,0,0.0,TC1,n_agents,100,group,1
492,246.0,0,0.0,TC1,n_agents,100,group,1
493,246.5,0,0.0,TC1,n_agents,100,group,1
494,247.0,0,0.0,TC1,n_agents,100,group,1
495,247.5,0,0.0,TC1,n_agents,100,group,1
496,248.0,0,0.0,TC1,n_agents,100,group,1
497,248.5,0,0.0,TC1,n_agents,100,group,1
498,249.0,0,0.0,TC1,n_agents,100,group,1
499,249.5,0,0.0,TC1,n_agents,100,group,1
500,250.0,0,0.0,TC1,n_agents,100,group,1
501,250.5,0,0.0,TC1,n_agents,100,group,1
502,251.0,0,0.0,TC1,n_agents,100,group,1
503,251.5,0,0.0,TC1,n_agents,100,group,1
504,252.0,0,0.0,TC1,n_agents,100,group,1
505,252.5,0,0.0,TC1,n_agents,100,group,1
506,253.0,0,0.0,TC1,n_agents,100,group,1
507,253.5,0,0.0,TC1,n_agents,100,group,1
508,254.0,0,0.0,TC1,n_agents,100,group,1
509,254.5,0,0.0,TC1,n_agents,100,group,1
510,255.0,0,0.0,TC1,n_agents,100,group,1
511,255.5,0,0.0,TC1,n_agents,100,group,1
512,256.0,0,0.0,TC1,n_agents,100,group,1
513,256.5,0,0.0,TC1,n_agents,100,group,1
514,257.0,0,0.0,TC1,n_agents,100,group,1
515,257.5,0,0.0,TC1,n_agents,100,group,1
516,258.0,0,0.0,TC1,n_agents,100,group,1
517,258.5,0,0.0,TC1,n_agents,100,group,1
518,259.0,0,0.0,TC1,n_agents,100,group,1
519,259.5,0,0.0,TC1,n_agents,100,group,1
520,260.0,0,0.0,TC1,n_agents,100,group,1
521,260.5,0,0.0,TC1,n_agents,100,group,1
522,261.0,0,0.0,TC1,n_agents,100,group,1
523,261.5,0,0.0,TC1,n_agents,100,group,1
524,262.0,0,0.0,TC1,n_agents,100,group,1
525,262.5,0,0.0,TC1,n_agents,100,group,1
526,263.0,0,0.0,TC1,n_agents,100,group,1
527,263.5,0,0.0,TC1,n_agents,100,group,1
528,264.0,0,0.0,TC1,n_agents,100,group,1
529,264.5,0,0.0,TC1,n_agents,100,group,1
530,265.0,0,0.0,TC1,n_agents,100,group,1
531,265.5,0,0.0,TC1,n_agents,100,group,1
532,266.0,0,0.0,TC1,n_agents,100,group,1
533,266.5,0,0.0,TC1,n_agents,100,group,1
534,267.0,0,0.0,TC1,n_agents,100,group,1
535,267.5,0,0.0,TC1,n_agents,100,group,1
536,268.0,0,0.0,TC1,n_agents,100,group,1
537,268.5,0,0.0,TC1,n_agents,100,group,1
538,269.0,0,0.0,TC1,n_agents,100,group,1
539,269.5,0,0.0,TC1,n_agents,100,group,1
540,270.0,0,0.0,TC1,n_agents,100,group,1
541,270.5,0,0.0,TC1,n_agents,100,group,1
542,271.0,0,0.0,TC1,n_agents,100,group,1
543,271.5,0,0.0,TC1,n_agents,100,group,1
544,272.0,0,0.0,TC1,n_agents,100,group,1
545,272.5,0,0.0,TC1,n_agents,100,group,1
546,273.0,0,0.0,TC1,n_agents,100,group,1
547,273.5,0,0.0,TC1,n_agents,100,group,1
548,274.0,0,0.0,TC1,n_agents,100,group,1
549,274.5,0,0.0,TC1,n_agents,100,group,1
550,275.0,0,0.0,TC1,n_agents,100,group,1
551,275.5,0,0.0,TC1,n_agents,100,group,1
552,276.0,0,0.0,TC1,n_agents,100,group,1
553,276.5,0,0.0,TC1,n_agents,100,group,1
554,277.0,0,0.0,TC1,n_agents,100,group,1
555,277.5,0,0.0,TC1,n_agents,100,group,1
556,278.0,0,0.0,TC1,n_agents,100,group,1
557,278.5,0,0.0,TC1,n_agents,100,group,1
558,279.0,0,0.0,TC1,n_agents,100,group,1
559,279.5,0,0.0,TC1,n_agents,100,group,1
560,280.0,0,0.0,TC1,n_agents,100,group,1
561,280.5,0,0.0,TC1,n_agents,100,group,1
562,281.0,0,0.0,TC1,n_agents,100,group,1
563,281.5,0,0.0,TC1,n_agents,100,group,1
564,282.0,0,0.0,TC1,n_agents,100,group,1
565,282.5,0,0.0,TC1,n_agents,100,group,1
566,283.0,0,0.0,TC1,n_agents,100,group,1
567,283.5,0,0.0,TC1,n_agents,100,group,1
568,284.0,0,0.0,TC1,n_agents,100,group,1
569,284.5,0,0.0,TC1,n_agents,100,group,1
570,285.0,0,0.0,TC1,n_agents,100,group,1
571,285.5,0,0.0,TC1,n_agents,100,group,1
572,286.0,0,0.0,TC1,n_agents,100,group,1
573,286.5,0,0.0,TC1,n_agents,100,group,1
574,287.0,0,0.0,TC1,n_agents,100,group,1
575,287.5,0,0.0,TC1,n_agents,100,group,1
576,288.0,0,0.0,TC1,n_agents,100,group,1
577,288.5,0,0.0,TC1,n_agents,100,group,1
578,289.0,0,0.0,TC1,n_agents,100,group,1
579,289.5,0,0.0,TC1,n_agents,100,group,1
580,290.0,0,0.0,TC1,n_agents,100,group,1
581,290.5,0,0.0,TC1,n_agents,100,group,1
582,291.0,0,0.0,TC1,n_agents,100,group,1
583,291.5,0,0.0,TC1,n_agents,100,group,1
584,292.0,0,0.0,TC1,n_agents,100,group,1
585,292.5,0,0.0,TC1,n_agents,100,group,1
586,293.0,0,0.0,TC1,n_agents,100,group,1
587,293.5,0,0.0,TC1,n_agents,100,group,1
588,294.0,0,0.0,TC1,n_agents,100,group,1
589,294.5,0,0.0,TC1,n_agents,100,group,1
590,295.0,0,0.0,TC1,n_agents,100,group,1
591,295.5,0,0.0,TC1,n_agents,100,group,1
592,296.0,0,0.0,TC1,n_agents,100,group,1
593,296.5,0,0.0,TC1,n_agents,100,group,1
594,297.0,0,0.0,TC1,n_agents,100,group,1
595,297.5,0,0.0,TC1,n_agents,100,group,1
596,298.0,0,0.0,TC1,n_agents,100,group,1
597,298.5,0,0.0,TC1,n_agents,100,group,1
598,299.0,0,0.0,TC1,n_agents,100,group,1
599,299.5,0,0.0,TC1,n_agents,100,group,1
600,300.0,0,0.0,TC1,n_agents,100,group,1
601,300.5,0,0.0,TC1,n_agents,100,group,1
602,301.0,0,0.0,TC1,n_agents,100,group,1
603,301.5,0,0.0,TC1,n_agents,100,group,1
604,302.0,0,0.0,TC1,n_agents,100,group,1
605,302.5,0,0.0,TC1,n_agents,100,group,1
606,303.0,0,0.0,TC1,n_agents,100,group,1
607,303.5,0,0.0,TC1,n_agents,100,group,1
608,304.0,0,0.0,TC1,n_agents,100,group,1
609,304.5,0,0.0,TC1,n_agents,100,group,1
610,305.0,0,0.0,TC1,n_agents,100,group,1
611,305.5,0,0.0,TC1,n_agents,100,group,1
612,306.0,0,0.0,TC1,n_agents,100,group,1
613,306.5,0,0.0,TC1,n_agents,100,group,1
614,307.0,0,0.0,TC1,n_agents,100,group,1
615,307.5,0,0.0,TC1,n_agents,100,group,1
616,308.0,0,0.0,TC1,n_agents,100,group,1
617,308.5,0,0.0,TC1,n_agents,100,group,1
618,309.0,0,0.0,TC1,n_agents,100,group,1
619,309.5,0,0.0,TC1,n_agents,100,group,1
620,310.0,0,0.0,TC1,n_agents,100,group,1
621,310.5,0,0.0,TC1,n_agents,100,group,1
622,311.0,0,0.0,TC1,n_agents,100,group,1
623,311.5,0,0.0,TC1,n_agents,100,group,1
624,312.0,0,0.0,TC1,n_agents,100,group,1
625,312.5,0,0.0,TC1,n_agents,100,group,1
626,313.0,0,0.0,TC1,n_agents,100,group,1
627,313.5,0,0.0,TC1,n_agents,100,group,1
628,314.0,0,0.0,TC1,n_agents,100,group,1
629,314.5,0,0.0,TC1,n_agents,100,group,1
630,315.0,0,0.0,TC1,n_agents,100,group,1
631,315.5,0,0.0,TC1,n_agents,100,group,1
632,316.0,0,0.0,TC1,n_agents,100,group,1
633,316.5,0,0.0,TC1,n_agents,100,group,1
634,317.0,0,0.0,TC1,n_agents,100,group,1
635,317.5,0,0.0,TC1,n_agents,100,group,1
636,318.0,0,0.0,TC1,n_agents,100,group,1
637,318.5,0,0.0,TC1,n_agents,100,group,1
638,319.0,0,0.0,TC1,n_agents,100,group,1
639,319.5,0,0.0,TC1,n_agents,100,group,1
640,320.0,0,0.0,TC1,n_agents,100,group,1
641,320.5,0,0.0,TC1,n_agents,100,group,1
642,321.0,0,0.0,TC1,n_agents,100,group,1
643,321.5,0,0.0,TC1,n_agents,100,group,1
644,322.0,0,0.0,TC1,n_agents,100,group,1
645,322.5,0,0.0,TC1,n_agents,100,group,1
646,323.0,0,0.0,TC1,n_agents,100,group,1
647,323.5,0,0.0,TC1,n_agents,100,group,1
648,324.0,0,0.0,TC1,n_agents,100,group,1
649,324.5,0,0.0,TC1,n_agents,100,group,1
650,325.0,0,0.0,TC1,n_agents,100,group,1
651,325.5,0,0.0,TC1,n_agents,100,group,1
652,326.0,0,0.0,TC1,n_agents,100,group,1
653,326.5,0,0.0,TC1,n_agents,100,group,1
654,327.0,0,0.0,TC1,n_agents,100,group,1
655,327.5,0,0.0,TC1,n_agents,100,group,1
656,328.0,0,0.0,TC1,n_agents,100,group,1
657,328.5,0,0.0,TC1,n_agents,100,group,1
658,329.0,0,0.0,TC1,n_agents,100,group,1
659,329.5,0,0.0,TC1,n_agents,100,group,1
660,330.0,0,0.0,TC1,n_agents,100,group,1
661,330.5,0,0.0,TC1,n_agents,100,group,1
662,331.0,0,0.0,TC1,n_agents,100,group,1
663,331.5,0,0.0,TC1,n_agents,100,group,1
664,332.0,0,0.0,TC1,n_agents,100,group,1
665,332.5,0,0.0,TC1,n_agents,100,group,1
666,333.0,0,0.0,TC1,n_agents,100,group,1
667,333.5,0,0.0,TC1,n_agents,100,group,1
668,334.0,0,0.0,TC1,n_agents,100,group,1
669,334.5,0,0.0,TC1,n_agents,100,group,1
670,335.0,0,0.0,TC1,n_agents,100,group,1
671,335.5,0,0.0,TC1,n_agents,100,group,1
672,336.0,0,0.0,TC1,n_agents,100,group,1
673,336.5,0,0.0,TC1,n_agents,100,group,1
674,337.0,0,0.0,TC1,n_agents,100,group,1
675,337.5,0,0.0,TC1,n_agents,100,group,1
676,338.0,0,0.0,TC1,n_agents,100,group,1
677,338.5,0,0.0,TC1,n_agents,100,group,1
678,339.0,0,0.0,TC1,n_agents,100,group,1
679,339.5,0,0.0,TC1,n_agents,100,group,1
680,340.0,0,0.0,TC1,n_agents,100,group,1
681,340.5,0,0.0,TC1,n_agents,100,group,1
682,341.0,0,0.0,TC1,n_agents,100,group,1
683,341.5,0,0.0,TC1,n_agents,100,group,1
684,342.0,0,0.0,TC1,n_agents,100,group,1
685,342.5,0,0.0,TC1,n_agents,100,group,1
686,343.0,0,0.0,TC1,n_agents,100,group,1
687,343.5,0,0.0,TC1,n_agents,100,group,1
688,344.0,0,0.0,TC1,n_agents,100,group,1
689,344.5,0,0.0,TC1,n_agents,100,group,1
690,345.0,0,0.0,TC1,n_agents,100,group,1
691,345.5,0,0.0,TC1,n_agents,100,group,1
692,346.0,0,0.0,TC1,n_agents,100,group,1
693,346.5,0,0.0,TC1,n_agents,100,group,1
694,347.0,0,0.0,TC1,n_agents,100,group,1
695,347.5,0,0.0,TC1,n_agents,100,group,1
696,348.0,0,0.0,TC1,n_agents,100,group,1
697,348.5,0,0.0,TC1,n_agents,100,group,1
698,349.0,0,0.0,TC1,n_agents,100,group,1
699,349.5,0,0.0,TC1,n_agents,100,group,1
700,350.0,0,0.0,TC1,n_agents,100,group,1
701,350.5,0,0.0,TC1,n_agents,100,group,1
702,351.0,0,0.0,TC1,n_agents,100,group,1
703,351.5,0,0.0,TC1,n_agents,100,group,1
704,352.0,0,0.0,TC1,n_agents,100,group,1
705,352.5,0,0.0,TC1,n_agents,100,group,1
706,353.0,0,0.0,TC1,n_agents,100,group,1
707,353.5,0,0.0,TC1,n_agents,100,group,1
708,354.0,0,0.0,TC1,n_agents,100,group,1
709,354.5,0,0.0,TC1,n_agents,100,group,1
710,355.0,0,0.0,TC1,n_agents,100,group,1
711,355.5,0,0.0,TC1,n_agents,100,group,1
712,356.0,0,0.0,TC1,n_agents,100,group,1
713,356.5,0,0.0,TC1,n_agents,100,group,1
714,357.0,0,0.0,TC1,n_agents,100,group,1
715,357.5,0,0.0,TC1,n_agents,100,group,1
716,358.0,0,0.0,TC1,n_agents,100,group,1
717,358.5,0,0.0,TC1,n_agents,100,group,1
718,359.0,0,0.0,TC1,n_agents,100,group,1
719,359.5,0,0.0,TC1,n_agents,100,group,1
720,360.0,0,0.0,TC1,n_agents,100,group,1
721,360.5,0,0.0,TC1,n_agents,100,group,1
722,361.0,0,0.0,TC1,n_agents,100,group,1
723,361.5,0,0.0,TC1,n_agents,100,group,1
724,362.0,0,0.0,TC1,n_agents,100,group,1
725,362.5,0,0.0,TC1,n_agents,100,group,1
726,363.0,0,0.0,TC1,n_agents,100,group,1
727,363.5,0,0.0,TC1,n_agents,100,group,1
728,364.0,0,0.0,TC1,n_agents,100,group,1
729,364.5,0,0.0,TC1,n_agents,100,group,1
730,365.0,0,0.0,TC1,n_agents,100,group,1
731,365.5,0,0.0,TC1,n_agents,100,group,1
732,366.0,0,0.0,TC1,n_agents,100,group,1
733,366.5,0,0.0,TC1,n_agents,100,group,1
734,367.0,0,0.0,TC1,n_agents,100,group,1
735,367.5,0,0.0,TC1,n_agents,100,group,1
736,368.0,0,0.0,TC1,n_agents,100,group,1
737,368.5,0,0.0,TC1,n_agents,100,group,1
738,369.0,0,0.0,TC1,n_agents,100,group,1
739,369.5,0,0.0,TC1,n_agents,100,group,1
740,370.0,0,0.0,TC1,n_agents,100,group,1
741,370.5,0,0.0,TC1,n_agents,100,group,1
742,371.0,0,0.0,TC1,n_agents,100,group,1
743,371.5,0,0.0,TC1,n_agents,100,group,1
744,372.0,0,0.0,TC1,n_agents,100,group,1
745,372.5,0,0.0,TC1,n_agents,100,group,1
746,373.0,0,0.0,TC1,n_agents,100,group,1
747,373.5,0,0.0,TC1,n_agents,100,group,1
748,374.0,0,0.0,TC1,n_agents,100,group,1
749,374.5,0,0.0,TC1,n_agents,100,group,1
750,375.0,0,0.0,TC1,n_agents,100,group,1
751,375.5,0,0.0,TC1,n_agents,100,group,1
752,376.0,0,0.0,TC1,n_agents,100,group,1
753,376.5,0,0.0,TC1,n_agents,100,group,1
754,377.0,0,0.0,TC1,n_agents,100,group,1
755,377.5,0,0.0,TC1,n_agents,100,group,1
756,378.0,0,0.0,TC1,n_agents,100,group,1
757,378.5,0,0.0,TC1,n_agents,100,group,1
758,379.0,0,0.0,TC1,n_agents,100,group,1
759,379.5,0,0.0,TC1,n_agents,100,group,1
760,380.0,0,0.0,TC1,n_agents,100,group,1
761,380.5,0,0.0,TC1,n_agents,100,group,1
762,381.0,0,0.0,TC1,n_agents,100,group,1
763,381.5,0,0.0,TC1,n_agents,100,group,1
764,382.0,0,0.0,TC1,n_agents,100,group,1
765,382.5,0,0.0,TC1,n_agents,100,group,1
766,383.0,0,0.0,TC1,n_agents,100,group,1
767,383.5,0,0.0,TC1,n_agents,100,group,1
768,384.0,0,0.0,TC1,n_agents,100,group,1
769,384.5,0,0.0,TC1,n_agents,100,group,1
770,385.0,0,0.0,TC1,n_agents,100,group,1
771,385.5,0,0.0,TC1,n_agents,100,group,1
772,386.0,0,0.0,TC1,n_agents,100,group,1
773,386.5,0,0.0,TC1,n_agents,100,group,1
774,387.0,0,0.0,TC1,n_agents,100,group,1
775,387.5,0,0.0,TC1,n_agents,100,group,1
776,388.0,0,0.0,TC1,n_agents,100,group,1
777,388.5,0,0.0,TC1,n_agents,100,group,1
778,389.0,0,0.0,TC1,n_agents,100,group,1
779,389.5,0,0.0,TC1,n_agents,100,group,1
780,390.0,0,0.0,TC1,n_agents,100,group,1
781,390.5,0,0.0,TC1,n_agents,100,group,1
782,391.0,0,0.0,TC1,n_agents,100,group,1
783,391.5,0,0.0,TC1,n_agents,100,group,1
784,392.0,0,0.0,TC1,n_agents,100,group,1
785,392.5,0,0.0,TC1,n_agents,100,group,1
786,393.0,0,0.0,TC1,n_agents,100,group,1
787,393.5,0,0.0,TC1,n_agents,100,group,1
788,394.0,0,0.0,TC1,n_agents,100,group,1
789,394.5,0,0.0,TC1,n_agents,100,group,1
790,395.0,0,0.0,TC1,n_agents,100,group,1
791,395.5,0,0.0,TC1,n_agents,100,group,1
792,396.0,0,0.0,TC1,n_agents,100,group,1
793,396.5,0,0.0,TC1,n_agents,100,group,1
794,397.0,0,0.0,TC1,n_agents,100,group,1
795,397.5,0,0.0,TC1,n_agents,100,group,1
796,398.0,0,0.0,TC1,n_agents,100,group,1
797,398.5,0,0.0,TC1,n_agents,100,group,1
798,399.0,0,0.0,TC1,n_agents,100,group,1
799,399.5,0,0.0,TC1,n_agents,100,group,1
800,400.0,0,0.0,TC1,n_agents,100,group,1
0,0.0,0,0.0,TC1,n_agents,100,group,2
1,0.5,0,0.0,TC1,n_agents,100,group,2
2,1.0,0,0.0,TC1,n_agents,100,group,2
3,1.5,0,0.0,TC1,n_agents,100,group,2
4,2.0,0,0.0,TC1,n_agents,100,group,2
5,2.5,0,0.0,TC1,n_agents,100,group,2
6,3.0,0,0.0,TC1,n_agents,100,group,2
7,3.5,0,0.0,TC1,n_agents,100,group,2
8,4.0,0,0.0,TC1,n_agents,100,group,2
9,4.5,0,0.0,TC1,n_agents,100,group,2
10,5.0,0,0.0,TC1,n_agents,100,group,2
11,5.5,0,0.0,TC1,n_agents,100,group,2
12,6.0,0,0.0,TC1,n_agents,100,group,2
13,6.5,0,0.0,TC1,n_agents,100,group,2
14,7.0,0,0.0,TC1,n_agents,100,group,2
15,7.5,0,0.0,TC1,n_agents,100,group,2
16,8.0,0,0.0,TC1,n_agents,100,group,2
17,8.5,0,0.0,TC1,n_agents,100,group,2
18,9.0,0,0.0,TC1,n_agents,100,group,2
19,9.5,0,0.0,TC1,n_agents,100,group,2
20,10.0,0,0.0,TC1,n_agents,100,group,2
21,10.5,0,0.0,TC1,n_agents,100,group,2
22,11.0,0,0.0,TC1,n_agents,100,group,2
23,11.5,0,0.0,TC1,n_agents,100,group,2
24,12.0,0,0.0,TC1,n_agents,100,group,2
25,12.5,0,0.0,TC1,n_agents,100,group,2
26,13.0,0,0.0,TC1,n_agents,100,group,2
27,13.5,0,0.0,TC1,n_agents,100,group,2
28,14.0,0,0.0,TC1,n_agents,100,group,2
29,14.5,0,0.0,TC1,n_agents,100,group,2
30,15.0,0,0.0,TC1,n_agents,100,group,2
31,15.5,0,0.0,TC1,n_agents,100,group,2
32,16.0,0,0.0,TC1,n_agents,100,group,2
33,16.5,0,0.0,TC1,n_agents,100,group,2
34,17.0,0,0.0,TC1,n_agents,100,group,2
35,17.5,0,0.0,TC1,n_agents,100,group,2
36,18.0,0,0.0,TC1,n_agents,100,group,2
37,18.5,0,0.0,TC1,n_agents,100,group,2
38,19.0,0,0.0,TC1,n_agents,100,group,2
39,19.5,0,0.0,TC1,n_agents,100,group,2
40,20.0,0,0.0,TC1,n_agents,100,group,2
41,20.5,0,0.0,TC1,n_agents,100,group,2
42,21.0,0,0.0,TC1,n_agents,100,group,2
43,21.5,0,0.0,TC1,n_agents,100,group,2
44,22.0,0,0.0,TC1,n_agents,100,group,2
45,22.5,0,0.0,TC1,n_agents,100,group,2
46,23.0,0,0.0,TC1,n_agents,100,group,2
47,23.5,0,0.0,TC1,n_agents,100,group,2
48,24.0,0,0.0,TC1,n_agents,100,group,2
49,24.5,0,0.0,TC1,n_agents,100,group,2
50,25.0,0,0.0,TC1,n_agents,100,group,2
51,25.5,0,0.0,TC1,n_agents,100,group,2
52,26.0,0,0.0,TC1,n_agents,100,group,2
53,26.5,0,0.0,TC1,n_agents,100,group,2
54,27.0,0,0.0,TC1,n_agents,100,group,2
55,27.5,0,0.0,TC1,n_agents,100,group,2
56,28.0,0,0.0,TC1,n_agents,100,group,2
57,28.5,0,0.0,TC1,n_agents,100,group,2
58,29.0,0,0.0,TC1,n_agents,100,group,2
59,29.5,0,0.0,TC1,n_agents,100,group,2
60,30.0,0,0.0,TC1,n_agents,100,group,2
61,30.5,0,0.0,TC1,n_agents,100,group,2
62,31.0,0,0.0,TC1,n_agents,100,group,2
63,31.5,0,0.0,TC1,n_agents,100,group,2
64,32.0,0,0.0,TC1,n_agents,100,group,2
65,32.5,0,0.0,TC1,n_agents,100,group,2
66,33.0,0,0.0,TC1,n_agents,100,group,2
67,33.5,0,0.0,TC1,n_agents,100,group,2
68,34.0,0,0.0,TC1,n_agents,100,group,2
69,34.5,0,0.0,TC1,n_agents,100,group,2
70,35.0,0,0.0,TC1,n_agents,100,group,2
71,35.5,0,0.0,TC1,n_agents,100,group,2
72,36.0,0,0.0,TC1,n_agents,100,group,2
73,36.5,0,0.0,TC1,n_agents,100,group,2
74,37.0,0,0.0,TC1,n_agents,100,group,2
75,37.5,0,0.0,TC1,n_agents,100,group,2
76,38.0,0,0.0,TC1,n_agents,100,group,2
77,38.5,0,0.0,TC1,n_agents,100,group,2
78,39.0,0,0.0,TC1,n_agents,100,group,2
79,39.5,0,0.0,TC1,n_agents,100,group,2
80,40.0,0,0.0,TC1,n_agents,100,group,2
81,40.5,0,0.0,TC1,n_agents,100,group,2
82,41.0,0,0.0,TC1,n_agents,100,group,2
83,41.5,0,0.0,TC1,n_agents,100,group,2
84,42.0,0,0.0,TC1,n_agents,100,group,2
85,42.5,0,0.0,TC1,n_agents,100,group,2
86,43.0,0,0.0,TC1,n_agents,100,group,2
87,43.5,0,0.0,TC1,n_agents,100,group,2
88,44.0,0,0.0,TC1,n_agents,100,group,2
89,44.5,0,0.0,TC1,n_agents,100,group,2
90,45.0,0,0.0,TC1,n_agents,100,group,2
91,45.5,0,0.0,TC1,n_agents,100,group,2
92,46.0,0,0.0,TC1,n_agents,100,group,2
93,46.5,0,0.0,TC1,n_agents,100,group,2
94,47.0,0,0.0,TC1,n_agents,100,group,2
95,47.5,0,0.0,TC1,n_agents,100,group,2
96,48.0,0,0.0,TC1,n_agents,100,group,2
97,48.5,0,0.0,TC1,n_agents,100,group,2
98,49.0,0,0.0,TC1,n_agents,100,group,2
99,49.5,0,0.0,TC1,n_agents,100,group,2
100,50.0,0,0.0,TC1,n_agents,100,group,2
101,50.5,0,0.0,TC1,n_agents,100,group,2
102,51.0,0,0.0,TC1,n_agents,100,group,2
103,51.5,0,0.0,TC1,n_agents,100,group,2
104,52.0,0,0.0,TC1,n_agents,100,group,2
105,52.5,0,0.0,TC1,n_agents,100,group,2
106,53.0,0,0.0,TC1,n_agents,100,group,2
107,53.5,0,0.0,TC1,n_agents,100,group,2
108,54.0,0,0.0,TC1,n_agents,100,group,2
109,54.5,0,0.0,TC1,n_agents,100,group,2
110,55.0,0,0.0,TC1,n_agents,100,group,2
111,55.5,0,0.0,TC1,n_agents,100,group,2
112,56.0,0,0.0,TC1,n_agents,100,group,2
113,56.5,0,0.0,TC1,n_agents,100,group,2
114,57.0,0,0.0,TC1,n_agents,100,group,2
115,57.5,0,0.0,TC1,n_agents,100,group,2
116,58.0,0,0.0,TC1,n_agents,100,group,2
117,58.5,0,0.0,TC1,n_agents,100,group,2
118,59.0,0,0.0,TC1,n_agents,100,group,2
119,59.5,0,0.0,TC1,n_agents,100,group,2
120,60.0,0,0.0,TC1,n_agents,100,group,2
121,60.5,0,0.0,TC1,n_agents,100,group,2
122,61.0,0,0.0,TC1,n_agents,100,group,2
123,61.5,0,0.0,TC1,n_agents,100,group,2
124,62.0,0,0.0,TC1,n_agents,100,group,2
125,62.5,0,0.0,TC1,n_agents,100,group,2
126,63.0,0,0.0,TC1,n_agents,100,group,2
127,63.5,0,0.0,TC1,n_agents,100,group,2
128,64.0,0,0.0,TC1,n_agents,100,group,2
129,64.5,0,0.0,TC1,n_agents,100,group,2
130,65.0,0,0.0,TC1,n_agents,100,group,2
131,65.5,0,0.0,TC1,n_agents,100,group,2
132,66.0,0,0.0,TC1,n_agents,100,group,2
133,66.5,0,0.0,TC1,n_agents,100,group,2
134,67.0,0,0.0,TC1,n_agents,100,group,2
135,67.5,0,0.0,TC1,n_agents,100,group,2
136,68.0,0,0.0,TC1,n_agents,100,group,2
137,68.5,0,0.0,TC1,n_agents,100,group,2
138,69.0,0,0.0,TC1,n_agents,100,group,2
139,69.5,0,0.0,TC1,n_agents,100,group,2
140,70.0,0,0.0,TC1,n_agents,100,group,2
141,70.5,0,0.0,TC1,n_agents,100,group,2
142,71.0,0,0.0,TC1,n_agents,100,group,2
143,71.5,0,0.0,TC1,n_agents,100,group,2
144,72.0,0,0.0,TC1,n_agents,100,group,2
145,72.5,0,0.0,TC1,n_agents,100,group,2
146,73.0,0,0.0,TC1,n_agents,100,group,2
147,73.5,0,0.0,TC1,n_agents,100,group,2
148,74.0,0,0.0,TC1,n_agents,100,group,2
149,74.5,0,0.0,TC1,n_agents,100,group,2
150,75.0,0,0.0,TC1,n_agents,100,group,2
151,75.5,0,0.0,TC1,n_agents,100,group,2
152,76.0,0,0.0,TC1,n_agents,100,group,2
153,76.5,0,0.0,TC1,n_agents,100,group,2
154,77.0,0,0.0,TC1,n_agents,100,group,2
155,77.5,0,0.0,TC1,n_agents,100,group,2
156,78.0,0,0.0,TC1,n_agents,100,group,2
157,78.5,0,0.0,TC1,n_agents,100,group,2
158,79.0,0,0.0,TC1,n_agents,100,group,2
159,79.5,0,0.0,TC1,n_agents,100,group,2
160,80.0,0,0.0,TC1,n_agents,100,group,2
161,80.5,0,0.0,TC1,n_agents,100,group,2
162,81.0,0,0.0,TC1,n_agents,100,group,2
163,81.5,0,0.0,TC1,n_agents,100,group,2
164,82.0,0,0.0,TC1,n_agents,100,group,2
165,82.5,0,0.0,TC1,n_agents,100,group,2
166,83.0,0,0.0,TC1,n_agents,100,group,2
167,83.5,0,0.0,TC1,n_agents,100,group,2
168,84.0,0,0.0,TC1,n_agents,100,group,2
169,84.5,0,0.0,TC1,n_agents,100,group,2
170,85.0,0,0.0,TC1,n_agents,100,group,2
171,85.5,0,0.0,TC1,n_agents,100,group,2
172,86.0,0,0.0,TC1,n_agents,100,group,2
173,86.5,0,0.0,TC1,n_agents,100,group,2
174,87.0,0,0.0,TC1,n_agents,100,group,2
175,87.5,0,0.0,TC1,n_agents,100,group,2
176,88.0,0,0.0,TC1,n_agents,100,group,2
177,88.5,0,0.0,TC1,n_agents,100,group,2
178,89.0,0,0.0,TC1,n_agents,100,group,2
179,89.5,0,0.0,TC1,n_agents,100,group,2
180,90.0,0,0.0,TC1,n_agents,100,group,2
181,90.5,0,0.0,TC1,n_agents,100,group,2
182,91.0,0,0.0,TC1,n_agents,100,group,2
183,91.5,0,0.0,TC1,n_agents,100,group,2
184,92.0,0,0.0,TC1,n_agents,100,group,2
185,92.5,0,0.0,TC1,n_agents,100,group,2
186,93.0,0,0.0,TC1,n_agents,100,group,2
187,93.5,0,0.0,TC1,n_agents,100,group,2
188,94.0,0,0.0,TC1,n_agents,100,group,2
189,94.5,0,0.0,TC1,n_agents,100,group,2
190,95.0,0,0.0,TC1,n_agents,100,group,2
191,95.5,0,0.0,TC1,n_agents,100,group,2
192,96.0,0,0.0,TC1,n_agents,100,group,2
193,96.5,0,0.0,TC1,n_agents,100,group,2
194,97.0,0,0.0,TC1,n_agents,100,group,2
195,97.5,0,0.0,TC1,n_agents,100,group,2
196,98.0,0,0.0,TC1,n_agents,100,group,2
197,98.5,0,0.0,TC1,n_agents,100,group,2
198,99.0,0,0.0,TC1,n_agents,100,group,2
199,99.5,0,0.0,TC1,n_agents,100,group,2
200,100.0,0,0.0,TC1,n_agents,100,group,2
201,100.5,0,0.0,TC1,n_agents,100,group,2
202,101.0,0,0.0,TC1,n_agents,100,group,2
203,101.5,0,0.0,TC1,n_agents,100,group,2
204,102.0,0,0.0,TC1,n_agents,100,group,2
205,102.5,0,0.0,TC1,n_agents,100,group,2
206,103.0,0,0.0,TC1,n_agents,100,group,2
207,103.5,0,0.0,TC1,n_agents,100,group,2
208,104.0,0,0.0,TC1,n_agents,100,group,2
209,104.5,0,0.0,TC1,n_agents,100,group,2
210,105.0,0,0.0,TC1,n_agents,100,group,2
211,105.5,0,0.0,TC1,n_agents,100,group,2
212,106.0,0,0.0,TC1,n_agents,100,group,2
213,106.5,0,0.0,TC1,n_agents,100,group,2
214,107.0,0,0.0,TC1,n_agents,100,group,2
215,107.5,0,0.0,TC1,n_agents,100,group,2
216,108.0,0,0.0,TC1,n_agents,100,group,2
217,108.5,0,0.0,TC1,n_agents,100,group,2
218,109.0,0,0.0,TC1,n_agents,100,group,2
219,109.5,0,0.0,TC1,n_agents,100,group,2
220,110.0,0,0.0,TC1,n_agents,100,group,2
221,110.5,0,0.0,TC1,n_agents,100,group,2
222,111.0,0,0.0,TC1,n_agents,100,group,2
223,111.5,0,0.0,TC1,n_agents,100,group,2
224,112.0,0,0.0,TC1,n_agents,100,group,2
225,112.5,0,0.0,TC1,n_agents,100,group,2
226,113.0,0,0.0,TC1,n_agents,100,group,2
227,113.5,0,0.0,TC1,n_agents,100,group,2
228,114.0,0,0.0,TC1,n_agents,100,group,2
229,114.5,0,0.0,TC1,n_agents,100,group,2
230,115.0,0,0.0,TC1,n_agents,100,group,2
231,115.5,0,0.0,TC1,n_agents,100,group,2
232,116.0,0,0.0,TC1,n_agents,100,group,2
233,116.5,0,0.0,TC1,n_agents,100,group,2
234,117.0,0,0.0,TC1,n_agents,100,group,2
235,117.5,0,0.0,TC1,n_agents,100,group,2
236,118.0,0,0.0,TC1,n_agents,100,group,2
237,118.5,0,0.0,TC1,n_agents,100,group,2
238,119.0,0,0.0,TC1,n_agents,100,group,2
239,119.5,0,0.0,TC1,n_agents,100,group,2
240,120.0,0,0.0,TC1,n_agents,100,group,2
241,120.5,0,0.0,TC1,n_agents,100,group,2
242,121.0,0,0.0,TC1,n_agents,100,group,2
243,121.5,0,0.0,TC1,n_agents,100,group,2
244,122.0,0,0.0,TC1,n_agents,100,group,2
245,122.5,0,0.0,TC1,n_agents,100,group,2
246,123.0,0,0.0,TC1,n_agents,100,group,2
247,123.5,0,0.0,TC1,n_agents,100,group,2
248,124.0,0,0.0,TC1,n_agents,100,group,2
249,124.5,0,0.0,TC1,n_agents,100,group,2
250,125.0,0,0.0,TC1,n_agents,100,group,2
251,125.5,0,0.0,TC1,n_agents,100,group,2
252,126.0,0,0.0,TC1,n_agents,100,group,2
253,126.5,0,0.0,TC1,n_agents,100,group,2
254,127.0,0,0.0,TC1,n_agents,100,group,2
255,127.5,0,0.0,TC1,n_agents,100,group,2
256,128.0,0,0.0,TC1,n_agents,100,group,2
257,128.5,0,0.0,TC1,n_agents,100,group,2
258,129.0,0,0.0,TC1,n_agents,100,group,2
259,129.5,0,0.0,TC1,n_agents,100,group,2
260,130.0,0,0.0,TC1,n_agents,100,group,2
261,130.5,0,0.0,TC1,n_agents,100,group,2
262,131.0,0,0.0,TC1,n_agents,100,group,2
263,131.5,0,0.0,TC1,n_agents,100,group,2
264,132.0,0,0.0,TC1,n_agents,100,group,2
265,132.5,0,0.0,TC1,n_agents,100,group,2
266,133.0,0,0.0,TC1,n_agents,100,group,2
267,133.5,0,0.0,TC1,n_agents,100,group,2
268,134.0,0,0.0,TC1,n_agents,100,group,2
269,134.5,0,0.0,TC1,n_agents,100,group,2
270,135.0,0,0.0,TC1,n_agents,100,group,2
271,135.5,0,0.0,TC1,n_agents,100,group,2
272,136.0,0,0.0,TC1,n_agents,100,group,2
273,136.5,0,0.0,TC1,n_agents,100,group,2
274,137.0,0,0.0,TC1,n_agents,100,group,2
275,137.5,0,0.0,TC1,n_agents,100,group,2
276,138.0,0,0.0,TC1,n_agents,100,group,2
277,138.5,0,0.0,TC1,n_agents,100,group,2
278,139.0,0,0.0,TC1,n_agents,100,group,2
279,139.5,0,0.0,TC1,n_agents,100,group,2
280,140.0,0,0.0,TC1,n_agents,100,group,2
281,140.5,0,0.0,TC1,n_agents,100,group,2
282,141.0,0,0.0,TC1,n_agents,100,group,2
283,141.5,0,0.0,TC1,n_agents,100,group,2
284,142.0,0,0.0,TC1,n_agents,100,group,2
285,142.5,0,0.0,TC1,n_agents,100,group,2
286,143.0,0,0.0,TC1,n_agents,100,group,2
287,143.5,0,0.0,TC1,n_agents,100,group,2
288,144.0,0,0.0,TC1,n_agents,100,group,2
289,144.5,0,0.0,TC1,n_agents,100,group,2
290,145.0,0,0.0,TC1,n_agents,100,group,2
291,145.5,0,0.0,TC1,n_agents,100,group,2
292,146.0,0,0.0,TC1,n_agents,100,group,2
293,146.5,0,0.0,TC1,n_agents,100,group,2
294,147.0,0,0.0,TC1,n_agents,100,group,2
295,147.5,0,0.0,TC1,n_agents,100,group,2
296,148.0,0,0.0,TC1,n_agents,100,group,2
297,148.5,0,0.0,TC1,n_agents,100,group,2
298,149.0,0,0.0,TC1,n_agents,100,group,2
299,149.5,0,0.0,TC1,n_agents,100,group,2
300,150.0,0,0.0,TC1,n_agents,100,group,2
301,150.5,0,0.0,TC1,n_agents,100,group,2
302,151.0,0,0.0,TC1,n_agents,100,group,2
303,151.5,0,0.0,TC1,n_agents,100,group,2
304,152.0,0,0.0,TC1,n_agents,100,group,2
305,152.5,0,0.0,TC1,n_agents,100,group,2
306,153.0,0,0.0,TC1,n_agents,100,group,2
307,153.5,0,0.0,TC1,n_agents,100,group,2
308,154.0,0,0.0,TC1,n_agents,100,group,2
309,154.5,0,0.0,TC1,n_agents,100,group,2
310,155.0,0,0.0,TC1,n_agents,100,group,2
311,155.5,0,0.0,TC1,n_agents,100,group,2
312,156.0,0,0.0,TC1,n_agents,100,group,2
313,156.5,0,0.0,TC1,n_agents,100,group,2
314,157.0,0,0.0,TC1,n_agents,100,group,2
315,157.5,0,0.0,TC1,n_agents,100,group,2
316,158.0,0,0.0,TC1,n_agents,100,group,2
317,158.5,0,0.0,TC1,n_agents,100,group,2
318,159.0,0,0.0,TC1,n_agents,100,group,2
319,159.5,0,0.0,TC1,n_agents,100,group,2
320,160.0,0,0.0,TC1,n_agents,100,group,2
321,160.5,0,0.0,TC1,n_agents,100,group,2
322,161.0,0,0.0,TC1,n_agents,100,group,2
323,161.5,0,0.0,TC1,n_agents,100,group,2
324,162.0,0,0.0,TC1,n_agents,100,group,2
325,162.5,0,0.0,TC1,n_agents,100,group,2
326,163.0,0,0.0,TC1,n_agents,100,group,2
327,163.5,0,0.0,TC1,n_agents,100,group,2
328,164.0,0,0.0,TC1,n_agents,100,group,2
329,164.5,0,0.0,TC1,n_agents,100,group,2
330,165.0,0,0.0,TC1,n_agents,100,group,2
331,165.5,0,0.0,TC1,n_agents,100,group,2
332,166.0,0,0.0,TC1,n_agents,100,group,2
333,166.5,0,0.0,TC1,n_agents,100,group,2
334,167.0,0,0.0,TC1,n_agents,100,group,2
335,167.5,0,0.0,TC1,n_agents,100,group,2
336,168.0,0,0.0,TC1,n_agents,100,group,2
337,168.5,0,0.0,TC1,n_agents,100,group,2
338,169.0,0,0.0,TC1,n_agents,100,group,2
339,169.5,0,0.0,TC1,n_agents,100,group,2
340,170.0,0,0.0,TC1,n_agents,100,group,2
341,170.5,0,0.0,TC1,n_agents,100,group,2
342,171.0,0,0.0,TC1,n_agents,100,group,2
343,171.5,0,0.0,TC1,n_agents,100,group,2
344,172.0,0,0.0,TC1,n_agents,100,group,2
345,172.5,0,0.0,TC1,n_agents,100,group,2
346,173.0,0,0.0,TC1,n_agents,100,group,2
347,173.5,0,0.0,TC1,n_agents,100,group,2
348,174.0,0,0.0,TC1,n_agents,100,group,2
349,174.5,0,0.0,TC1,n_agents,100,group,2
350,175.0,0,0.0,TC1,n_agents,100,group,2
351,175.5,0,0.0,TC1,n_agents,100,group,2
352,176.0,0,0.0,TC1,n_agents,100,group,2
353,176.5,0,0.0,TC1,n_agents,100,group,2
354,177.0,0,0.0,TC1,n_agents,100,group,2
355,177.5,0,0.0,TC1,n_agents,100,group,2
356,178.0,0,0.0,TC1,n_agents,100,group,2
357,178.5,0,0.0,TC1,n_agents,100,group,2
358,179.0,0,0.0,TC1,n_agents,100,group,2
359,179.5,0,0.0,TC1,n_agents,100,group,2
360,180.0,0,0.0,TC1,n_agents,100,group,2
361,180.5,0,0.0,TC1,n_agents,100,group,2
362,181.0,0,0.0,TC1,n_agents,100,group,2
363,181.5,0,0.0,TC1,n_agents,100,group,2
364,182.0,0,0.0,TC1,n_agents,100,group,2
365,182.5,0,0.0,TC1,n_agents,100,group,2
366,183.0,0,0.0,TC1,n_agents,100,group,2
367,183.5,0,0.0,TC1,n_agents,100,group,2
368,184.0,0,0.0,TC1,n_agents,100,group,2
369,184.5,0,0.0,TC1,n_agents,100,group,2
370,185.0,0,0.0,TC1,n_agents,100,group,2
371,185.5,0,0.0,TC1,n_agents,100,group,2
372,186.0,0,0.0,TC1,n_agents,100,group,2
373,186.5,0,0.0,TC1,n_agents,100,group,2
374,187.0,0,0.0,TC1,n_agents,100,group,2
375,187.5,0,0.0,TC1,n_agents,100,group,2
376,188.0,0,0.0,TC1,n_agents,100,group,2
377,188.5,0,0.0,TC1,n_agents,100,group,2
378,189.0,0,0.0,TC1,n_agents,100,group,2
379,189.5,0,0.0,TC1,n_agents,100,group,2
380,190.0,0,0.0,TC1,n_agents,100,group,2
381,190.5,0,0.0,TC1,n_agents,100,group,2
382,191.0,0,0.0,TC1,n_agents,100,group,2
383,191.5,0,0.0,TC1,n_agents,100,group,2
384,192.0,0,0.0,TC1,n_agents,100,group,2
385,192.5,0,0.0,TC1,n_agents,100,group,2
386,193.0,0,0.0,TC1,n_agents,100,group,2
387,193.5,0,0.0,TC1,n_agents,100,group,2
388,194.0,0,0.0,TC1,n_agents,100,group,2
389,194.5,0,0.0,TC1,n_agents,100,group,2
390,195.0,0,0.0,TC1,n_agents,100,group,2
391,195.5,0,0.0,TC1,n_agents,100,group,2
392,196.0,0,0.0,TC1,n_agents,100,group,2
393,196.5,0,0.0,TC1,n_agents,100,group,2
394,197.0,0,0.0,TC1,n_agents,100,group,2
395,197.5,0,0.0,TC1,n_agents,100,group,2
396,198.0,0,0.0,TC1,n_agents,100,group,2
397,198.5,0,0.0,TC1,n_agents,100,group,2
398,199.0,0,0.0,TC1,n_agents,100,group,2
399,199.5,0,0.0,TC1,n_agents,100,group,2
400,200.0,0,0.0,TC1,n_agents,100,group,2
401,200.5,0,0.0,TC1,n_agents,100,group,2
402,201.0,0,0.0,TC1,n_agents,100,group,2
403,201.5,0,0.0,TC1,n_agents,100,group,2
404,202.0,0,0.0,TC1,n_agents,100,group,2
405,202.5,0,0.0,TC1,n_agents,100,group,2
406,203.0,0,0.0,TC1,n_agents,100,group,2
407,203.5,0,0.0,TC1,n_agents,100,group,2
408,204.0,0,0.0,TC1,n_agents,100,group,2
409,204.5,0,0.0,TC1,n_agents,100,group,2
410,205.0,0,0.0,TC1,n_agents,100,group,2
411,205.5,0,0.0,TC1,n_agents,100,group,2
412,206.0,0,0.0,TC1,n_agents,100,group,2
413,206.5,0,0.0,TC1,n_agents,100,group,2
414,207.0,0,0.0,TC1,n_agents,100,group,2
415,207.5,0,0.0,TC1,n_agents,100,group,2
416,208.0,0,0.0,TC1,n_agents,100,group,2
417,208.5,0,0.0,TC1,n_agents,100,group,2
418,209.0,0,0.0,TC1,n_agents,100,group,2
419,209.5,0,0.0,TC1,n_agents,100,group,2
420,210.0,0,0.0,TC1,n_agents,100,group,2
421,210.5,0,0.0,TC1,n_agents,100,group,2
422,211.0,0,0.0,TC1,n_agents,100,group,2
423,211.5,0,0.0,TC1,n_agents,100,group,2
424,212.0,0,0.0,TC1,n_agents,100,group,2
425,212.5,0,0.0,TC1,n_agents,100,group,2
426,213.0,0,0.0,TC1,n_agents,100,group,2
427,213.5,0,0.0,TC1,n_agents,100,group,2
428,214.0,0,0.0,TC1,n_agents,100,group,2
429,214.5,0,0.0,TC1,n_agents,100,group,2
430,215.0,0,0.0,TC1,n_agents,100,group,2
431,215.5,0,0.0,TC1,n_agents,100,group,2
432,216.0,0,0.0,TC1,n_agents,100,group,2
433,216.5,0,0.0,TC1,n_agents,100,group,2
434,217.0,0,0.0,TC1,n_agents,100,group,2
435,217.5,0,0.0,TC1,n_agents,100,group,2
436,218.0,0,0.0,TC1,n_agents,100,group,2
437,218.5,0,0.0,TC1,n_agents,100,group,2
438,219.0,0,0.0,TC1,n_agents,100,group,2
439,219.5,0,0.0,TC1,n_agents,100,group,2
440,220.0,0,0.0,TC1,n_agents,100,group,2
441,220.5,0,0.0,TC1,n_agents,100,group,2
442,221.0,0,0.0,TC1,n_agents,100,group,2
443,221.5,0,0.0,TC1,n_agents,100,group,2
444,222.0,0,0.0,TC1,n_agents,100,group,2
445,222.5,0,0.0,TC1,n_agents,100,group,2
446,223.0,0,0.0,TC1,n_agents,100,group,2
447,223.5,0,0.0,TC1,n_agents,100,group,2
448,224.0,0,0.0,TC1,n_agents,100,group,2
449,224.5,0,0.0,TC1,n_agents,100,group,2
450,225.0,0,0.0,TC1,n_agents,100,group,2
451,225.5,0,0.0,TC1,n_agents,100,group,2
452,226.0,0,0.0,TC1,n_agents,100,group,2
453,226.5,0,0.0,TC1,n_agents,100,group,2
454,227.0,0,0.0,TC1,n_agents,100,group,2
455,227.5,0,0.0,TC1,n_agents,100,group,2
456,228.0,0,0.0,TC1,n_agents,100,group,2
457,228.5,0,0.0,TC1,n_agents,100,group,2
458,229.0,0,0.0,TC1,n_agents,100,group,2
459,229.5,0,0.0,TC1,n_agents,100,group,2
460,230.0,0,0.0,TC1,n_agents,100,group,2
461,230.5,0,0.0,TC1,n_agents,100,group,2
462,231.0,0,0.0,TC1,n_agents,100,group,2
463,231.5,0,0.0,TC1,n_agents,100,group,2
464,232.0,0,0.0,TC1,n_agents,100,group,2
465,232.5,0,0.0,TC1,n_agents,100,group,2
466,233.0,0,0.0,TC1,n_agents,100,group,2
467,233.5,0,0.0,TC1,n_agents,100,group,2
468,234.0,0,0.0,TC1,n_agents,100,group,2
469,234.5,0,0.0,TC1,n_agents,100,group,2
470,235.0,0,0.0,TC1,n_agents,100,group,2
471,235.5,0,0.0,TC1,n_agents,100,group,2
472,236.0,0,0.0,TC1,n_agents,100,group,2
473,236.5,0,0.0,TC1,n_agents,100,group,2
474,237.0,0,0.0,TC1,n_agents,100,group,2
475,237.5,0,0.0,TC1,n_agents,100,group,2
476,238.0,0,0.0,TC1,n_agents,100,group,2
477,238.5,0,0.0,TC1,n_agents,100,group,2
478,239.0,0,0.0,TC1,n_agents,100,group,2
479,239.5,0,0.0,TC1,n_agents,100,group,2
480,240.0,0,0.0,TC1,n_agents,100,group,2
481,240.5,0,0.0,TC1,n_agents,100,group,2
482,241.0,0,0.0,TC1,n_agents,100,group,2
483,241.5,0,0.0,TC1,n_agents,100,group,2
484,242.0,0,0.0,TC1,n_agents,100,group,2
485,242.5,0,0.0,TC1,n_agents,100,group,2
486,243.0,0,0.0,TC1,n_agents,100,group,2
487,243.5,0,0.0,TC1,n_agents,100,group,2
488,244.0,0,0.0,TC1,n_agents,100,group,2
489,244.5,0,0.0,TC1,n_agents,100,group,2
490,245.0,0,0.0,TC1,n_agents,100,group,2
491,245.5,0,0.0,TC1,n_agents,100,group,2
492,246.0,0,0.0,TC1,n_agents,100,group,2
493,246.5,0,0.0,TC1,n_agents,100,group,2
494,247.0,0,0.0,TC1,n_agents,100,group,2
495,247.5,0,0.0,TC1,n_agents,100,group,2
496,248.0,0,0.0,TC1,n_agents,100,group,2
497,248.5,0,0.0,TC1,n_agents,100,group,2
498,249.0,0,0.0,TC1,n_agents,100,group,2
499,249.5,0,0.0,TC1,n_agents,100,group,2
500,250.0,0,0.0,TC1,n_agents,100,group,2
501,250.5,0,0.0,TC1,n_agents,100,group,2
502,251.0,0,0.0,TC1,n_agents,100,group,2
503,251.5,0,0.0,TC1,n_agents,100,group,2
504,252.0,0,0.0,TC1,n_agents,100,group,2
505,252.5,0,0.0,TC1,n_agents,100,group,2
506,253.0,0,0.0,TC1,n_agents,100,group,2
507,253.5,0,0.0,TC1,n_agents,100,group,2
508,254.0,0,0.0,TC1,n_agents,100,group,2
509,254.5,0,0.0,TC1,n_agents,100,group,2
510,255.0,0,0.0,TC1,n_agents,100,group,2
511,255.5,0,0.0,TC1,n_agents,100,group,2
512,256.0,0,0.0,TC1,n_agents,100,group,2
513,256.5,0,0.0,TC1,n_agents,100,group,2
514,257.0,0,0.0,TC1,n_agents,100,group,2
515,257.5,0,0.0,TC1,n_agents,100,group,2
516,258.0,0,0.0,TC1,n_agents,100,group,2
517,258.5,0,0.0,TC1,n_agents,100,group,2
518,259.0,0,0.0,TC1,n_agents,100,group,2
519,259.5,0,0.0,TC1,n_agents,100,group,2
520,260.0,0,0.0,TC1,n_agents,100,group,2
521,260.5,0,0.0,TC1,n_agents,100,group,2
522,261.0,0,0.0,TC1,n_agents,100,group,2
523,261.5,0,0.0,TC1,n_agents,100,group,2
524,262.0,0,0.0,TC1,n_agents,100,group,2
525,262.5,0,0.0,TC1,n_agents,100,group,2
526,263.0,0,0.0,TC1,n_agents,100,group,2
527,263.5,0,0.0,TC1,n_agents,100,group,2
528,264.0,0,0.0,TC1,n_agents,100,group,2
529,264.5,0,0.0,TC1,n_agents,100,group,2
530,265.0,0,0.0,TC1,n_agents,100,group,2
531,265.5,0,0.0,TC1,n_agents,100,group,2
532,266.0,0,0.0,TC1,n_agents,100,group,2
533,266.5,0,0.0,TC1,n_agents,100,group,2
534,267.0,0,0.0,TC1,n_agents,100,group,2
535,267.5,0,0.0,TC1,n_agents,100,group,2
536,268.0,0,0.0,TC1,n_agents,100,group,2
537,268.5,0,0.0,TC1,n_agents,100,group,2
538,269.0,0,0.0,TC1,n_agents,100,group,2
539,269.5,0,0.0,TC1,n_agents,100,group,2
540,270.0,0,0.0,TC1,n_agents,100,group,2
541,270.5,0,0.0,TC1,n_agents,100,group,2
542,271.0,0,0.0,TC1,n_agents,100,group,2
543,271.5,0,0.0,TC1,n_agents,100,group,2
544,272.0,0,0.0,TC1,n_agents,100,group,2
545,272.5,0,0.0,TC1,n_agents,100,group,2
546,273.0,0,0.0,TC1,n_agents,100,group,2
547,273.5,0,0.0,TC1,n_agents,100,group,2
548,274.0,0,0.0,TC1,n_agents,100,group,2
549,274.5,0,0.0,TC1,n_agents,100,group,2
550,275.0,0,0.0,TC1,n_agents,100,group,2
551,275.5,0,0.0,TC1,n_agents,100,group,2
552,276.0,0,0.0,TC1,n_agents,100,group,2
553,276.5,0,0.0,TC1,n_agents,100,group,2
554,277.0,0,0.0,TC1,n_agents,100,group,2
555,277.5,0,0.0,TC1,n_agents,100,group,2
556,278.0,0,0.0,TC1,n_agents,100,group,2
557,278.5,0,0.0,TC1,n_agents,100,group,2
558,279.0,0,0.0,TC1,n_agents,100,group,2
559,279.5,0,0.0,TC1,n_agents,100,group,2
560,280.0,0,0.0,TC1,n_agents,100,group,2
561,280.5,0,0.0,TC1,n_agents,100,group,2
562,281.0,0,0.0,TC1,n_agents,100,group,2
563,281.5,0,0.0,TC1,n_agents,100,group,2
564,282.0,0,0.0,TC1,n_agents,100,group,2
565,282.5,0,0.0,TC1,n_agents,100,group,2
566,283.0,0,0.0,TC1,n_agents,100,group,2
567,283.5,0,0.0,TC1,n_agents,100,group,2
568,284.0,0,0.0,TC1,n_agents,100,group,2
569,284.5,0,0.0,TC1,n_agents,100,group,2
570,285.0,0,0.0,TC1,n_agents,100,group,2
571,285.5,0,0.0,TC1,n_agents,100,group,2
572,286.0,0,0.0,TC1,n_agents,100,group,2
573,286.5,0,0.0,TC1,n_agents,100,group,2
574,287.0,0,0.0,TC1,n_agents,100,group,2
575,287.5,0,0.0,TC1,n_agents,100,group,2
576,288.0,0,0.0,TC1,n_agents,100,group,2
577,288.5,0,0.0,TC1,n_agents,100,group,2
578,289.0,0,0.0,TC1,n_agents,100,group,2
579,289.5,0,0.0,TC1,n_agents,100,group,2
580,290.0,0,0.0,TC1,n_agents,100,group,2
581,290.5,0,0.0,TC1,n_agents,100,group,2
582,291.0,0,0.0,TC1,n_agents,100,group,2
583,291.5,0,0.0,TC1,n_agents,100,group,2
584,292.0,0,0.0,TC1,n_agents,100,group,2
585,292.5,0,0.0,TC1,n_agents,100,group,2
586,293.0,0,0.0,TC1,n_agents,100,group,2
587,293.5,0,0.0,TC1,n_agents,100,group,2
588,294.0,0,0.0,TC1,n_agents,100,group,2
589,294.5,0,0.0,TC1,n_agents,100,group,2
590,295.0,0,0.0,TC1,n_agents,100,group,2
591,295.5,0,0.0,TC1,n_agents,100,group,2
592,296.0,0,0.0,TC1,n_agents,100,group,2
593,296.5,0,0.0,TC1,n_agents,100,group,2
594,297.0,0,0.0,TC1,n_agents,100,group,2
595,297.5,0,0.0,TC1,n_agents,100,group,2
596,298.0,0,0.0,TC1,n_agents,100,group,2
597,298.5,0,0.0,TC1,n_agents,100,group,2
598,299.0,0,0.0,TC1,n_agents,100,group,2
599,299.5,0,0.0,TC1,n_agents,100,group,2
600,300.0,0,0.0,TC1,n_agents,100,group,2
601,300.5,0,0.0,TC1,n_agents,100,group,2
602,301.0,0,0.0,TC1,n_agents,100,group,2
603,301.5,0,0.0,TC1,n_agents,100,group,2
604,302.0,0,0.0,TC1,n_agents,100,group,2
605,302.5,0,0.0,TC1,n_agents,100,group,2
606,303.0,0,0.0,TC1,n_agents,100,group,2
607,303.5,0,0.0,TC1,n_agents,100,group,2
608,304.0,0,0.0,TC1,n_agents,100,group,2
609,304.5,0,0.0,TC1,n_agents,100,group,2
610,305.0,0,0.0,TC1,n_agents,100,group,2
611,305.5,0,0.0,TC1,n_agents,100,group,2
612,306.0,0,0.0,TC1,n_agents,100,group,2
613,306.5,0,0.0,TC1,n_agents,100,group,2
614,307.0,0,0.0,TC1,n_agents,100,group,2
615,307.5,0,0.0,TC1,n_agents,100,group,2
616,308.0,0,0.0,TC1,n_agents,100,group,2
617,308.5,0,0.0,TC1,n_agents,100,group,2
618,309.0,0,0.0,TC1,n_agents,100,group,2
619,309.5,0,0.0,TC1,n_agents,100,group,2
620,310.0,0,0.0,TC1,n_agents,100,group,2
621,310.5,0,0.0,TC1,n_agents,100,group,2
622,311.0,0,0.0,TC1,n_agents,100,group,2
623,311.5,0,0.0,TC1,n_agents,100,group,2
624,312.0,0,0.0,TC1,n_agents,100,group,2
625,312.5,0,0.0,TC1,n_agents,100,group,2
626,313.0,0,0.0,TC1,n_agents,100,group,2
627,313.5,0,0.0,TC1,n_agents,100,group,2
628,314.0,0,0.0,TC1,n_agents,100,group,2
629,314.5,0,0.0,TC1,n_agents,100,group,2
630,315.0,0,0.0,TC1,n_agents,100,group,2
631,315.5,0,0.0,TC1,n_agents,100,group,2
632,316.0,0,0.0,TC1,n_agents,100,group,2
633,316.5,0,0.0,TC1,n_agents,100,group,2
634,317.0,0,0.0,TC1,n_agents,100,group,2
635,317.5,0,0.0,TC1,n_agents,100,group,2
636,318.0,0,0.0,TC1,n_agents,100,group,2
637,318.5,0,0.0,TC1,n_agents,100,group,2
638,319.0,0,0.0,TC1,n_agents,100,group,2
639,319.5,0,0.0,TC1,n_agents,100,group,2
640,320.0,0,0.0,TC1,n_agents,100,group,2
641,320.5,0,0.0,TC1,n_agents,100,group,2
642,321.0,0,0.0,TC1,n_agents,100,group,2
643,321.5,0,0.0,TC1,n_agents,100,group,2
644,322.0,0,0.0,TC1,n_agents,100,group,2
645,322.5,0,0.0,TC1,n_agents,100,group,2
646,323.0,0,0.0,TC1,n_agents,100,group,2
647,323.5,0,0.0,TC1,n_agents,100,group,2
648,324.0,0,0.0,TC1,n_agents,100,group,2
649,324.5,0,0.0,TC1,n_agents,100,group,2
650,325.0,0,0.0,TC1,n_agents,100,group,2
651,325.5,0,0.0,TC1,n_agents,100,group,2
652,326.0,0,0.0,TC1,n_agents,100,group,2
653,326.5,0,0.0,TC1,n_agents,100,group,2
654,327.0,0,0.0,TC1,n_agents,100,group,2
655,327.5,0,0.0,TC1,n_agents,100,group,2
656,328.0,0,0.0,TC1,n_agents,100,group,2
657,328.5,0,0.0,TC1,n_agents,100,group,2
658,329.0,0,0.0,TC1,n_agents,100,group,2
659,329.5,0,0.0,TC1,n_agents,100,group,2
660,330.0,0,0.0,TC1,n_agents,100,group,2
661,330.5,0,0.0,TC1,n_agents,100,group,2
662,331.0,0,0.0,TC1,n_agents,100,group,2
663,331.5,0,0.0,TC1,n_agents,100,group,2
664,332.0,0,0.0,TC1,n_agents,100,group,2
665,332.5,0,0.0,TC1,n_agents,100,group,2
666,333.0,0,0.0,TC1,n_agents,100,group,2
667,333.5,0,0.0,TC1,n_agents,100,group,2
668,334.0,0,0.0,TC1,n_agents,100,group,2
669,334.5,0,0.0,TC1,n_agents,100,group,2
670,335.0,0,0.0,TC1,n_agents,100,group,2
671,335.5,0,0.0,TC1,n_agents,100,group,2
672,336.0,0,0.0,TC1,n_agents,100,group,2
673,336.5,0,0.0,TC1,n_agents,100,group,2
674,337.0,0,0.0,TC1,n_agents,100,group,2
675,337.5,0,0.0,TC1,n_agents,100,group,2
676,338.0,0,0.0,TC1,n_agents,100,group,2
677,338.5,0,0.0,TC1,n_agents,100,group,2
678,339.0,0,0.0,TC1,n_agents,100,group,2
679,339.5,0,0.0,TC1,n_agents,100,group,2
680,340.0,0,0.0,TC1,n_agents,100,group,2
681,340.5,0,0.0,TC1,n_agents,100,group,2
682,341.0,0,0.0,TC1,n_agents,100,group,2
683,341.5,0,0.0,TC1,n_agents,100,group,2
684,342.0,0,0.0,TC1,n_agents,100,group,2
685,342.5,0,0.0,TC1,n_agents,100,group,2
686,343.0,0,0.0,TC1,n_agents,100,group,2
687,343.5,0,0.0,TC1,n_agents,100,group,2
688,344.0,0,0.0,TC1,n_agents,100,group,2
689,344.5,0,0.0,TC1,n_agents,100,group,2
690,345.0,0,0.0,TC1,n_agents,100,group,2
691,345.5,0,0.0,TC1,n_agents,100,group,2
692,346.0,0,0.0,TC1,n_agents,100,group,2
693,346.5,0,0.0,TC1,n_agents,100,group,2
694,347.0,0,0.0,TC1,n_agents,100,group,2
695,347.5,0,0.0,TC1,n_agents,100,group,2
696,348.0,0,0.0,TC1,n_agents,100,group,2
697,348.5,0,0.0,TC1,n_agents,100,group,2
698,349.0,0,0.0,TC1,n_agents,100,group,2
699,349.5,0,0.0,TC1,n_agents,100,group,2
700,350.0,0,0.0,TC1,n_agents,100,group,2
701,350.5,0,0.0,TC1,n_agents,100,group,2
702,351.0,0,0.0,TC1,n_agents,100,group,2
703,351.5,0,0.0,TC1,n_agents,100,group,2
704,352.0,0,0.0,TC1,n_agents,100,group,2
705,352.5,0,0.0,TC1,n_agents,100,group,2
706,353.0,0,0.0,TC1,n_agents,100,group,2
707,353.5,0,0.0,TC1,n_agents,100,group,2
708,354.0,0,0.0,TC1,n_agents,100,group,2
709,354.5,0,0.0,TC1,n_agents,100,group,2
710,355.0,0,0.0,TC1,n_agents,100,group,2
711,355.5,0,0.0,TC1,n_agents,100,group,2
712,356.0,0,0.0,TC1,n_agents,100,group,2
713,356.5,0,0.0,TC1,n_agents,100,group,2
714,357.0,0,0.0,TC1,n_agents,100,group,2
715,357.5,0,0.0,TC1,n_agents,100,group,2
716,358.0,0,0.0,TC1,n_agents,100,group,2
717,358.5,0,0.0,TC1,n_agents,100,group,2
718,359.0,0,0.0,TC1,n_agents,100,group,2
719,359.5,0,0.0,TC1,n_agents,100,group,2
720,360.0,0,0.0,TC1,n_agents,100,group,2
721,360.5,0,0.0,TC1,n_agents,100,group,2
722,361.0,0,0.0,TC1,n_agents,100,group,2
723,361.5,0,0.0,TC1,n_agents,100,group,2
724,362.0,0,0.0,TC1,n_agents,100,group,2
725,362.5,0,0.0,TC1,n_agents,100,group,2
726,363.0,0,0.0,TC1,n_agents,100,group,2
727,363.5,0,0.0,TC1,n_agents,100,group,2
728,364.0,0,0.0,TC1,n_agents,100,group,2
729,364.5,0,0.0,TC1,n_agents,100,group,2
730,365.0,0,0.0,TC1,n_agents,100,group,2
731,365.5,0,0.0,TC1,n_agents,100,group,2
732,366.0,0,0.0,TC1,n_agents,100,group,2
733,366.5,0,0.0,TC1,n_agents,100,group,2
734,367.0,0,0.0,TC1,n_agents,100,group,2
735,367.5,0,0.0,TC1,n_agents,100,group,2
736,368.0,0,0.0,TC1,n_agents,100,group,2
737,368.5,0,0.0,TC1,n_agents,100,group,2
738,369.0,0,0.0,TC1,n_agents,100,group,2
739,369.5,0,0.0,TC1,n_agents,100,group,2
740,370.0,0,0.0,TC1,n_agents,100,group,2
741,370.5,0,0.0,TC1,n_agents,100,group,2
742,371.0,0,0.0,TC1,n_agents,100,group,2
743,371.5,0,0.0,TC1,n_agents,100,group,2
744,372.0,0,0.0,TC1,n_agents,100,group,2
745,372.5,0,0.0,TC1,n_agents,100,group,2
746,373.0,0,0.0,TC1,n_agents,100,group,2
747,373.5,0,0.0,TC1,n_agents,100,group,2
748,374.0,0,0.0,TC1,n_agents,100,group,2
749,374.5,0,0.0,TC1,n_agents,100,group,2
750,375.0,0,0.0,TC1,n_agents,100,group,2
751,375.5,0,0.0,TC1,n_agents,100,group,2
752,376.0,0,0.0,TC1,n_agents,100,group,2
753,376.5,0,0.0,TC1,n_agents,100,group,2
754,377.0,0,0.0,TC1,n_agents,100,group,2
755,377.5,0,0.0,TC1,n_agents,100,group,2
756,378.0,0,0.0,TC1,n_agents,100,group,2
757,378.5,0,0.0,TC1,n_agents,100,group,2
758,379.0,0,0.0,TC1,n_agents,100,group,2
759,379.5,0,0.0,TC1,n_agents,100,group,2
760,380.0,0,0.0,TC1,n_agents,100,group,2
761,380.5,0,0.0,TC1,n_agents,100,group,2
762,381.0,0,0.0,TC1,n_agents,100,group,2
763,381.5,0,0.0,TC1,n_agents,100,group,2
764,382.0,0,0.0,TC1,n_agents,100,group,2
765,382.5,0,0.0,TC1,n_agents,100,group,2
766,383.0,0,0.0,TC1,n_agents,100,group,2
767,383.5,0,0.0,TC1,n_agents,100,group,2
768,384.0,0,0.0,TC1,n_agents,100,group,2
769,384.5,0,0.0,TC1,n_agents,100,group,2
770,385.0,0,0.0,TC1,n_agents,100,group,2
771,385.5,0,0.0,TC1,n_agents,100,group,2
772,386.0,0,0.0,TC1,n_agents,100,group,2
773,386.5,0,0.0,TC1,n_agents,100,group,2
774,387.0,0,0.0,TC1,n_agents,100,group,2
775,387.5,0,0.0,TC1,n_agents,100,group,2
776,388.0,0,0.0,TC1,n_agents,100,group,2
777,388.5,0,0.0,TC1,n_agents,100,group,2
778,389.0,0,0.0,TC1,n_agents,100,group,2
779,389.5,0,0.0,TC1,n_agents,100,group,2
780,390.0,0,0.0,TC1,n_agents,100,group,2
781,390.5,0,0.0,TC1,n_agents,100,group,2
782,391.0,0,0.0,TC1,n_agents,100,group,2
783,391.5,0,0.0,TC1,n_agents,100,group,2
784,392.0,0,0.0,TC1,n_agents,100,group,2
785,392.5,0,0.0,TC1,n_agents,100,group,2
786,393.0,0,0.0,TC1,n_agents,100,group,2
787,393.5,0,0.0,TC1,n_agents,100,group,2
788,394.0,0,0.0,TC1,n_agents,100,group,2
789,394.5,0,0.0,TC1,n_agents,100,group,2
790,395.0,0,0.0,TC1,n_agents,100,group,2
791,395.5,0,0.0,TC1,n_agents,100,group,2
792,396.0,0,0.0,TC1,n_agents,100,group,2
793,396.5,0,0.0,TC1,n_agents,100,group,2
794,397.0,0,0.0,TC1,n_agents,100,group,2
795,397.5,0,0.0,TC1,n_agents,100,group,2
796,398.0,0,0.0,TC1,n_agents,100,group,2
797,398.5,0,0.0,TC1,n_agents,100,group,2
798,399.0,0,0.0,TC1,n_agents,100,group,2
799,399.5,0,0.0,TC1,n_agents,100,group,2
800,400.0,0,0.0,TC1,n_agents,100,group,2
0,0.0,0,0.0,TC1,n_agents,100,group,3
1,0.5,0,0.0,TC1,n_agents,100,group,3
2,1.0,0,0.0,TC1,n_agents,100,group,3
3,1.5,0,0.0,TC1,n_agents,100,group,3
4,2.0,0,0.0,TC1,n_agents,100,group,3
5,2.5,0,0.0,TC1,n_agents,100,group,3
6,3.0,0,0.0,TC1,n_agents,100,group,3
7,3.5,0,0.0,TC1,n_agents,100,group,3
8,4.0,0,0.0,TC1,n_agents,100,group,3
9,4.5,0,0.0,TC1,n_agents,100,group,3
10,5.0,0,0.0,TC1,n_agents,100,group,3
11,5.5,0,0.0,TC1,n_agents,100,group,3
12,6.0,0,0.0,TC1,n_agents,100,group,3
13,6.5,0,0.0,TC1,n_agents,100,group,3
14,7.0,0,0.0,TC1,n_agents,100,group,3
15,7.5,0,0.0,TC1,n_agents,100,group,3
16,8.0,0,0.0,TC1,n_agents,100,group,3
17,8.5,0,0.0,TC1,n_agents,100,group,3
18,9.0,0,0.0,TC1,n_agents,100,group,3
19,9.5,0,0.0,TC1,n_agents,100,group,3
20,10.0,0,0.0,TC1,n_agents,100,group,3
21,10.5,0,0.0,TC1,n_agents,100,group,3
22,11.0,0,0.0,TC1,n_agents,100,group,3
23,11.5,0,0.0,TC1,n_agents,100,group,3
24,12.0,0,0.0,TC1,n_agents,100,group,3
25,12.5,0,0.0,TC1,n_agents,100,group,3
26,13.0,0,0.0,TC1,n_agents,100,group,3
27,13.5,0,0.0,TC1,n_agents,100,group,3
28,14.0,0,0.0,TC1,n_agents,100,group,3
29,14.5,0,0.0,TC1,n_agents,100,group,3
30,15.0,0,0.0,TC1,n_agents,100,group,3
31,15.5,0,0.0,TC1,n_agents,100,group,3
32,16.0,0,0.0,TC1,n_agents,100,group,3
33,16.5,0,0.0,TC1,n_agents,100,group,3
34,17.0,0,0.0,TC1,n_agents,100,group,3
35,17.5,0,0.0,TC1,n_agents,100,group,3
36,18.0,0,0.0,TC1,n_agents,100,group,3
37,18.5,0,0.0,TC1,n_agents,100,group,3
38,19.0,0,0.0,TC1,n_agents,100,group,3
39,19.5,0,0.0,TC1,n_agents,100,group,3
40,20.0,0,0.0,TC1,n_agents,100,group,3
41,20.5,0,0.0,TC1,n_agents,100,group,3
42,21.0,0,0.0,TC1,n_agents,100,group,3
43,21.5,0,0.0,TC1,n_agents,100,group,3
44,22.0,0,0.0,TC1,n_agents,100,group,3
45,22.5,0,0.0,TC1,n_agents,100,group,3
46,23.0,0,0.0,TC1,n_agents,100,group,3
47,23.5,0,0.0,TC1,n_agents,100,group,3
48,24.0,0,0.0,TC1,n_agents,100,group,3
49,24.5,0,0.0,TC1,n_agents,100,group,3
50,25.0,0,0.0,TC1,n_agents,100,group,3
51,25.5,0,0.0,TC1,n_agents,100,group,3
52,26.0,0,0.0,TC1,n_agents,100,group,3
53,26.5,0,0.0,TC1,n_agents,100,group,3
54,27.0,0,0.0,TC1,n_agents,100,group,3
55,27.5,0,0.0,TC1,n_agents,100,group,3
56,28.0,0,0.0,TC1,n_agents,100,group,3
57,28.5,0,0.0,TC1,n_agents,100,group,3
58,29.0,0,0.0,TC1,n_agents,100,group,3
59,29.5,0,0.0,TC1,n_agents,100,group,3
60,30.0,0,0.0,TC1,n_agents,100,group,3
61,30.5,0,0.0,TC1,n_agents,100,group,3
62,31.0,0,0.0,TC1,n_agents,100,group,3
63,31.5,0,0.0,TC1,n_agents,100,group,3
64,32.0,0,0.0,TC1,n_agents,100,group,3
65,32.5,0,0.0,TC1,n_agents,100,group,3
66,33.0,0,0.0,TC1,n_agents,100,group,3
67,33.5,0,0.0,TC1,n_agents,100,group,3
68,34.0,0,0.0,TC1,n_agents,100,group,3
69,34.5,0,0.0,TC1,n_agents,100,group,3
70,35.0,0,0.0,TC1,n_agents,100,group,3
71,35.5,0,0.0,TC1,n_agents,100,group,3
72,36.0,0,0.0,TC1,n_agents,100,group,3
73,36.5,0,0.0,TC1,n_agents,100,group,3
74,37.0,0,0.0,TC1,n_agents,100,group,3
75,37.5,0,0.0,TC1,n_agents,100,group,3
76,38.0,0,0.0,TC1,n_agents,100,group,3
77,38.5,0,0.0,TC1,n_agents,100,group,3
78,39.0,0,0.0,TC1,n_agents,100,group,3
79,39.5,0,0.0,TC1,n_agents,100,group,3
80,40.0,0,0.0,TC1,n_agents,100,group,3
81,40.5,0,0.0,TC1,n_agents,100,group,3
82,41.0,0,0.0,TC1,n_agents,100,group,3
83,41.5,0,0.0,TC1,n_agents,100,group,3
84,42.0,0,0.0,TC1,n_agents,100,group,3
85,42.5,0,0.0,TC1,n_agents,100,group,3
86,43.0,0,0.0,TC1,n_agents,100,group,3
87,43.5,0,0.0,TC1,n_agents,100,group,3
88,44.0,0,0.0,TC1,n_agents,100,group,3
89,44.5,0,0.0,TC1,n_agents,100,group,3
90,45.0,0,0.0,TC1,n_agents,100,group,3
91,45.5,0,0.0,TC1,n_agents,100,group,3
92,46.0,0,0.0,TC1,n_agents,100,group,3
93,46.5,0,0.0,TC1,n_agents,100,group,3
94,47.0,0,0.0,TC1,n_agents,100,group,3
95,47.5,0,0.0,TC1,n_agents,100,group,3
96,48.0,0,0.0,TC1,n_agents,100,group,3
97,48.5,0,0.0,TC1,n_agents,100,group,3
98,49.0,0,0.0,TC1,n_agents,100,group,3
99,49.5,0,0.0,TC1,n_agents,100,group,3
100,50.0,0,0.0,TC1,n_agents,100,group,3
101,50.5,0,0.0,TC1,n_agents,100,group,3
102,51.0,0,0.0,TC1,n_agents,100,group,3
103,51.5,0,0.0,TC1,n_agents,100,group,3
104,52.0,0,0.0,TC1,n_agents,100,group,3
105,52.5,0,0.0,TC1,n_agents,100,group,3
106,53.0,0,0.0,TC1,n_agents,100,group,3
107,53.5,0,0.0,TC1,n_agents,100,group,3
108,54.0,0,0.0,TC1,n_agents,100,group,3
109,54.5,0,0.0,TC1,n_agents,100,group,3
110,55.0,0,0.0,TC1,n_agents,100,group,3
111,55.5,0,0.0,TC1,n_agents,100,group,3
112,56.0,0,0.0,TC1,n_agents,100,group,3
113,56.5,0,0.0,TC1,n_agents,100,group,3
114,57.0,0,0.0,TC1,n_agents,100,group,3
115,57.5,0,0.0,TC1,n_agents,100,group,3
116,58.0,0,0.0,TC1,n_agents,100,group,3
117,58.5,0,0.0,TC1,n_agents,100,group,3
118,59.0,0,0.0,TC1,n_agents,100,group,3
119,59.5,0,0.0,TC1,n_agents,100,group,3
120,60.0,0,0.0,TC1,n_agents,100,group,3
121,60.5,0,0.0,TC1,n_agents,100,group,3
122,61.0,0,0.0,TC1,n_agents,100,group,3
123,61.5,0,0.0,TC1,n_agents,100,group,3
124,62.0,0,0.0,TC1,n_agents,100,group,3
125,62.5,0,0.0,TC1,n_agents,100,group,3
126,63.0,0,0.0,TC1,n_agents,100,group,3
127,63.5,0,0.0,TC1,n_agents,100,group,3
128,64.0,0,0.0,TC1,n_agents,100,group,3
129,64.5,0,0.0,TC1,n_agents,100,group,3
130,65.0,0,0.0,TC1,n_agents,100,group,3
131,65.5,0,0.0,TC1,n_agents,100,group,3
132,66.0,0,0.0,TC1,n_agents,100,group,3
133,66.5,0,0.0,TC1,n_agents,100,group,3
134,67.0,0,0.0,TC1,n_agents,100,group,3
135,67.5,0,0.0,TC1,n_agents,100,group,3
136,68.0,0,0.0,TC1,n_agents,100,group,3
137,68.5,0,0.0,TC1,n_agents,100,group,3
138,69.0,0,0.0,TC1,n_agents,100,group,3
139,69.5,0,0.0,TC1,n_agents,100,group,3
140,70.0,0,0.0,TC1,n_agents,100,group,3
141,70.5,0,0.0,TC1,n_agents,100,group,3
142,71.0,0,0.0,TC1,n_agents,100,group,3
143,71.5,0,0.0,TC1,n_agents,100,group,3
144,72.0,0,0.0,TC1,n_agents,100,group,3
145,72.5,0,0.0,TC1,n_agents,100,group,3
146,73.0,0,0.0,TC1,n_agents,100,group,3
147,73.5,0,0.0,TC1,n_agents,100,group,3
148,74.0,0,0.0,TC1,n_agents,100,group,3
149,74.5,0,0.0,TC1,n_agents,100,group,3
150,75.0,0,0.0,TC1,n_agents,100,group,3
151,75.5,0,0.0,TC1,n_agents,100,group,3
152,76.0,0,0.0,TC1,n_agents,100,group,3
153,76.5,0,0.0,TC1,n_agents,100,group,3
154,77.0,0,0.0,TC1,n_agents,100,group,3
155,77.5,0,0.0,TC1,n_agents,100,group,3
156,78.0,0,0.0,TC1,n_agents,100,group,3
157,78.5,0,0.0,TC1,n_agents,100,group,3
158,79.0,0,0.0,TC1,n_agents,100,group,3
159,79.5,0,0.0,TC1,n_agents,100,group,3
160,80.0,0,0.0,TC1,n_agents,100,group,3
161,80.5,0,0.0,TC1,n_agents,100,group,3
162,81.0,0,0.0,TC1,n_agents,100,group,3
163,81.5,0,0.0,TC1,n_agents,100,group,3
164,82.0,0,0.0,TC1,n_agents,100,group,3
165,82.5,0,0.0,TC1,n_agents,100,group,3
166,83.0,0,0.0,TC1,n_agents,100,group,3
167,83.5,0,0.0,TC1,n_agents,100,group,3
168,84.0,0,0.0,TC1,n_agents,100,group,3
169,84.5,0,0.0,TC1,n_agents,100,group,3
170,85.0,0,0.0,TC1,n_agents,100,group,3
171,85.5,0,0.0,TC1,n_agents,100,group,3
172,86.0,0,0.0,TC1,n_agents,100,group,3
173,86.5,0,0.0,TC1,n_agents,100,group,3
174,87.0,0,0.0,TC1,n_agents,100,group,3
175,87.5,0,0.0,TC1,n_agents,100,group,3
176,88.0,0,0.0,TC1,n_agents,100,group,3
177,88.5,0,0.0,TC1,n_agents,100,group,3
178,89.0,0,0.0,TC1,n_agents,100,group,3
179,89.5,0,0.0,TC1,n_agents,100,group,3
180,90.0,0,0.0,TC1,n_agents,100,group,3
181,90.5,0,0.0,TC1,n_agents,100,group,3
182,91.0,0,0.0,TC1,n_agents,100,group,3
183,91.5,0,0.0,TC1,n_agents,100,group,3
184,92.0,0,0.0,TC1,n_agents,100,group,3
185,92.5,0,0.0,TC1,n_agents,100,group,3
186,93.0,0,0.0,TC1,n_agents,100,group,3
187,93.5,0,0.0,TC1,n_agents,100,group,3
188,94.0,0,0.0,TC1,n_agents,100,group,3
189,94.5,0,0.0,TC1,n_agents,100,group,3
190,95.0,0,0.0,TC1,n_agents,100,group,3
191,95.5,0,0.0,TC1,n_agents,100,group,3
192,96.0,0,0.0,TC1,n_agents,100,group,3
193,96.5,0,0.0,TC1,n_agents,100,group,3
194,97.0,0,0.0,TC1,n_agents,100,group,3
195,97.5,0,0.0,TC1,n_agents,100,group,3
196,98.0,0,0.0,TC1,n_agents,100,group,3
197,98.5,0,0.0,TC1,n_agents,100,group,3
198,99.0,0,0.0,TC1,n_agents,100,group,3
199,99.5,0,0.0,TC1,n_agents,100,group,3
200,100.0,0,0.0,TC1,n_agents,100,group,3
201,100.5,0,0.0,TC1,n_agents,100,group,3
202,101.0,0,0.0,TC1,n_agents,100,group,3
203,101.5,0,0.0,TC1,n_agents,100,group,3
204,102.0,0,0.0,TC1,n_agents,100,group,3
205,102.5,0,0.0,TC1,n_agents,100,group,3
206,103.0,0,0.0,TC1,n_agents,100,group,3
207,103.5,0,0.0,TC1,n_agents,100,group,3
208,104.0,0,0.0,TC1,n_agents,100,group,3
209,104.5,0,0.0,TC1,n_agents,100,group,3
210,105.0,0,0.0,TC1,n_agents,100,group,3
211,105.5,0,0.0,TC1,n_agents,100,group,3
212,106.0,0,0.0,TC1,n_agents,100,group,3
213,106.5,0,0.0,TC1,n_agents,100,group,3
214,107.0,0,0.0,TC1,n_agents,100,group,3
215,107.5,0,0.0,TC1,n_agents,100,group,3
216,108.0,0,0.0,TC1,n_agents,100,group,3
217,108.5,0,0.0,TC1,n_agents,100,group,3
218,109.0,0,0.0,TC1,n_agents,100,group,3
219,109.5,0,0.0,TC1,n_agents,100,group,3
220,110.0,0,0.0,TC1,n_agents,100,group,3
221,110.5,0,0.0,TC1,n_agents,100,group,3
222,111.0,0,0.0,TC1,n_agents,100,group,3
223,111.5,0,0.0,TC1,n_agents,100,group,3
224,112.0,0,0.0,TC1,n_agents,100,group,3
225,112.5,0,0.0,TC1,n_agents,100,group,3
226,113.0,0,0.0,TC1,n_agents,100,group,3
227,113.5,0,0.0,TC1,n_agents,100,group,3
228,114.0,0,0.0,TC1,n_agents,100,group,3
229,114.5,0,0.0,TC1,n_agents,100,group,3
230,115.0,0,0.0,TC1,n_agents,100,group,3
231,115.5,0,0.0,TC1,n_agents,100,group,3
232,116.0,0,0.0,TC1,n_agents,100,group,3
233,116.5,0,0.0,TC1,n_agents,100,group,3
234,117.0,0,0.0,TC1,n_agents,100,group,3
235,117.5,0,0.0,TC1,n_agents,100,group,3
236,118.0,0,0.0,TC1,n_agents,100,group,3
237,118.5,0,0.0,TC1,n_agents,100,group,3
238,119.0,0,0.0,TC1,n_agents,100,group,3
239,119.5,0,0.0,TC1,n_agents,100,group,3
240,120.0,0,0.0,TC1,n_agents,100,group,3
241,120.5,0,0.0,TC1,n_agents,100,group,3
242,121.0,0,0.0,TC1,n_agents,100,group,3
243,121.5,0,0.0,TC1,n_agents,100,group,3
244,122.0,0,0.0,TC1,n_agents,100,group,3
245,122.5,0,0.0,TC1,n_agents,100,group,3
246,123.0,0,0.0,TC1,n_agents,100,group,3
247,123.5,0,0.0,TC1,n_agents,100,group,3
248,124.0,0,0.0,TC1,n_agents,100,group,3
249,124.5,0,0.0,TC1,n_agents,100,group,3
250,125.0,0,0.0,TC1,n_agents,100,group,3
251,125.5,0,0.0,TC1,n_agents,100,group,3
252,126.0,0,0.0,TC1,n_agents,100,group,3
253,126.5,0,0.0,TC1,n_agents,100,group,3
254,127.0,0,0.0,TC1,n_agents,100,group,3
255,127.5,0,0.0,TC1,n_agents,100,group,3
256,128.0,0,0.0,TC1,n_agents,100,group,3
257,128.5,0,0.0,TC1,n_agents,100,group,3
258,129.0,0,0.0,TC1,n_agents,100,group,3
259,129.5,0,0.0,TC1,n_agents,100,group,3
260,130.0,0,0.0,TC1,n_agents,100,group,3
261,130.5,0,0.0,TC1,n_agents,100,group,3
262,131.0,0,0.0,TC1,n_agents,100,group,3
263,131.5,0,0.0,TC1,n_agents,100,group,3
264,132.0,0,0.0,TC1,n_agents,100,group,3
265,132.5,0,0.0,TC1,n_agents,100,group,3
266,133.0,0,0.0,TC1,n_agents,100,group,3
267,133.5,0,0.0,TC1,n_agents,100,group,3
268,134.0,0,0.0,TC1,n_agents,100,group,3
269,134.5,0,0.0,TC1,n_agents,100,group,3
270,135.0,0,0.0,TC1,n_agents,100,group,3
271,135.5,0,0.0,TC1,n_agents,100,group,3
272,136.0,0,0.0,TC1,n_agents,100,group,3
273,136.5,0,0.0,TC1,n_agents,100,group,3
274,137.0,0,0.0,TC1,n_agents,100,group,3
275,137.5,0,0.0,TC1,n_agents,100,group,3
276,138.0,0,0.0,TC1,n_agents,100,group,3
277,138.5,0,0.0,TC1,n_agents,100,group,3
278,139.0,0,0.0,TC1,n_agents,100,group,3
279,139.5,0,0.0,TC1,n_agents,100,group,3
280,140.0,0,0.0,TC1,n_agents,100,group,3
281,140.5,0,0.0,TC1,n_agents,100,group,3
282,141.0,0,0.0,TC1,n_agents,100,group,3
283,141.5,0,0.0,TC1,n_agents,100,group,3
284,142.0,0,0.0,TC1,n_agents,100,group,3
285,142.5,0,0.0,TC1,n_agents,100,group,3
286,143.0,0,0.0,TC1,n_agents,100,group,3
287,143.5,0,0.0,TC1,n_agents,100,group,3
288,144.0,0,0.0,TC1,n_agents,100,group,3
289,144.5,0,0.0,TC1,n_agents,100,group,3
290,145.0,0,0.0,TC1,n_agents,100,group,3
291,145.5,0,0.0,TC1,n_agents,100,group,3
292,146.0,0,0.0,TC1,n_agents,100,group,3
293,146.5,0,0.0,TC1,n_agents,100,group,3
294,147.0,0,0.0,TC1,n_agents,100,group,3
295,147.5,0,0.0,TC1,n_agents,100,group,3
296,148.0,0,0.0,TC1,n_agents,100,group,3
297,148.5,0,0.0,TC1,n_agents,100,group,3
298,149.0,0,0.0,TC1,n_agents,100,group,3
299,149.5,0,0.0,TC1,n_agents,100,group,3
300,150.0,0,0.0,TC1,n_agents,100,group,3
301,150.5,0,0.0,TC1,n_agents,100,group,3
302,151.0,0,0.0,TC1,n_agents,100,group,3
303,151.5,0,0.0,TC1,n_agents,100,group,3
304,152.0,0,0.0,TC1,n_agents,100,group,3
305,152.5,0,0.0,TC1,n_agents,100,group,3
306,153.0,0,0.0,TC1,n_agents,100,group,3
307,153.5,0,0.0,TC1,n_agents,100,group,3
308,154.0,0,0.0,TC1,n_agents,100,group,3
309,154.5,0,0.0,TC1,n_agents,100,group,3
310,155.0,0,0.0,TC1,n_agents,100,group,3
311,155.5,0,0.0,TC1,n_agents,100,group,3
312,156.0,0,0.0,TC1,n_agents,100,group,3
313,156.5,0,0.0,TC1,n_agents,100,group,3
314,157.0,0,0.0,TC1,n_agents,100,group,3
315,157.5,0,0.0,TC1,n_agents,100,group,3
316,158.0,0,0.0,TC1,n_agents,100,group,3
317,158.5,0,0.0,TC1,n_agents,100,group,3
318,159.0,0,0.0,TC1,n_agents,100,group,3
319,159.5,0,0.0,TC1,n_agents,100,group,3
320,160.0,0,0.0,TC1,n_agents,100,group,3
321,160.5,0,0.0,TC1,n_agents,100,group,3
322,161.0,0,0.0,TC1,n_agents,100,group,3
323,161.5,0,0.0,TC1,n_agents,100,group,3
324,162.0,0,0.0,TC1,n_agents,100,group,3
325,162.5,0,0.0,TC1,n_agents,100,group,3
326,163.0,0,0.0,TC1,n_agents,100,group,3
327,163.5,0,0.0,TC1,n_agents,100,group,3
328,164.0,0,0.0,TC1,n_agents,100,group,3
329,164.5,0,0.0,TC1,n_agents,100,group,3
330,165.0,0,0.0,TC1,n_agents,100,group,3
331,165.5,0,0.0,TC1,n_agents,100,group,3
332,166.0,0,0.0,TC1,n_agents,100,group,3
333,166.5,0,0.0,TC1,n_agents,100,group,3
334,167.0,0,0.0,TC1,n_agents,100,group,3
335,167.5,0,0.0,TC1,n_agents,100,group,3
336,168.0,0,0.0,TC1,n_agents,100,group,3
337,168.5,0,0.0,TC1,n_agents,100,group,3
338,169.0,0,0.0,TC1,n_agents,100,group,3
339,169.5,0,0.0,TC1,n_agents,100,group,3
340,170.0,0,0.0,TC1,n_agents,100,group,3
341,170.5,0,0.0,TC1,n_agents,100,group,3
342,171.0,0,0.0,TC1,n_agents,100,group,3
343,171.5,0,0.0,TC1,n_agents,100,group,3
344,172.0,0,0.0,TC1,n_agents,100,group,3
345,172.5,0,0.0,TC1,n_agents,100,group,3
346,173.0,0,0.0,TC1,n_agents,100,group,3
347,173.5,0,0.0,TC1,n_agents,100,group,3
348,174.0,0,0.0,TC1,n_agents,100,group,3
349,174.5,0,0.0,TC1,n_agents,100,group,3
350,175.0,0,0.0,TC1,n_agents,100,group,3
351,175.5,0,0.0,TC1,n_agents,100,group,3
352,176.0,0,0.0,TC1,n_agents,100,group,3
353,176.5,0,0.0,TC1,n_agents,100,group,3
354,177.0,0,0.0,TC1,n_agents,100,group,3
355,177.5,0,0.0,TC1,n_agents,100,group,3
356,178.0,0,0.0,TC1,n_agents,100,group,3
357,178.5,0,0.0,TC1,n_agents,100,group,3
358,179.0,0,0.0,TC1,n_agents,100,group,3
359,179.5,0,0.0,TC1,n_agents,100,group,3
360,180.0,0,0.0,TC1,n_agents,100,group,3
361,180.5,0,0.0,TC1,n_agents,100,group,3
362,181.0,0,0.0,TC1,n_agents,100,group,3
363,181.5,0,0.0,TC1,n_agents,100,group,3
364,182.0,0,0.0,TC1,n_agents,100,group,3
365,182.5,0,0.0,TC1,n_agents,100,group,3
366,183.0,0,0.0,TC1,n_agents,100,group,3
367,183.5,0,0.0,TC1,n_agents,100,group,3
368,184.0,0,0.0,TC1,n_agents,100,group,3
369,184.5,0,0.0,TC1,n_agents,100,group,3
370,185.0,0,0.0,TC1,n_agents,100,group,3
371,185.5,0,0.0,TC1,n_agents,100,group,3
372,186.0,0,0.0,TC1,n_agents,100,group,3
373,186.5,0,0.0,TC1,n_agents,100,group,3
374,187.0,0,0.0,TC1,n_agents,100,group,3
375,187.5,0,0.0,TC1,n_agents,100,group,3
376,188.0,0,0.0,TC1,n_agents,100,group,3
377,188.5,0,0.0,TC1,n_agents,100,group,3
378,189.0,0,0.0,TC1,n_agents,100,group,3
379,189.5,0,0.0,TC1,n_agents,100,group,3
380,190.0,0,0.0,TC1,n_agents,100,group,3
381,190.5,0,0.0,TC1,n_agents,100,group,3
382,191.0,0,0.0,TC1,n_agents,100,group,3
383,191.5,0,0.0,TC1,n_agents,100,group,3
384,192.0,0,0.0,TC1,n_agents,100,group,3
385,192.5,0,0.0,TC1,n_agents,100,group,3
386,193.0,0,0.0,TC1,n_agents,100,group,3
387,193.5,0,0.0,TC1,n_agents,100,group,3
388,194.0,0,0.0,TC1,n_agents,100,group,3
389,194.5,0,0.0,TC1,n_agents,100,group,3
390,195.0,0,0.0,TC1,n_agents,100,group,3
391,195.5,0,0.0,TC1,n_agents,100,group,3
392,196.0,0,0.0,TC1,n_agents,100,group,3
393,196.5,0,0.0,TC1,n_agents,100,group,3
394,197.0,0,0.0,TC1,n_agents,100,group,3
395,197.5,0,0.0,TC1,n_agents,100,group,3
396,198.0,0,0.0,TC1,n_agents,100,group,3
397,198.5,0,0.0,TC1,n_agents,100,group,3
398,199.0,0,0.0,TC1,n_agents,100,group,3
399,199.5,0,0.0,TC1,n_agents,100,group,3
400,200.0,0,0.0,TC1,n_agents,100,group,3
401,200.5,0,0.0,TC1,n_agents,100,group,3
402,201.0,0,0.0,TC1,n_agents,100,group,3
403,201.5,0,0.0,TC1,n_agents,100,group,3
404,202.0,0,0.0,TC1,n_agents,100,group,3
405,202.5,0,0.0,TC1,n_agents,100,group,3
406,203.0,0,0.0,TC1,n_agents,100,group,3
407,203.5,0,0.0,TC1,n_agents,100,group,3
408,204.0,0,0.0,TC1,n_agents,100,group,3
409,204.5,0,0.0,TC1,n_agents,100,group,3
410,205.0,0,0.0,TC1,n_agents,100,group,3
411,205.5,0,0.0,TC1,n_agents,100,group,3
412,206.0,0,0.0,TC1,n_agents,100,group,3
413,206.5,0,0.0,TC1,n_agents,100,group,3
414,207.0,0,0.0,TC1,n_agents,100,group,3
415,207.5,0,0.0,TC1,n_agents,100,group,3
416,208.0,0,0.0,TC1,n_agents,100,group,3
417,208.5,0,0.0,TC1,n_agents,100,group,3
418,209.0,0,0.0,TC1,n_agents,100,group,3
419,209.5,0,0.0,TC1,n_agents,100,group,3
420,210.0,0,0.0,TC1,n_agents,100,group,3
421,210.5,0,0.0,TC1,n_agents,100,group,3
422,211.0,0,0.0,TC1,n_agents,100,group,3
423,211.5,0,0.0,TC1,n_agents,100,group,3
424,212.0,0,0.0,TC1,n_agents,100,group,3
425,212.5,0,0.0,TC1,n_agents,100,group,3
426,213.0,0,0.0,TC1,n_agents,100,group,3
427,213.5,0,0.0,TC1,n_agents,100,group,3
428,214.0,0,0.0,TC1,n_agents,100,group,3
429,214.5,0,0.0,TC1,n_agents,100,group,3
430,215.0,0,0.0,TC1,n_agents,100,group,3
431,215.5,0,0.0,TC1,n_agents,100,group,3
432,216.0,0,0.0,TC1,n_agents,100,group,3
433,216.5,0,0.0,TC1,n_agents,100,group,3
434,217.0,0,0.0,TC1,n_agents,100,group,3
435,217.5,0,0.0,TC1,n_agents,100,group,3
436,218.0,0,0.0,TC1,n_agents,100,group,3
437,218.5,0,0.0,TC1,n_agents,100,group,3
438,219.0,0,0.0,TC1,n_agents,100,group,3
439,219.5,0,0.0,TC1,n_agents,100,group,3
440,220.0,0,0.0,TC1,n_agents,100,group,3
441,220.5,0,0.0,TC1,n_agents,100,group,3
442,221.0,0,0.0,TC1,n_agents,100,group,3
443,221.5,0,0.0,TC1,n_agents,100,group,3
444,222.0,0,0.0,TC1,n_agents,100,group,3
445,222.5,0,0.0,TC1,n_agents,100,group,3
446,223.0,0,0.0,TC1,n_agents,100,group,3
447,223.5,0,0.0,TC1,n_agents,100,group,3
448,224.0,0,0.0,TC1,n_agents,100,group,3
449,224.5,0,0.0,TC1,n_agents,100,group,3
450,225.0,0,0.0,TC1,n_agents,100,group,3
451,225.5,0,0.0,TC1,n_agents,100,group,3
452,226.0,0,0.0,TC1,n_agents,100,group,3
453,226.5,0,0.0,TC1,n_agents,100,group,3
454,227.0,0,0.0,TC1,n_agents,100,group,3
455,227.5,0,0.0,TC1,n_agents,100,group,3
456,228.0,0,0.0,TC1,n_agents,100,group,3
457,228.5,0,0.0,TC1,n_agents,100,group,3
458,229.0,0,0.0,TC1,n_agents,100,group,3
459,229.5,0,0.0,TC1,n_agents,100,group,3
460,230.0,0,0.0,TC1,n_agents,100,group,3
461,230.5,0,0.0,TC1,n_agents,100,group,3
462,231.0,0,0.0,TC1,n_agents,100,group,3
463,231.5,0,0.0,TC1,n_agents,100,group,3
464,232.0,0,0.0,TC1,n_agents,100,group,3
465,232.5,0,0.0,TC1,n_agents,100,group,3
466,233.0,0,0.0,TC1,n_agents,100,group,3
467,233.5,0,0.0,TC1,n_agents,100,group,3
468,234.0,0,0.0,TC1,n_agents,100,group,3
469,234.5,0,0.0,TC1,n_agents,100,group,3
470,235.0,0,0.0,TC1,n_agents,100,group,3
471,235.5,0,0.0,TC1,n_agents,100,group,3
472,236.0,0,0.0,TC1,n_agents,100,group,3
473,236.5,0,0.0,TC1,n_agents,100,group,3
474,237.0,0,0.0,TC1,n_agents,100,group,3
475,237.5,0,0.0,TC1,n_agents,100,group,3
476,238.0,0,0.0,TC1,n_agents,100,group,3
477,238.5,0,0.0,TC1,n_agents,100,group,3
478,239.0,0,0.0,TC1,n_agents,100,group,3
479,239.5,0,0.0,TC1,n_agents,100,group,3
480,240.0,0,0.0,TC1,n_agents,100,group,3
481,240.5,0,0.0,TC1,n_agents,100,group,3
482,241.0,0,0.0,TC1,n_agents,100,group,3
483,241.5,0,0.0,TC1,n_agents,100,group,3
484,242.0,0,0.0,TC1,n_agents,100,group,3
485,242.5,0,0.0,TC1,n_agents,100,group,3
486,243.0,0,0.0,TC1,n_agents,100,group,3
487,243.5,0,0.0,TC1,n_agents,100,group,3
488,244.0,0,0.0,TC1,n_agents,100,group,3
489,244.5,0,0.0,TC1,n_agents,100,group,3
490,245.0,0,0.0,TC1,n_agents,100,group,3
491,245.5,0,0.0,TC1,n_agents,100,group,3
492,246.0,0,0.0,TC1,n_agents,100,group,3
493,246.5,0,0.0,TC1,n_agents,100,group,3
494,247.0,0,0.0,TC1,n_agents,100,group,3
495,247.5,0,0.0,TC1,n_agents,100,group,3
496,248.0,0,0.0,TC1,n_agents,100,group,3
497,248.5,0,0.0,TC1,n_agents,100,group,3
498,249.0,0,0.0,TC1,n_agents,100,group,3
499,249.5,0,0.0,TC1,n_agents,100,group,3
500,250.0,0,0.0,TC1,n_agents,100,group,3
501,250.5,0,0.0,TC1,n_agents,100,group,3
502,251.0,0,0.0,TC1,n_agents,100,group,3
503,251.5,0,0.0,TC1,n_agents,100,group,3
504,252.0,0,0.0,TC1,n_agents,100,group,3
505,252.5,0,0.0,TC1,n_agents,100,group,3
506,253.0,0,0.0,TC1,n_agents,100,group,3
507,253.5,0,0.0,TC1,n_agents,100,group,3
508,254.0,0,0.0,TC1,n_agents,100,group,3
509,254.5,0,0.0,TC1,n_agents,100,group,3
510,255.0,0,0.0,TC1,n_agents,100,group,3
511,255.5,0,0.0,TC1,n_agents,100,group,3
512,256.0,0,0.0,TC1,n_agents,100,group,3
513,256.5,0,0.0,TC1,n_agents,100,group,3
514,257.0,0,0.0,TC1,n_agents,100,group,3
515,257.5,0,0.0,TC1,n_agents,100,group,3
516,258.0,0,0.0,TC1,n_agents,100,group,3
517,258.5,0,0.0,TC1,n_agents,100,group,3
518,259.0,0,0.0,TC1,n_agents,100,group,3
519,259.5,0,0.0,TC1,n_agents,100,group,3
520,260.0,0,0.0,TC1,n_agents,100,group,3
521,260.5,0,0.0,TC1,n_agents,100,group,3
522,261.0,0,0.0,TC1,n_agents,100,group,3
523,261.5,0,0.0,TC1,n_agents,100,group,3
524,262.0,0,0.0,TC1,n_agents,100,group,3
525,262.5,0,0.0,TC1,n_agents,100,group,3
526,263.0,0,0.0,TC1,n_agents,100,group,3
527,263.5,0,0.0,TC1,n_agents,100,group,3
528,264.0,0,0.0,TC1,n_agents,100,group,3
529,264.5,0,0.0,TC1,n_agents,100,group,3
530,265.0,0,0.0,TC1,n_agents,100,group,3
531,265.5,0,0.0,TC1,n_agents,100,group,3
532,266.0,0,0.0,TC1,n_agents,100,group,3
533,266.5,0,0.0,TC1,n_agents,100,group,3
534,267.0,0,0.0,TC1,n_agents,100,group,3
535,267.5,0,0.0,TC1,n_agents,100,group,3
536,268.0,0,0.0,TC1,n_agents,100,group,3
537,268.5,0,0.0,TC1,n_agents,100,group,3
538,269.0,0,0.0,TC1,n_agents,100,group,3
539,269.5,0,0.0,TC1,n_agents,100,group,3
540,270.0,0,0.0,TC1,n_agents,100,group,3
541,270.5,0,0.0,TC1,n_agents,100,group,3
542,271.0,0,0.0,TC1,n_agents,100,group,3
543,271.5,0,0.0,TC1,n_agents,100,group,3
544,272.0,0,0.0,TC1,n_agents,100,group,3
545,272.5,0,0.0,TC1,n_agents,100,group,3
546,273.0,0,0.0,TC1,n_agents,100,group,3
547,273.5,0,0.0,TC1,n_agents,100,group,3
548,274.0,0,0.0,TC1,n_agents,100,group,3
549,274.5,0,0.0,TC1,n_agents,100,group,3
550,275.0,0,0.0,TC1,n_agents,100,group,3
551,275.5,0,0.0,TC1,n_agents,100,group,3
552,276.0,0,0.0,TC1,n_agents,100,group,3
553,276.5,0,0.0,TC1,n_agents,100,group,3
554,277.0,0,0.0,TC1,n_agents,100,group,3
555,277.5,0,0.0,TC1,n_agents,100,group,3
556,278.0,0,0.0,TC1,n_agents,100,group,3
557,278.5,0,0.0,TC1,n_agents,100,group,3
558,279.0,0,0.0,TC1,n_agents,100,group,3
559,279.5,0,0.0,TC1,n_agents,100,group,3
560,280.0,0,0.0,TC1,n_agents,100,group,3
561,280.5,0,0.0,TC1,n_agents,100,group,3
562,281.0,0,0.0,TC1,n_agents,100,group,3
563,281.5,0,0.0,TC1,n_agents,100,group,3
564,282.0,0,0.0,TC1,n_agents,100,group,3
565,282.5,0,0.0,TC1,n_agents,100,group,3
566,283.0,0,0.0,TC1,n_agents,100,group,3
567,283.5,0,0.0,TC1,n_agents,100,group,3
568,284.0,0,0.0,TC1,n_agents,100,group,3
569,284.5,0,0.0,TC1,n_agents,100,group,3
570,285.0,0,0.0,TC1,n_agents,100,group,3
571,285.5,0,0.0,TC1,n_agents,100,group,3
572,286.0,0,0.0,TC1,n_agents,100,group,3
573,286.5,0,0.0,TC1,n_agents,100,group,3
574,287.0,0,0.0,TC1,n_agents,100,group,3
575,287.5,0,0.0,TC1,n_agents,100,group,3
576,288.0,0,0.0,TC1,n_agents,100,group,3
577,288.5,0,0.0,TC1,n_agents,100,group,3
578,289.0,0,0.0,TC1,n_agents,100,group,3
579,289.5,0,0.0,TC1,n_agents,100,group,3
580,290.0,0,0.0,TC1,n_agents,100,group,3
581,290.5,0,0.0,TC1,n_agents,100,group,3
582,291.0,0,0.0,TC1,n_agents,100,group,3
583,291.5,0,0.0,TC1,n_agents,100,group,3
584,292.0,0,0.0,TC1,n_agents,100,group,3
585,292.5,0,0.0,TC1,n_agents,100,group,3
586,293.0,0,0.0,TC1,n_agents,100,group,3
587,293.5,0,0.0,TC1,n_agents,100,group,3
588,294.0,0,0.0,TC1,n_agents,100,group,3
589,294.5,0,0.0,TC1,n_agents,100,group,3
590,295.0,0,0.0,TC1,n_agents,100,group,3
591,295.5,0,0.0,TC1,n_agents,100,group,3
592,296.0,0,0.0,TC1,n_agents,100,group,3
593,296.5,0,0.0,TC1,n_agents,100,group,3
594,297.0,0,0.0,TC1,n_agents,100,group,3
595,297.5,0,0.0,TC1,n_agents,100,group,3
596,298.0,0,0.0,TC1,n_agents,100,group,3
597,298.5,0,0.0,TC1,n_agents,100,group,3
598,299.0,0,0.0,TC1,n_agents,100,group,3
599,299.5,0,0.0,TC1,n_agents,100,group,3
600,300.0,0,0.0,TC1,n_agents,100,group,3
601,300.5,0,0.0,TC1,n_agents,100,group,3
602,301.0,0,0.0,TC1,n_agents,100,group,3
603,301.5,0,0.0,TC1,n_agents,100,group,3
604,302.0,0,0.0,TC1,n_agents,100,group,3
605,302.5,0,0.0,TC1,n_agents,100,group,3
606,303.0,0,0.0,TC1,n_agents,100,group,3
607,303.5,0,0.0,TC1,n_agents,100,group,3
608,304.0,0,0.0,TC1,n_agents,100,group,3
609,304.5,0,0.0,TC1,n_agents,100,group,3
610,305.0,0,0.0,TC1,n_agents,100,group,3
611,305.5,0,0.0,TC1,n_agents,100,group,3
612,306.0,0,0.0,TC1,n_agents,100,group,3
613,306.5,0,0.0,TC1,n_agents,100,group,3
614,307.0,0,0.0,TC1,n_agents,100,group,3
615,307.5,0,0.0,TC1,n_agents,100,group,3
616,308.0,0,0.0,TC1,n_agents,100,group,3
617,308.5,0,0.0,TC1,n_agents,100,group,3
618,309.0,0,0.0,TC1,n_agents,100,group,3
619,309.5,0,0.0,TC1,n_agents,100,group,3
620,310.0,0,0.0,TC1,n_agents,100,group,3
621,310.5,0,0.0,TC1,n_agents,100,group,3
622,311.0,0,0.0,TC1,n_agents,100,group,3
623,311.5,0,0.0,TC1,n_agents,100,group,3
624,312.0,0,0.0,TC1,n_agents,100,group,3
625,312.5,0,0.0,TC1,n_agents,100,group,3
626,313.0,0,0.0,TC1,n_agents,100,group,3
627,313.5,0,0.0,TC1,n_agents,100,group,3
628,314.0,0,0.0,TC1,n_agents,100,group,3
629,314.5,0,0.0,TC1,n_agents,100,group,3
630,315.0,0,0.0,TC1,n_agents,100,group,3
631,315.5,0,0.0,TC1,n_agents,100,group,3
632,316.0,0,0.0,TC1,n_agents,100,group,3
633,316.5,0,0.0,TC1,n_agents,100,group,3
634,317.0,0,0.0,TC1,n_agents,100,group,3
635,317.5,0,0.0,TC1,n_agents,100,group,3
636,318.0,0,0.0,TC1,n_agents,100,group,3
637,318.5,0,0.0,TC1,n_agents,100,group,3
638,319.0,0,0.0,TC1,n_agents,100,group,3
639,319.5,0,0.0,TC1,n_agents,100,group,3
640,320.0,0,0.0,TC1,n_agents,100,group,3
641,320.5,0,0.0,TC1,n_agents,100,group,3
642,321.0,0,0.0,TC1,n_agents,100,group,3
643,321.5,0,0.0,TC1,n_agents,100,group,3
644,322.0,0,0.0,TC1,n_agents,100,group,3
645,322.5,0,0.0,TC1,n_agents,100,group,3
646,323.0,0,0.0,TC1,n_agents,100,group,3
647,323.5,0,0.0,TC1,n_agents,100,group,3
648,324.0,0,0.0,TC1,n_agents,100,group,3
649,324.5,0,0.0,TC1,n_agents,100,group,3
650,325.0,0,0.0,TC1,n_agents,100,group,3
651,325.5,0,0.0,TC1,n_agents,100,group,3
652,326.0,0,0.0,TC1,n_agents,100,group,3
653,326.5,0,0.0,TC1,n_agents,100,group,3
654,327.0,0,0.0,TC1,n_agents,100,group,3
655,327.5,0,0.0,TC1,n_agents,100,group,3
656,328.0,0,0.0,TC1,n_agents,100,group,3
657,328.5,0,0.0,TC1,n_agents,100,group,3
658,329.0,0,0.0,TC1,n_agents,100,group,3
659,329.5,0,0.0,TC1,n_agents,100,group,3
660,330.0,0,0.0,TC1,n_agents,100,group,3
661,330.5,0,0.0,TC1,n_agents,100,group,3
662,331.0,0,0.0,TC1,n_agents,100,group,3
663,331.5,0,0.0,TC1,n_agents,100,group,3
664,332.0,0,0.0,TC1,n_agents,100,group,3
665,332.5,0,0.0,TC1,n_agents,100,group,3
666,333.0,0,0.0,TC1,n_agents,100,group,3
667,333.5,0,0.0,TC1,n_agents,100,group,3
668,334.0,0,0.0,TC1,n_agents,100,group,3
669,334.5,0,0.0,TC1,n_agents,100,group,3
670,335.0,0,0.0,TC1,n_agents,100,group,3
671,335.5,0,0.0,TC1,n_agents,100,group,3
672,336.0,0,0.0,TC1,n_agents,100,group,3
673,336.5,0,0.0,TC1,n_agents,100,group,3
674,337.0,0,0.0,TC1,n_agents,100,group,3
675,337.5,0,0.0,TC1,n_agents,100,group,3
676,338.0,0,0.0,TC1,n_agents,100,group,3
677,338.5,0,0.0,TC1,n_agents,100,group,3
678,339.0,0,0.0,TC1,n_agents,100,group,3
679,339.5,0,0.0,TC1,n_agents,100,group,3
680,340.0,0,0.0,TC1,n_agents,100,group,3
681,340.5,0,0.0,TC1,n_agents,100,group,3
682,341.0,0,0.0,TC1,n_agents,100,group,3
683,341.5,0,0.0,TC1,n_agents,100,group,3
684,342.0,0,0.0,TC1,n_agents,100,group,3
685,342.5,0,0.0,TC1,n_agents,100,group,3
686,343.0,0,0.0,TC1,n_agents,100,group,3
687,343.5,0,0.0,TC1,n_agents,100,group,3
688,344.0,0,0.0,TC1,n_agents,100,group,3
689,344.5,0,0.0,TC1,n_agents,100,group,3
690,345.0,0,0.0,TC1,n_agents,100,group,3
691,345.5,0,0.0,TC1,n_agents,100,group,3
692,346.0,0,0.0,TC1,n_agents,100,group,3
693,346.5,0,0.0,TC1,n_agents,100,group,3
694,347.0,0,0.0,TC1,n_agents,100,group,3
695,347.5,0,0.0,TC1,n_agents,100,group,3
696,348.0,0,0.0,TC1,n_agents,100,group,3
697,348.5,0,0.0,TC1,n_agents,100,group,3
698,349.0,0,0.0,TC1,n_agents,100,group,3
699,349.5,0,0.0,TC1,n_agents,100,group,3
700,350.0,0,0.0,TC1,n_agents,100,group,3
701,350.5,0,0.0,TC1,n_agents,100,group,3
702,351.0,0,0.0,TC1,n_agents,100,group,3
703,351.5,0,0.0,TC1,n_agents,100,group,3
704,352.0,0,0.0,TC1,n_agents,100,group,3
705,352.5,0,0.0,TC1,n_agents,100,group,3
706,353.0,0,0.0,TC1,n_agents,100,group,3
707,353.5,0,0.0,TC1,n_agents,100,group,3
708,354.0,0,0.0,TC1,n_agents,100,group,3
709,354.5,0,0.0,TC1,n_agents,100,group,3
710,355.0,0,0.0,TC1,n_agents,100,group,3
711,355.5,0,0.0,TC1,n_agents,100,group,3
712,356.0,0,0.0,TC1,n_agents,100,group,3
713,356.5,0,0.0,TC1,n_agents,100,group,3
714,357.0,0,0.0,TC1,n_agents,100,group,3
715,357.5,0,0.0,TC1,n_agents,100,group,3
716,358.0,0,0.0,TC1,n_agents,100,group,3
717,358.5,0,0.0,TC1,n_agents,100,group,3
718,359.0,0,0.0,TC1,n_agents,100,group,3
719,359.5,0,0.0,TC1,n_agents,100,group,3
720,360.0,0,0.0,TC1,n_agents,100,group,3
721,360.5,0,0.0,TC1,n_agents,100,group,3
722,361.0,0,0.0,TC1,n_agents,100,group,3
723,361.5,0,0.0,TC1,n_agents,100,group,3
724,362.0,0,0.0,TC1,n_agents,100,group,3
725,362.5,0,0.0,TC1,n_agents,100,group,3
726,363.0,0,0.0,TC1,n_agents,100,group,3
727,363.5,0,0.0,TC1,n_agents,100,group,3
728,364.0,0,0.0,TC1,n_agents,100,group,3
729,364.5,0,0.0,TC1,n_agents,100,group,3
730,365.0,0,0.0,TC1,n_agents,100,group,3
731,365.5,0,0.0,TC1,n_agents,100,group,3
732,366.0,0,0.0,TC1,n_agents,100,group,3
733,366.5,0,0.0,TC1,n_agents,100,group,3
734,367.0,0,0.0,TC1,n_agents,100,group,3
735,367.5,0,0.0,TC1,n_agents,100,group,3
736,368.0,0,0.0,TC1,n_agents,100,group,3
737,368.5,0,0.0,TC1,n_agents,100,group,3
738,369.0,0,0.0,TC1,n_agents,100,group,3
739,369.5,0,0.0,TC1,n_agents,100,group,3
740,370.0,0,0.0,TC1,n_agents,100,group,3
741,370.5,0,0.0,TC1,n_agents,100,group,3
742,371.0,0,0.0,TC1,n_agents,100,group,3
743,371.5,0,0.0,TC1,n_agents,100,group,3
744,372.0,0,0.0,TC1,n_agents,100,group,3
745,372.5,0,0.0,TC1,n_agents,100,group,3
746,373.0,0,0.0,TC1,n_agents,100,group,3
747,373.5,0,0.0,TC1,n_agents,100,group,3
748,374.0,0,0.0,TC1,n_agents,100,group,3
749,374.5,0,0.0,TC1,n_agents,100,group,3
750,375.0,0,0.0,TC1,n_agents,100,group,3
751,375.5,0,0.0,TC1,n_agents,100,group,3
752,376.0,0,0.0,TC1,n_agents,100,group,3
753,376.5,0,0.0,TC1,n_agents,100,group,3
754,377.0,0,0.0,TC1,n_agents,100,group,3
755,377.5,0,0.0,TC1,n_agents,100,group,3
756,378.0,0,0.0,TC1,n_agents,100,group,3
757,378.5,0,0.0,TC1,n_agents,100,group,3
758,379.0,0,0.0,TC1,n_agents,100,group,3
759,379.5,0,0.0,TC1,n_agents,100,group,3
760,380.0,0,0.0,TC1,n_agents,100,group,3
761,380.5,0,0.0,TC1,n_agents,100,group,3
762,381.0,0,0.0,TC1,n_agents,100,group,3
763,381.5,0,0.0,TC1,n_agents,100,group,3
764,382.0,0,0.0,TC1,n_agents,100,group,3
765,382.5,0,0.0,TC1,n_agents,100,group,3
766,383.0,0,0.0,TC1,n_agents,100,group,3
767,383.5,0,0.0,TC1,n_agents,100,group,3
768,384.0,0,0.0,TC1,n_agents,100,group,3
769,384.5,0,0.0,TC1,n_agents,100,group,3
770,385.0,0,0.0,TC1,n_agents,100,group,3
771,385.5,0,0.0,TC1,n_agents,100,group,3
772,386.0,0,0.0,TC1,n_agents,100,group,3
773,386.5,0,0.0,TC1,n_agents,100,group,3
774,387.0,0,0.0,TC1,n_agents,100,group,3
775,387.5,0,0.0,TC1,n_agents,100,group,3
776,388.0,0,0.0,TC1,n_agents,100,group,3
777,388.5,0,0.0,TC1,n_agents,100,group,3
778,389.0,0,0.0,TC1,n_agents,100,group,3
779,389.5,0,0.0,TC1,n_agents,100,group,3
780,390.0,0,0.0,TC1,n_agents,100,group,3
781,390.5,0,0.0,TC1,n_agents,100,group,3
782,391.0,0,0.0,TC1,n_agents,100,group,3
783,391.5,0,0.0,TC1,n_agents,100,group,3
784,392.0,0,0.0,TC1,n_agents,100,group,3
785,392.5,0,0.0,TC1,n_agents,100,group,3
786,393.0,0,0.0,TC1,n_agents,100,group,3
787,393.5,0,0.0,TC1,n_agents,100,group,3
788,394.0,0,0.0,TC1,n_agents,100,group,3
789,394.5,0,0.0,TC1,n_agents,100,group,3
790,395.0,0,0.0,TC1,n_agents,100,group,3
791,395.5,0,0.0,TC1,n_agents,100,group,3
792,396.0,0,0.0,TC1,n_agents,100,group,3
793,396.5,0,0.0,TC1,n_agents,100,group,3
794,397.0,0,0.0,TC1,n_agents,100,group,3
795,397.5,0,0.0,TC1,n_agents,100,group,3
796,398.0,0,0.0,TC1,n_agents,100,group,3
797,398.5,0,0.0,TC1,n_agents,100,group,3
798,399.0,0,0.0,TC1,n_agents,100,group,3
799,399.5,0,0.0,TC1,n_agents,100,group,3
800,400.0,0,0.0,TC1,n_agents,100,group,3
0,0.0,0,0.0,TC1,n_agents,500,group,1
1,0.5,0,0.0,TC1,n_agents,500,group,1
2,1.0,0,0.0,TC1,n_agents,500,group,1
3,1.5,0,0.0,TC1,n_agents,500,group,1
4,2.0,0,0.0,TC1,n_agents,500,group,1
5,2.5,0,0.0,TC1,n_agents,500,group,1
6,3.0,0,0.0,TC1,n_agents,500,group,1
7,3.5,0,0.0,TC1,n_agents,500,group,1
8,4.0,0,0.0,TC1,n_agents,500,group,1
9,4.5,0,0.0,TC1,n_agents,500,group,1
10,5.0,0,0.0,TC1,n_agents,500,group,1
11,5.5,0,0.0,TC1,n_agents,500,group,1
12,6.0,0,0.0,TC1,n_agents,500,group,1
13,6.5,0,0.0,TC1,n_agents,500,group,1
14,7.0,0,0.0,TC1,n_agents,500,group,1
15,7.5,0,0.0,TC1,n_agents,500,group,1
16,8.0,0,0.0,TC1,n_agents,500,group,1
17,8.5,0,0.0,TC1,n_agents,500,group,1
18,9.0,0,0.0,TC1,n_agents,500,group,1
19,9.5,0,0.0,TC1,n_agents,500,group,1
20,10.0,0,0.0,TC1,n_agents,500,group,1
21,10.5,0,0.0,TC1,n_agents,500,group,1
22,11.0,0,0.0,TC1,n_agents,500,group,1
23,11.5,0,0.0,TC1,n_agents,500,group,1
24,12.0,0,0.0,TC1,n_agents,500,group,1
25,12.5,0,0.0,TC1,n_agents,500,group,1
26,13.0,0,0.0,TC1,n_agents,500,group,1
27,13.5,0,0.0,TC1,n_agents,500,group,1
28,14.0,0,0.0,TC1,n_agents,500,group,1
29,14.5,0,0.0,TC1,n_agents,500,group,1
30,15.0,0,0.0,TC1,n_agents,500,group,1
31,15.5,0,0.0,TC1,n_agents,500,group,1
32,16.0,0,0.0,TC1,n_agents,500,group,1
33,16.5,0,0.0,TC1,n_agents,500,group,1
34,17.0,0,0.0,TC1,n_agents,500,group,1
35,17.5,0,0.0,TC1,n_agents,500,group,1
36,18.0,0,0.0,TC1,n_agents,500,group,1
37,18.5,0,0.0,TC1,n_agents,500,group,1
38,19.0,0,0.0,TC1,n_agents,500,group,1
39,19.5,0,0.0,TC1,n_agents,500,group,1
40,20.0,0,0.0,TC1,n_agents,500,group,1
41,20.5,0,0.0,TC1,n_agents,500,group,1
42,21.0,0,0.0,TC1,n_agents,500,group,1
43,21.5,0,0.0,TC1,n_agents,500,group,1
44,22.0,0,0.0,TC1,n_agents,500,group,1
45,22.5,0,0.0,TC1,n_agents,500,group,1
46,23.0,0,0.0,TC1,n_agents,500,group,1
47,23.5,0,0.0,TC1,n_agents,500,group,1
48,24.0,0,0.0,TC1,n_agents,500,group,1
49,24.5,0,0.0,TC1,n_agents,500,group,1
50,25.0,0,0.0,TC1,n_agents,500,group,1
51,25.5,0,0.0,TC1,n_agents,500,group,1
52,26.0,0,0.0,TC1,n_agents,500,group,1
53,26.5,0,0.0,TC1,n_agents,500,group,1
54,27.0,0,0.0,TC1,n_agents,500,group,1
55,27.5,0,0.0,TC1,n_agents,500,group,1
56,28.0,0,0.0,TC1,n_agents,500,group,1
57,28.5,0,0.0,TC1,n_agents,500,group,1
58,29.0,0,0.0,TC1,n_agents,500,group,1
59,29.5,0,0.0,TC1,n_agents,500,group,1
60,30.0,0,0.0,TC1,n_agents,500,group,1
61,30.5,0,0.0,TC1,n_agents,500,group,1
62,31.0,0,0.0,TC1,n_agents,500,group,1
63,31.5,0,0.0,TC1,n_agents,500,group,1
64,32.0,0,0.0,TC1,n_agents,500,group,1
65,32.5,0,0.0,TC1,n_agents,500,group,1
66,33.0,0,0.0,TC1,n_agents,500,group,1
67,33.5,0,0.0,TC1,n_agents,500,group,1
68,34.0,0,0.0,TC1,n_agents,500,group,1
69,34.5,0,0.0,TC1,n_agents,500,group,1
70,35.0,0,0.0,TC1,n_agents,500,group,1
71,35.5,0,0.0,TC1,n_agents,500,group,1
72,36.0,0,0.0,TC1,n_agents,500,group,1
73,36.5,0,0.0,TC1,n_agents,500,group,1
74,37.0,0,0.0,TC1,n_agents,500,group,1
75,37.5,0,0.0,TC1,n_agents,500,group,1
76,38.0,0,0.0,TC1,n_agents,500,group,1
77,38.5,0,0.0,TC1,n_agents,500,group,1
78,39.0,0,0.0,TC1,n_agents,500,group,1
79,39.5,0,0.0,TC1,n_agents,500,group,1
80,40.0,0,0.0,TC1,n_agents,500,group,1
81,40.5,0,0.0,TC1,n_agents,500,group,1
82,41.0,0,0.0,TC1,n_agents,500,group,1
83,41.5,0,0.0,TC1,n_agents,500,group,1
84,42.0,0,0.0,TC1,n_agents,500,group,1
85,42.5,0,0.0,TC1,n_agents,500,group,1
86,43.0,0,0.0,TC1,n_agents,500,group,1
87,43.5,0,0.0,TC1,n_agents,500,group,1
88,44.0,0,0.0,TC1,n_agents,500,group,1
89,44.5,0,0.0,TC1,n_agents,500,group,1
90,45.0,0,0.0,TC1,n_agents,500,group,1
91,45.5,0,0.0,TC1,n_agents,500,group,1
92,46.0,0,0.0,TC1,n_agents,500,group,1
93,46.5,0,0.0,TC1,n_agents,500,group,1
94,47.0,0,0.0,TC1,n_agents,500,group,1
95,47.5,0,0.0,TC1,n_agents,500,group,1
96,48.0,0,0.0,TC1,n_agents,500,group,1
97,48.5,0,0.0,TC1,n_agents,500,group,1
98,49.0,0,0.0,TC1,n_agents,500,group,1
99,49.5,0,0.0,TC1,n_agents,500,group,1
100,50.0,0,0.0,TC1,n_agents,500,group,1
101,50.5,0,0.0,TC1,n_agents,500,group,1
102,51.0,0,0.0,TC1,n_agents,500,group,1
103,51.5,0,0.0,TC1,n_agents,500,group,1
104,52.0,0,0.0,TC1,n_agents,500,group,1
105,52.5,0,0.0,TC1,n_agents,500,group,1
106,53.0,0,0.0,TC1,n_agents,500,group,1
107,53.5,0,0.0,TC1,n_agents,500,group,1
108,54.0,0,0.0,TC1,n_agents,500,group,1
109,54.5,0,0.0,TC1,n_agents,500,group,1
110,55.0,0,0.0,TC1,n_agents,500,group,1
111,55.5,0,0.0,TC1,n_agents,500,group,1
112,56.0,0,0.0,TC1,n_agents,500,group,1
113,56.5,0,0.0,TC1,n_agents,500,group,1
114,57.0,0,0.0,TC1,n_agents,500,group,1
115,57.5,0,0.0,TC1,n_agents,500,group,1
116,58.0,0,0.0,TC1,n_agents,500,group,1
117,58.5,0,0.0,TC1,n_agents,500,group,1
118,59.0,0,0.0,TC1,n_agents,500,group,1
119,59.5,0,0.0,TC1,n_agents,500,group,1
120,60.0,0,0.0,TC1,n_agents,500,group,1
121,60.5,0,0.0,TC1,n_agents,500,group,1
122,61.0,0,0.0,TC1,n_agents,500,group,1
123,61.5,0,0.0,TC1,n_agents,500,group,1
124,62.0,0,0.0,TC1,n_agents,500,group,1
125,62.5,0,0.0,TC1,n_agents,500,group,1
126,63.0,0,0.0,TC1,n_agents,500,group,1
127,63.5,0,0.0,TC1,n_agents,500,group,1
128,64.0,0,0.0,TC1,n_agents,500,group,1
129,64.5,0,0.0,TC1,n_agents,500,group,1
130,65.0,0,0.0,TC1,n_agents,500,group,1
131,65.5,0,0.0,TC1,n_agents,500,group,1
132,66.0,0,0.0,TC1,n_agents,500,group,1
133,66.5,0,0.0,TC1,n_agents,500,group,1
134,67.0,0,0.0,TC1,n_agents,500,group,1
135,67.5,0,0.0,TC1,n_agents,500,group,1
136,68.0,0,0.0,TC1,n_agents,500,group,1
137,68.5,0,0.0,TC1,n_agents,500,group,1
138,69.0,0,0.0,TC1,n_agents,500,group,1
139,69.5,0,0.0,TC1,n_agents,500,group,1
140,70.0,0,0.0,TC1,n_agents,500,group,1
141,70.5,0,0.0,TC1,n_agents,500,group,1
142,71.0,0,0.0,TC1,n_agents,500,group,1
143,71.5,0,0.0,TC1,n_agents,500,group,1
144,72.0,0,0.0,TC1,n_agents,500,group,1
145,72.5,0,0.0,TC1,n_agents,500,group,1
146,73.0,0,0.0,TC1,n_agents,500,group,1
147,73.5,0,0.0,TC1,n_agents,500,group,1
148,74.0,0,0.0,TC1,n_agents,500,group,1
149,74.5,0,0.0,TC1,n_agents,500,group,1
150,75.0,0,0.0,TC1,n_agents,500,group,1
151,75.5,0,0.0,TC1,n_agents,500,group,1
152,76.0,0,0.0,TC1,n_agents,500,group,1
153,76.5,0,0.0,TC1,n_agents,500,group,1
154,77.0,0,0.0,TC1,n_agents,500,group,1
155,77.5,0,0.0,TC1,n_agents,500,group,1
156,78.0,0,0.0,TC1,n_agents,500,group,1
157,78.5,0,0.0,TC1,n_agents,500,group,1
158,79.0,0,0.0,TC1,n_agents,500,group,1
159,79.5,0,0.0,TC1,n_agents,500,group,1
160,80.0,0,0.0,TC1,n_agents,500,group,1
161,80.5,0,0.0,TC1,n_agents,500,group,1
162,81.0,0,0.0,TC1,n_agents,500,group,1
163,81.5,0,0.0,TC1,n_agents,500,group,1
164,82.0,0,0.0,TC1,n_agents,500,group,1
165,82.5,0,0.0,TC1,n_agents,500,group,1
166,83.0,0,0.0,TC1,n_agents,500,group,1
167,83.5,0,0.0,TC1,n_agents,500,group,1
168,84.0,0,0.0,TC1,n_agents,500,group,1
169,84.5,0,0.0,TC1,n_agents,500,group,1
170,85.0,0,0.0,TC1,n_agents,500,group,1
171,85.5,0,0.0,TC1,n_agents,500,group,1
172,86.0,0,0.0,TC1,n_agents,500,group,1
173,86.5,0,0.0,TC1,n_agents,500,group,1
174,87.0,0,0.0,TC1,n_agents,500,group,1
175,87.5,0,0.0,TC1,n_agents,500,group,1
176,88.0,0,0.0,TC1,n_agents,500,group,1
177,88.5,0,0.0,TC1,n_agents,500,group,1
178,89.0,0,0.0,TC1,n_agents,500,group,1
179,89.5,0,0.0,TC1,n_agents,500,group,1
180,90.0,0,0.0,TC1,n_agents,500,group,1
181,90.5,0,0.0,TC1,n_agents,500,group,1
182,91.0,0,0.0,TC1,n_agents,500,group,1
183,91.5,0,0.0,TC1,n_agents,500,group,1
184,92.0,0,0.0,TC1,n_agents,500,group,1
185,92.5,0,0.0,TC1,n_agents,500,group,1
186,93.0,0,0.0,TC1,n_agents,500,group,1
187,93.5,0,0.0,TC1,n_agents,500,group,1
188,94.0,0,0.0,TC1,n_agents,500,group,1
189,94.5,0,0.0,TC1,n_agents,500,group,1
190,95.0,0,0.0,TC1,n_agents,500,group,1
191,95.5,0,0.0,TC1,n_agents,500,group,1
192,96.0,0,0.0,TC1,n_agents,500,group,1
193,96.5,0,0.0,TC1,n_agents,500,group,1
194,97.0,0,0.0,TC1,n_agents,500,group,1
195,97.5,0,0.0,TC1,n_agents,500,group,1
196,98.0,0,0.0,TC1,n_agents,500,group,1
197,98.5,0,0.0,TC1,n_agents,500,group,1
198,99.0,0,0.0,TC1,n_agents,500,group,1
199,99.5,0,0.0,TC1,n_agents,500,group,1
200,100.0,0,0.0,TC1,n_agents,500,group,1
201,100.5,0,0.0,TC1,n_agents,500,group,1
202,101.0,0,0.0,TC1,n_agents,500,group,1
203,101.5,0,0.0,TC1,n_agents,500,group,1
204,102.0,0,0.0,TC1,n_agents,500,group,1
205,102.5,0,0.0,TC1,n_agents,500,group,1
206,103.0,0,0.0,TC1,n_agents,500,group,1
207,103.5,0,0.0,TC1,n_agents,500,group,1
208,104.0,0,0.0,TC1,n_agents,500,group,1
209,104.5,0,0.0,TC1,n_agents,500,group,1
210,105.0,0,0.0,TC1,n_agents,500,group,1
211,105.5,0,0.0,TC1,n_agents,500,group,1
212,106.0,0,0.0,TC1,n_agents,500,group,1
213,106.5,0,0.0,TC1,n_agents,500,group,1
214,107.0,0,0.0,TC1,n_agents,500,group,1
215,107.5,0,0.0,TC1,n_agents,500,group,1
216,108.0,0,0.0,TC1,n_agents,500,group,1
217,108.5,0,0.0,TC1,n_agents,500,group,1
218,109.0,0,0.0,TC1,n_agents,500,group,1
219,109.5,0,0.0,TC1,n_agents,500,group,1
220,110.0,0,0.0,TC1,n_agents,500,group,1
221,110.5,0,0.0,TC1,n_agents,500,group,1
222,111.0,0,0.0,TC1,n_agents,500,group,1
223,111.5,0,0.0,TC1,n_agents,500,group,1
224,112.0,0,0.0,TC1,n_agents,500,group,1
225,112.5,0,0.0,TC1,n_agents,500,group,1
226,113.0,0,0.0,TC1,n_agents,500,group,1
227,113.5,0,0.0,TC1,n_agents,500,group,1
228,114.0,0,0.0,TC1,n_agents,500,group,1
229,114.5,0,0.0,TC1,n_agents,500,group,1
230,115.0,0,0.0,TC1,n_agents,500,group,1
231,115.5,0,0.0,TC1,n_agents,500,group,1
232,116.0,0,0.0,TC1,n_agents,500,group,1
233,116.5,0,0.0,TC1,n_agents,500,group,1
234,117.0,0,0.0,TC1,n_agents,500,group,1
235,117.5,0,0.0,TC1,n_agents,500,group,1
236,118.0,0,0.0,TC1,n_agents,500,group,1
237,118.5,0,0.0,TC1,n_agents,500,group,1
238,119.0,0,0.0,TC1,n_agents,500,group,1
239,119.5,0,0.0,TC1,n_agents,500,group,1
240,120.0,0,0.0,TC1,n_agents,500,group,1
241,120.5,0,0.0,TC1,n_agents,500,group,1
242,121.0,0,0.0,TC1,n_agents,500,group,1
243,121.5,0,0.0,TC1,n_agents,500,group,1
244,122.0,0,0.0,TC1,n_agents,500,group,1
245,122.5,0,0.0,TC1,n_agents,500,group,1
246,123.0,0,0.0,TC1,n_agents,500,group,1
247,123.5,0,0.0,TC1,n_agents,500,group,1
248,124.0,0,0.0,TC1,n_agents,500,group,1
249,124.5,0,0.0,TC1,n_agents,500,group,1
250,125.0,0,0.0,TC1,n_agents,500,group,1
251,125.5,0,0.0,TC1,n_agents,500,group,1
252,126.0,0,0.0,TC1,n_agents,500,group,1
253,126.5,0,0.0,TC1,n_agents,500,group,1
254,127.0,0,0.0,TC1,n_agents,500,group,1
255,127.5,0,0.0,TC1,n_agents,500,group,1
256,128.0,0,0.0,TC1,n_agents,500,group,1
257,128.5,0,0.0,TC1,n_agents,500,group,1
258,129.0,0,0.0,TC1,n_agents,500,group,1
259,129.5,0,0.0,TC1,n_agents,500,group,1
260,130.0,0,0.0,TC1,n_agents,500,group,1
261,130.5,0,0.0,TC1,n_agents,500,group,1
262,131.0,0,0.0,TC1,n_agents,500,group,1
263,131.5,0,0.0,TC1,n_agents,500,group,1
264,132.0,0,0.0,TC1,n_agents,500,group,1
265,132.5,0,0.0,TC1,n_agents,500,group,1
266,133.0,0,0.0,TC1,n_agents,500,group,1
267,133.5,0,0.0,TC1,n_agents,500,group,1
268,134.0,0,0.0,TC1,n_agents,500,group,1
269,134.5,0,0.0,TC1,n_agents,500,group,1
270,135.0,0,0.0,TC1,n_agents,500,group,1
271,135.5,0,0.0,TC1,n_agents,500,group,1
272,136.0,0,0.0,TC1,n_agents,500,group,1
273,136.5,0,0.0,TC1,n_agents,500,group,1
274,137.0,0,0.0,TC1,n_agents,500,group,1
275,137.5,0,0.0,TC1,n_agents,500,group,1
276,138.0,0,0.0,TC1,n_agents,500,group,1
277,138.5,0,0.0,TC1,n_agents,500,group,1
278,139.0,0,0.0,TC1,n_agents,500,group,1
279,139.5,0,0.0,TC1,n_agents,500,group,1
280,140.0,0,0.0,TC1,n_agents,500,group,1
281,140.5,0,0.0,TC1,n_agents,500,group,1
282,141.0,0,0.0,TC1,n_agents,500,group,1
283,141.5,0,0.0,TC1,n_agents,500,group,1
284,142.0,0,0.0,TC1,n_agents,500,group,1
285,142.5,0,0.0,TC1,n_agents,500,group,1
286,143.0,0,0.0,TC1,n_agents,500,group,1
287,143.5,0,0.0,TC1,n_agents,500,group,1
288,144.0,0,0.0,TC1,n_agents,500,group,1
289,144.5,0,0.0,TC1,n_agents,500,group,1
290,145.0,0,0.0,TC1,n_agents,500,group,1
291,145.5,0,0.0,TC1,n_agents,500,group,1
292,146.0,0,0.0,TC1,n_agents,500,group,1
293,146.5,0,0.0,TC1,n_agents,500,group,1
294,147.0,0,0.0,TC1,n_agents,500,group,1
295,147.5,0,0.0,TC1,n_agents,500,group,1
296,148.0,0,0.0,TC1,n_agents,500,group,1
297,148.5,0,0.0,TC1,n_agents,500,group,1
298,149.0,0,0.0,TC1,n_agents,500,group,1
299,149.5,0,0.0,TC1,n_agents,500,group,1
300,150.0,0,0.0,TC1,n_agents,500,group,1
301,150.5,0,0.0,TC1,n_agents,500,group,1
302,151.0,0,0.0,TC1,n_agents,500,group,1
303,151.5,0,0.0,TC1,n_agents,500,group,1
304,152.0,0,0.0,TC1,n_agents,500,group,1
305,152.5,0,0.0,TC1,n_agents,500,group,1
306,153.0,0,0.0,TC1,n_agents,500,group,1
307,153.5,0,0.0,TC1,n_agents,500,group,1
308,154.0,0,0.0,TC1,n_agents,500,group,1
309,154.5,0,0.0,TC1,n_agents,500,group,1
310,155.0,0,0.0,TC1,n_agents,500,group,1
311,155.5,0,0.0,TC1,n_agents,500,group,1
312,156.0,0,0.0,TC1,n_agents,500,group,1
313,156.5,0,0.0,TC1,n_agents,500,group,1
314,157.0,0,0.0,TC1,n_agents,500,group,1
315,157.5,0,0.0,TC1,n_agents,500,group,1
316,158.0,0,0.0,TC1,n_agents,500,group,1
317,158.5,0,0.0,TC1,n_agents,500,group,1
318,159.0,0,0.0,TC1,n_agents,500,group,1
319,159.5,0,0.0,TC1,n_agents,500,group,1
320,160.0,0,0.0,TC1,n_agents,500,group,1
321,160.5,0,0.0,TC1,n_agents,500,group,1
322,161.0,0,0.0,TC1,n_agents,500,group,1
323,161.5,0,0.0,TC1,n_agents,500,group,1
324,162.0,0,0.0,TC1,n_agents,500,group,1
325,162.5,0,0.0,TC1,n_agents,500,group,1
326,163.0,0,0.0,TC1,n_agents,500,group,1
327,163.5,0,0.0,TC1,n_agents,500,group,1
328,164.0,0,0.0,TC1,n_agents,500,group,1
329,164.5,0,0.0,TC1,n_agents,500,group,1
330,165.0,0,0.0,TC1,n_agents,500,group,1
331,165.5,0,0.0,TC1,n_agents,500,group,1
332,166.0,0,0.0,TC1,n_agents,500,group,1
333,166.5,0,0.0,TC1,n_agents,500,group,1
334,167.0,0,0.0,TC1,n_agents,500,group,1
335,167.5,0,0.0,TC1,n_agents,500,group,1
336,168.0,0,0.0,TC1,n_agents,500,group,1
337,168.5,0,0.0,TC1,n_agents,500,group,1
338,169.0,0,0.0,TC1,n_agents,500,group,1
339,169.5,0,0.0,TC1,n_agents,500,group,1
340,170.0,0,0.0,TC1,n_agents,500,group,1
341,170.5,0,0.0,TC1,n_agents,500,group,1
342,171.0,0,0.0,TC1,n_agents,500,group,1
343,171.5,0,0.0,TC1,n_agents,500,group,1
344,172.0,0,0.0,TC1,n_agents,500,group,1
345,172.5,0,0.0,TC1,n_agents,500,group,1
346,173.0,0,0.0,TC1,n_agents,500,group,1
347,173.5,0,0.0,TC1,n_agents,500,group,1
348,174.0,0,0.0,TC1,n_agents,500,group,1
349,174.5,0,0.0,TC1,n_agents,500,group,1
350,175.0,0,0.0,TC1,n_agents,500,group,1
351,175.5,0,0.0,TC1,n_agents,500,group,1
352,176.0,0,0.0,TC1,n_agents,500,group,1
353,176.5,0,0.0,TC1,n_agents,500,group,1
354,177.0,0,0.0,TC1,n_agents,500,group,1
355,177.5,0,0.0,TC1,n_agents,500,group,1
356,178.0,0,0.0,TC1,n_agents,500,group,1
357,178.5,0,0.0,TC1,n_agents,500,group,1
358,179.0,0,0.0,TC1,n_agents,500,group,1
359,179.5,0,0.0,TC1,n_agents,500,group,1
360,180.0,0,0.0,TC1,n_agents,500,group,1
361,180.5,0,0.0,TC1,n_agents,500,group,1
362,181.0,0,0.0,TC1,n_agents,500,group,1
363,181.5,0,0.0,TC1,n_agents,500,group,1
364,182.0,0,0.0,TC1,n_agents,500,group,1
365,182.5,0,0.0,TC1,n_agents,500,group,1
366,183.0,0,0.0,TC1,n_agents,500,group,1
367,183.5,0,0.0,TC1,n_agents,500,group,1
368,184.0,0,0.0,TC1,n_agents,500,group,1
369,184.5,0,0.0,TC1,n_agents,500,group,1
370,185.0,0,0.0,TC1,n_agents,500,group,1
371,185.5,0,0.0,TC1,n_agents,500,group,1
372,186.0,0,0.0,TC1,n_agents,500,group,1
373,186.5,0,0.0,TC1,n_agents,500,group,1
374,187.0,0,0.0,TC1,n_agents,500,group,1
375,187.5,0,0.0,TC1,n_agents,500,group,1
376,188.0,0,0.0,TC1,n_agents,500,group,1
377,188.5,0,0.0,TC1,n_agents,500,group,1
378,189.0,0,0.0,TC1,n_agents,500,group,1
379,189.5,0,0.0,TC1,n_agents,500,group,1
380,190.0,0,0.0,TC1,n_agents,500,group,1
381,190.5,0,0.0,TC1,n_agents,500,group,1
382,191.0,0,0.0,TC1,n_agents,500,group,1
383,191.5,0,0.0,TC1,n_agents,500,group,1
384,192.0,0,0.0,TC1,n_agents,500,group,1
385,192.5,0,0.0,TC1,n_agents,500,group,1
386,193.0,0,0.0,TC1,n_agents,500,group,1
387,193.5,0,0.0,TC1,n_agents,500,group,1
388,194.0,0,0.0,TC1,n_agents,500,group,1
389,194.5,0,0.0,TC1,n_agents,500,group,1
390,195.0,0,0.0,TC1,n_agents,500,group,1
391,195.5,0,0.0,TC1,n_agents,500,group,1
392,196.0,0,0.0,TC1,n_agents,500,group,1
393,196.5,0,0.0,TC1,n_agents,500,group,1
394,197.0,0,0.0,TC1,n_agents,500,group,1
395,197.5,0,0.0,TC1,n_agents,500,group,1
396,198.0,0,0.0,TC1,n_agents,500,group,1
397,198.5,0,0.0,TC1,n_agents,500,group,1
398,199.0,0,0.0,TC1,n_agents,500,group,1
399,199.5,0,0.0,TC1,n_agents,500,group,1
400,200.0,0,0.0,TC1,n_agents,500,group,1
401,200.5,0,0.0,TC1,n_agents,500,group,1
402,201.0,0,0.0,TC1,n_agents,500,group,1
403,201.5,0,0.0,TC1,n_agents,500,group,1
404,202.0,0,0.0,TC1,n_agents,500,group,1
405,202.5,0,0.0,TC1,n_agents,500,group,1
406,203.0,0,0.0,TC1,n_agents,500,group,1
407,203.5,0,0.0,TC1,n_agents,500,group,1
408,204.0,0,0.0,TC1,n_agents,500,group,1
409,204.5,0,0.0,TC1,n_agents,500,group,1
410,205.0,0,0.0,TC1,n_agents,500,group,1
411,205.5,0,0.0,TC1,n_agents,500,group,1
412,206.0,0,0.0,TC1,n_agents,500,group,1
413,206.5,0,0.0,TC1,n_agents,500,group,1
414,207.0,0,0.0,TC1,n_agents,500,group,1
415,207.5,0,0.0,TC1,n_agents,500,group,1
416,208.0,0,0.0,TC1,n_agents,500,group,1
417,208.5,0,0.0,TC1,n_agents,500,group,1
418,209.0,0,0.0,TC1,n_agents,500,group,1
419,209.5,0,0.0,TC1,n_agents,500,group,1
420,210.0,0,0.0,TC1,n_agents,500,group,1
421,210.5,0,0.0,TC1,n_agents,500,group,1
422,211.0,0,0.0,TC1,n_agents,500,group,1
423,211.5,0,0.0,TC1,n_agents,500,group,1
424,212.0,0,0.0,TC1,n_agents,500,group,1
425,212.5,0,0.0,TC1,n_agents,500,group,1
426,213.0,0,0.0,TC1,n_agents,500,group,1
427,213.5,0,0.0,TC1,n_agents,500,group,1
428,214.0,0,0.0,TC1,n_agents,500,group,1
429,214.5,0,0.0,TC1,n_agents,500,group,1
430,215.0,0,0.0,TC1,n_agents,500,group,1
431,215.5,0,0.0,TC1,n_agents,500,group,1
432,216.0,0,0.0,TC1,n_agents,500,group,1
433,216.5,0,0.0,TC1,n_agents,500,group,1
434,217.0,0,0.0,TC1,n_agents,500,group,1
435,217.5,0,0.0,TC1,n_agents,500,group,1
436,218.0,0,0.0,TC1,n_agents,500,group,1
437,218.5,0,0.0,TC1,n_agents,500,group,1
438,219.0,0,0.0,TC1,n_agents,500,group,1
439,219.5,0,0.0,TC1,n_agents,500,group,1
440,220.0,0,0.0,TC1,n_agents,500,group,1
441,220.5,0,0.0,TC1,n_agents,500,group,1
442,221.0,0,0.0,TC1,n_agents,500,group,1
443,221.5,0,0.0,TC1,n_agents,500,group,1
444,222.0,0,0.0,TC1,n_agents,500,group,1
445,222.5,0,0.0,TC1,n_agents,500,group,1
446,223.0,0,0.0,TC1,n_agents,500,group,1
447,223.5,0,0.0,TC1,n_agents,500,group,1
448,224.0,0,0.0,TC1,n_agents,500,group,1
449,224.5,0,0.0,TC1,n_agents,500,group,1
450,225.0,0,0.0,TC1,n_agents,500,group,1
451,225.5,0,0.0,TC1,n_agents,500,group,1
452,226.0,0,0.0,TC1,n_agents,500,group,1
453,226.5,0,0.0,TC1,n_agents,500,group,1
454,227.0,0,0.0,TC1,n_agents,500,group,1
455,227.5,0,0.0,TC1,n_agents,500,group,1
456,228.0,0,0.0,TC1,n_agents,500,group,1
457,228.5,0,0.0,TC1,n_agents,500,group,1
458,229.0,0,0.0,TC1,n_agents,500,group,1
459,229.5,0,0.0,TC1,n_agents,500,group,1
460,230.0,0,0.0,TC1,n_agents,500,group,1
461,230.5,0,0.0,TC1,n_agents,500,group,1
462,231.0,0,0.0,TC1,n_agents,500,group,1
463,231.5,0,0.0,TC1,n_agents,500,group,1
464,232.0,0,0.0,TC1,n_agents,500,group,1
465,232.5,0,0.0,TC1,n_agents,500,group,1
466,233.0,0,0.0,TC1,n_agents,500,group,1
467,233.5,0,0.0,TC1,n_agents,500,group,1
468,234.0,0,0.0,TC1,n_agents,500,group,1
469,234.5,0,0.0,TC1,n_agents,500,group,1
470,235.0,0,0.0,TC1,n_agents,500,group,1
471,235.5,0,0.0,TC1,n_agents,500,group,1
472,236.0,0,0.0,TC1,n_agents,500,group,1
473,236.5,0,0.0,TC1,n_agents,500,group,1
474,237.0,0,0.0,TC1,n_agents,500,group,1
475,237.5,0,0.0,TC1,n_agents,500,group,1
476,238.0,0,0.0,TC1,n_agents,500,group,1
477,238.5,0,0.0,TC1,n_agents,500,group,1
478,239.0,0,0.0,TC1,n_agents,500,group,1
479,239.5,0,0.0,TC1,n_agents,500,group,1
480,240.0,0,0.0,TC1,n_agents,500,group,1
481,240.5,0,0.0,TC1,n_agents,500,group,1
482,241.0,0,0.0,TC1,n_agents,500,group,1
483,241.5,0,0.0,TC1,n_agents,500,group,1
484,242.0,0,0.0,TC1,n_agents,500,group,1
485,242.5,0,0.0,TC1,n_agents,500,group,1
486,243.0,0,0.0,TC1,n_agents,500,group,1
487,243.5,0,0.0,TC1,n_agents,500,group,1
488,244.0,0,0.0,TC1,n_agents,500,group,1
489,244.5,0,0.0,TC1,n_agents,500,group,1
490,245.0,0,0.0,TC1,n_agents,500,group,1
491,245.5,0,0.0,TC1,n_agents,500,group,1
492,246.0,0,0.0,TC1,n_agents,500,group,1
493,246.5,0,0.0,TC1,n_agents,500,group,1
494,247.0,0,0.0,TC1,n_agents,500,group,1
495,247.5,0,0.0,TC1,n_agents,500,group,1
496,248.0,0,0.0,TC1,n_agents,500,group,1
497,248.5,0,0.0,TC1,n_agents,500,group,1
498,249.0,0,0.0,TC1,n_agents,500,group,1
499,249.5,0,0.0,TC1,n_agents,500,group,1
500,250.0,0,0.0,TC1,n_agents,500,group,1
501,250.5,0,0.0,TC1,n_agents,500,group,1
502,251.0,0,0.0,TC1,n_agents,500,group,1
503,251.5,0,0.0,TC1,n_agents,500,group,1
504,252.0,0,0.0,TC1,n_agents,500,group,1
505,252.5,0,0.0,TC1,n_agents,500,group,1
506,253.0,0,0.0,TC1,n_agents,500,group,1
507,253.5,0,0.0,TC1,n_agents,500,group,1
508,254.0,0,0.0,TC1,n_agents,500,group,1
509,254.5,0,0.0,TC1,n_agents,500,group,1
510,255.0,0,0.0,TC1,n_agents,500,group,1
511,255.5,0,0.0,TC1,n_agents,500,group,1
512,256.0,0,0.0,TC1,n_agents,500,group,1
513,256.5,0,0.0,TC1,n_agents,500,group,1
514,257.0,0,0.0,TC1,n_agents,500,group,1
515,257.5,0,0.0,TC1,n_agents,500,group,1
516,258.0,0,0.0,TC1,n_agents,500,group,1
517,258.5,0,0.0,TC1,n_agents,500,group,1
518,259.0,0,0.0,TC1,n_agents,500,group,1
519,259.5,0,0.0,TC1,n_agents,500,group,1
520,260.0,0,0.0,TC1,n_agents,500,group,1
521,260.5,0,0.0,TC1,n_agents,500,group,1
522,261.0,0,0.0,TC1,n_agents,500,group,1
523,261.5,0,0.0,TC1,n_agents,500,group,1
524,262.0,0,0.0,TC1,n_agents,500,group,1
525,262.5,0,0.0,TC1,n_agents,500,group,1
526,263.0,0,0.0,TC1,n_agents,500,group,1
527,263.5,0,0.0,TC1,n_agents,500,group,1
528,264.0,0,0.0,TC1,n_agents,500,group,1
529,264.5,0,0.0,TC1,n_agents,500,group,1
530,265.0,0,0.0,TC1,n_agents,500,group,1
531,265.5,0,0.0,TC1,n_agents,500,group,1
532,266.0,0,0.0,TC1,n_agents,500,group,1
533,266.5,0,0.0,TC1,n_agents,500,group,1
534,267.0,0,0.0,TC1,n_agents,500,group,1
535,267.5,0,0.0,TC1,n_agents,500,group,1
536,268.0,0,0.0,TC1,n_agents,500,group,1
537,268.5,0,0.0,TC1,n_agents,500,group,1
538,269.0,0,0.0,TC1,n_agents,500,group,1
539,269.5,0,0.0,TC1,n_agents,500,group,1
540,270.0,0,0.0,TC1,n_agents,500,group,1
541,270.5,0,0.0,TC1,n_agents,500,group,1
542,271.0,0,0.0,TC1,n_agents,500,group,1
543,271.5,0,0.0,TC1,n_agents,500,group,1
544,272.0,0,0.0,TC1,n_agents,500,group,1
545,272.5,0,0.0,TC1,n_agents,500,group,1
546,273.0,0,0.0,TC1,n_agents,500,group,1
547,273.5,0,0.0,TC1,n_agents,500,group,1
548,274.0,0,0.0,TC1,n_agents,500,group,1
549,274.5,0,0.0,TC1,n_agents,500,group,1
550,275.0,0,0.0,TC1,n_agents,500,group,1
551,275.5,0,0.0,TC1,n_agents,500,group,1
552,276.0,0,0.0,TC1,n_agents,500,group,1
553,276.5,0,0.0,TC1,n_agents,500,group,1
554,277.0,0,0.0,TC1,n_agents,500,group,1
555,277.5,0,0.0,TC1,n_agents,500,group,1
556,278.0,0,0.0,TC1,n_agents,500,group,1
557,278.5,0,0.0,TC1,n_agents,500,group,1
558,279.0,0,0.0,TC1,n_agents,500,group,1
559,279.5,0,0.0,TC1,n_agents,500,group,1
560,280.0,0,0.0,TC1,n_agents,500,group,1
561,280.5,0,0.0,TC1,n_agents,500,group,1
562,281.0,0,0.0,TC1,n_agents,500,group,1
563,281.5,0,0.0,TC1,n_agents,500,group,1
564,282.0,0,0.0,TC1,n_agents,500,group,1
565,282.5,0,0.0,TC1,n_agents,500,group,1
566,283.0,0,0.0,TC1,n_agents,500,group,1
567,283.5,0,0.0,TC1,n_agents,500,group,1
568,284.0,0,0.0,TC1,n_agents,500,group,1
569,284.5,0,0.0,TC1,n_agents,500,group,1
570,285.0,0,0.0,TC1,n_agents,500,group,1
571,285.5,0,0.0,TC1,n_agents,500,group,1
572,286.0,0,0.0,TC1,n_agents,500,group,1
573,286.5,0,0.0,TC1,n_agents,500,group,1
574,287.0,0,0.0,TC1,n_agents,500,group,1
575,287.5,0,0.0,TC1,n_agents,500,group,1
576,288.0,0,0.0,TC1,n_agents,500,group,1
577,288.5,0,0.0,TC1,n_agents,500,group,1
578,289.0,0,0.0,TC1,n_agents,500,group,1
579,289.5,0,0.0,TC1,n_agents,500,group,1
580,290.0,0,0.0,TC1,n_agents,500,group,1
581,290.5,0,0.0,TC1,n_agents,500,group,1
582,291.0,0,0.0,TC1,n_agents,500,group,1
583,291.5,0,0.0,TC1,n_agents,500,group,1
584,292.0,0,0.0,TC1,n_agents,500,group,1
585,292.5,0,0.0,TC1,n_agents,500,group,1
586,293.0,0,0.0,TC1,n_agents,500,group,1
587,293.5,0,0.0,TC1,n_agents,500,group,1
588,294.0,0,0.0,TC1,n_agents,500,group,1
589,294.5,0,0.0,TC1,n_agents,500,group,1
590,295.0,0,0.0,TC1,n_agents,500,group,1
591,295.5,0,0.0,TC1,n_agents,500,group,1
592,296.0,0,0.0,TC1,n_agents,500,group,1
593,296.5,0,0.0,TC1,n_agents,500,group,1
594,297.0,0,0.0,TC1,n_agents,500,group,1
595,297.5,0,0.0,TC1,n_agents,500,group,1
596,298.0,0,0.0,TC1,n_agents,500,group,1
597,298.5,0,0.0,TC1,n_agents,500,group,1
598,299.0,0,0.0,TC1,n_agents,500,group,1
599,299.5,0,0.0,TC1,n_agents,500,group,1
600,300.0,0,0.0,TC1,n_agents,500,group,1
601,300.5,0,0.0,TC1,n_agents,500,group,1
602,301.0,0,0.0,TC1,n_agents,500,group,1
603,301.5,0,0.0,TC1,n_agents,500,group,1
604,302.0,0,0.0,TC1,n_agents,500,group,1
605,302.5,0,0.0,TC1,n_agents,500,group,1
606,303.0,0,0.0,TC1,n_agents,500,group,1
607,303.5,0,0.0,TC1,n_agents,500,group,1
608,304.0,0,0.0,TC1,n_agents,500,group,1
609,304.5,0,0.0,TC1,n_agents,500,group,1
610,305.0,0,0.0,TC1,n_agents,500,group,1
611,305.5,0,0.0,TC1,n_agents,500,group,1
612,306.0,0,0.0,TC1,n_agents,500,group,1
613,306.5,0,0.0,TC1,n_agents,500,group,1
614,307.0,0,0.0,TC1,n_agents,500,group,1
615,307.5,0,0.0,TC1,n_agents,500,group,1
616,308.0,0,0.0,TC1,n_agents,500,group,1
617,308.5,0,0.0,TC1,n_agents,500,group,1
618,309.0,0,0.0,TC1,n_agents,500,group,1
619,309.5,0,0.0,TC1,n_agents,500,group,1
620,310.0,0,0.0,TC1,n_agents,500,group,1
621,310.5,0,0.0,TC1,n_agents,500,group,1
622,311.0,0,0.0,TC1,n_agents,500,group,1
623,311.5,0,0.0,TC1,n_agents,500,group,1
624,312.0,0,0.0,TC1,n_agents,500,group,1
625,312.5,0,0.0,TC1,n_agents,500,group,1
626,313.0,0,0.0,TC1,n_agents,500,group,1
627,313.5,0,0.0,TC1,n_agents,500,group,1
628,314.0,0,0.0,TC1,n_agents,500,group,1
629,314.5,0,0.0,TC1,n_agents,500,group,1
630,315.0,0,0.0,TC1,n_agents,500,group,1
631,315.5,0,0.0,TC1,n_agents,500,group,1
632,316.0,0,0.0,TC1,n_agents,500,group,1
633,316.5,0,0.0,TC1,n_agents,500,group,1
634,317.0,0,0.0,TC1,n_agents,500,group,1
635,317.5,0,0.0,TC1,n_agents,500,group,1
636,318.0,0,0.0,TC1,n_agents,500,group,1
637,318.5,0,0.0,TC1,n_agents,500,group,1
638,319.0,0,0.0,TC1,n_agents,500,group,1
639,319.5,0,0.0,TC1,n_agents,500,group,1
640,320.0,0,0.0,TC1,n_agents,500,group,1
641,320.5,0,0.0,TC1,n_agents,500,group,1
642,321.0,0,0.0,TC1,n_agents,500,group,1
643,321.5,0,0.0,TC1,n_agents,500,group,1
644,322.0,0,0.0,TC1,n_agents,500,group,1
645,322.5,0,0.0,TC1,n_agents,500,group,1
646,323.0,0,0.0,TC1,n_agents,500,group,1
647,323.5,0,0.0,TC1,n_agents,500,group,1
648,324.0,0,0.0,TC1,n_agents,500,group,1
649,324.5,0,0.0,TC1,n_agents,500,group,1
650,325.0,0,0.0,TC1,n_agents,500,group,1
651,325.5,0,0.0,TC1,n_agents,500,group,1
652,326.0,0,0.0,TC1,n_agents,500,group,1
653,326.5,0,0.0,TC1,n_agents,500,group,1
654,327.0,0,0.0,TC1,n_agents,500,group,1
655,327.5,0,0.0,TC1,n_agents,500,group,1
656,328.0,0,0.0,TC1,n_agents,500,group,1
657,328.5,0,0.0,TC1,n_agents,500,group,1
658,329.0,0,0.0,TC1,n_agents,500,group,1
659,329.5,0,0.0,TC1,n_agents,500,group,1
660,330.0,0,0.0,TC1,n_agents,500,group,1
661,330.5,0,0.0,TC1,n_agents,500,group,1
662,331.0,0,0.0,TC1,n_agents,500,group,1
663,331.5,0,0.0,TC1,n_agents,500,group,1
664,332.0,0,0.0,TC1,n_agents,500,group,1
665,332.5,0,0.0,TC1,n_agents,500,group,1
666,333.0,0,0.0,TC1,n_agents,500,group,1
667,333.5,0,0.0,TC1,n_agents,500,group,1
668,334.0,0,0.0,TC1,n_agents,500,group,1
669,334.5,0,0.0,TC1,n_agents,500,group,1
670,335.0,0,0.0,TC1,n_agents,500,group,1
671,335.5,0,0.0,TC1,n_agents,500,group,1
672,336.0,0,0.0,TC1,n_agents,500,group,1
673,336.5,0,0.0,TC1,n_agents,500,group,1
674,337.0,0,0.0,TC1,n_agents,500,group,1
675,337.5,0,0.0,TC1,n_agents,500,group,1
676,338.0,0,0.0,TC1,n_agents,500,group,1
677,338.5,0,0.0,TC1,n_agents,500,group,1
678,339.0,0,0.0,TC1,n_agents,500,group,1
679,339.5,0,0.0,TC1,n_agents,500,group,1
680,340.0,0,0.0,TC1,n_agents,500,group,1
681,340.5,0,0.0,TC1,n_agents,500,group,1
682,341.0,0,0.0,TC1,n_agents,500,group,1
683,341.5,0,0.0,TC1,n_agents,500,group,1
684,342.0,0,0.0,TC1,n_agents,500,group,1
685,342.5,0,0.0,TC1,n_agents,500,group,1
686,343.0,0,0.0,TC1,n_agents,500,group,1
687,343.5,0,0.0,TC1,n_agents,500,group,1
688,344.0,0,0.0,TC1,n_agents,500,group,1
689,344.5,0,0.0,TC1,n_agents,500,group,1
690,345.0,0,0.0,TC1,n_agents,500,group,1
691,345.5,0,0.0,TC1,n_agents,500,group,1
692,346.0,0,0.0,TC1,n_agents,500,group,1
693,346.5,0,0.0,TC1,n_agents,500,group,1
694,347.0,0,0.0,TC1,n_agents,500,group,1
695,347.5,0,0.0,TC1,n_agents,500,group,1
696,348.0,0,0.0,TC1,n_agents,500,group,1
697,348.5,0,0.0,TC1,n_agents,500,group,1
698,349.0,0,0.0,TC1,n_agents,500,group,1
699,349.5,0,0.0,TC1,n_agents,500,group,1
700,350.0,0,0.0,TC1,n_agents,500,group,1
701,350.5,0,0.0,TC1,n_agents,500,group,1
702,351.0,0,0.0,TC1,n_agents,500,group,1
703,351.5,0,0.0,TC1,n_agents,500,group,1
704,352.0,0,0.0,TC1,n_agents,500,group,1
705,352.5,0,0.0,TC1,n_agents,500,group,1
706,353.0,0,0.0,TC1,n_agents,500,group,1
707,353.5,0,0.0,TC1,n_agents,500,group,1
708,354.0,0,0.0,TC1,n_agents,500,group,1
709,354.5,0,0.0,TC1,n_agents,500,group,1
710,355.0,0,0.0,TC1,n_agents,500,group,1
711,355.5,0,0.0,TC1,n_agents,500,group,1
712,356.0,0,0.0,TC1,n_agents,500,group,1
713,356.5,0,0.0,TC1,n_agents,500,group,1
714,357.0,0,0.0,TC1,n_agents,500,group,1
715,357.5,0,0.0,TC1,n_agents,500,group,1
716,358.0,0,0.0,TC1,n_agents,500,group,1
717,358.5,0,0.0,TC1,n_agents,500,group,1
718,359.0,0,0.0,TC1,n_agents,500,group,1
719,359.5,0,0.0,TC1,n_agents,500,group,1
720,360.0,0,0.0,TC1,n_agents,500,group,1
721,360.5,0,0.0,TC1,n_agents,500,group,1
722,361.0,0,0.0,TC1,n_agents,500,group,1
723,361.5,0,0.0,TC1,n_agents,500,group,1
724,362.0,0,0.0,TC1,n_agents,500,group,1
725,362.5,0,0.0,TC1,n_agents,500,group,1
726,363.0,0,0.0,TC1,n_agents,500,group,1
727,363.5,0,0.0,TC1,n_agents,500,group,1
728,364.0,0,0.0,TC1,n_agents,500,group,1
729,364.5,0,0.0,TC1,n_agents,500,group,1
730,365.0,0,0.0,TC1,n_agents,500,group,1
731,365.5,0,0.0,TC1,n_agents,500,group,1
732,366.0,0,0.0,TC1,n_agents,500,group,1
733,366.5,0,0.0,TC1,n_agents,500,group,1
734,367.0,0,0.0,TC1,n_agents,500,group,1
735,367.5,0,0.0,TC1,n_agents,500,group,1
736,368.0,0,0.0,TC1,n_agents,500,group,1
737,368.5,0,0.0,TC1,n_agents,500,group,1
738,369.0,0,0.0,TC1,n_agents,500,group,1
739,369.5,0,0.0,TC1,n_agents,500,group,1
740,370.0,0,0.0,TC1,n_agents,500,group,1
741,370.5,0,0.0,TC1,n_agents,500,group,1
742,371.0,0,0.0,TC1,n_agents,500,group,1
743,371.5,0,0.0,TC1,n_agents,500,group,1
744,372.0,0,0.0,TC1,n_agents,500,group,1
745,372.5,0,0.0,TC1,n_agents,500,group,1
746,373.0,0,0.0,TC1,n_agents,500,group,1
747,373.5,0,0.0,TC1,n_agents,500,group,1
748,374.0,0,0.0,TC1,n_agents,500,group,1
749,374.5,0,0.0,TC1,n_agents,500,group,1
750,375.0,0,0.0,TC1,n_agents,500,group,1
751,375.5,0,0.0,TC1,n_agents,500,group,1
752,376.0,0,0.0,TC1,n_agents,500,group,1
753,376.5,0,0.0,TC1,n_agents,500,group,1
754,377.0,0,0.0,TC1,n_agents,500,group,1
755,377.5,0,0.0,TC1,n_agents,500,group,1
756,378.0,0,0.0,TC1,n_agents,500,group,1
757,378.5,0,0.0,TC1,n_agents,500,group,1
758,379.0,0,0.0,TC1,n_agents,500,group,1
759,379.5,0,0.0,TC1,n_agents,500,group,1
760,380.0,0,0.0,TC1,n_agents,500,group,1
761,380.5,0,0.0,TC1,n_agents,500,group,1
762,381.0,0,0.0,TC1,n_agents,500,group,1
763,381.5,0,0.0,TC1,n_agents,500,group,1
764,382.0,0,0.0,TC1,n_agents,500,group,1
765,382.5,0,0.0,TC1,n_agents,500,group,1
766,383.0,0,0.0,TC1,n_agents,500,group,1
767,383.5,0,0.0,TC1,n_agents,500,group,1
768,384.0,0,0.0,TC1,n_agents,500,group,1
769,384.5,0,0.0,TC1,n_agents,500,group,1
770,385.0,0,0.0,TC1,n_agents,500,group,1
771,385.5,0,0.0,TC1,n_agents,500,group,1
772,386.0,0,0.0,TC1,n_agents,500,group,1
773,386.5,0,0.0,TC1,n_agents,500,group,1
774,387.0,0,0.0,TC1,n_agents,500,group,1
775,387.5,0,0.0,TC1,n_agents,500,group,1
776,388.0,0,0.0,TC1,n_agents,500,group,1
777,388.5,0,0.0,TC1,n_agents,500,group,1
778,389.0,0,0.0,TC1,n_agents,500,group,1
779,389.5,0,0.0,TC1,n_agents,500,group,1
780,390.0,0,0.0,TC1,n_agents,500,group,1
781,390.5,0,0.0,TC1,n_agents,500,group,1
782,391.0,0,0.0,TC1,n_agents,500,group,1
783,391.5,0,0.0,TC1,n_agents,500,group,1
784,392.0,0,0.0,TC1,n_agents,500,group,1
785,392.5,0,0.0,TC1,n_agents,500,group,1
786,393.0,0,0.0,TC1,n_agents,500,group,1
787,393.5,0,0.0,TC1,n_agents,500,group,1
788,394.0,0,0.0,TC1,n_agents,500,group,1
789,394.5,0,0.0,TC1,n_agents,500,group,1
790,395.0,0,0.0,TC1,n_agents,500,group,1
791,395.5,0,0.0,TC1,n_agents,500,group,1
792,396.0,0,0.0,TC1,n_agents,500,group,1
793,396.5,0,0.0,TC1,n_agents,500,group,1
794,397.0,0,0.0,TC1,n_agents,500,group,1
795,397.5,0,0.0,TC1,n_agents,500,group,1
796,398.0,0,0.0,TC1,n_agents,500,group,1
797,398.5,0,0.0,TC1,n_agents,500,group,1
798,399.0,0,0.0,TC1,n_agents,500,group,1
799,399.5,0,0.0,TC1,n_agents,500,group,1
800,400.0,0,0.0,TC1,n_agents,500,group,1
0,0.0,0,0.0,TC1,n_agents,500,group,2
1,0.5,0,0.0,TC1,n_agents,500,group,2
2,1.0,0,0.0,TC1,n_agents,500,group,2
3,1.5,0,0.0,TC1,n_agents,500,group,2
4,2.0,0,0.0,TC1,n_agents,500,group,2
5,2.5,0,0.0,TC1,n_agents,500,group,2
6,3.0,0,0.0,TC1,n_agents,500,group,2
7,3.5,0,0.0,TC1,n_agents,500,group,2
8,4.0,0,0.0,TC1,n_agents,500,group,2
9,4.5,0,0.0,TC1,n_agents,500,group,2
10,5.0,0,0.0,TC1,n_agents,500,group,2
11,5.5,0,0.0,TC1,n_agents,500,group,2
12,6.0,0,0.0,TC1,n_agents,500,group,2
13,6.5,0,0.0,TC1,n_agents,500,group,2
14,7.0,0,0.0,TC1,n_agents,500,group,2
15,7.5,0,0.0,TC1,n_agents,500,group,2
16,8.0,0,0.0,TC1,n_agents,500,group,2
17,8.5,0,0.0,TC1,n_agents,500,group,2
18,9.0,0,0.0,TC1,n_agents,500,group,2
19,9.5,0,0.0,TC1,n_agents,500,group,2
20,10.0,0,0.0,TC1,n_agents,500,group,2
21,10.5,0,0.0,TC1,n_agents,500,group,2
22,11.0,0,0.0,TC1,n_agents,500,group,2
23,11.5,0,0.0,TC1,n_agents,500,group,2
24,12.0,0,0.0,TC1,n_agents,500,group,2
25,12.5,0,0.0,TC1,n_agents,500,group,2
26,13.0,0,0.0,TC1,n_agents,500,group,2
27,13.5,0,0.0,TC1,n_agents,500,group,2
28,14.0,0,0.0,TC1,n_agents,500,group,2
29,14.5,0,0.0,TC1,n_agents,500,group,2
30,15.0,0,0.0,TC1,n_agents,500,group,2
31,15.5,0,0.0,TC1,n_agents,500,group,2
32,16.0,0,0.0,TC1,n_agents,500,group,2
33,16.5,0,0.0,TC1,n_agents,500,group,2
34,17.0,0,0.0,TC1,n_agents,500,group,2
35,17.5,0,0.0,TC1,n_agents,500,group,2
36,18.0,0,0.0,TC1,n_agents,500,group,2
37,18.5,0,0.0,TC1,n_agents,500,group,2
38,19.0,0,0.0,TC1,n_agents,500,group,2
39,19.5,0,0.0,TC1,n_agents,500,group,2
40,20.0,0,0.0,TC1,n_agents,500,group,2
41,20.5,0,0.0,TC1,n_agents,500,group,2
42,21.0,0,0.0,TC1,n_agents,500,group,2
43,21.5,0,0.0,TC1,n_agents,500,group,2
44,22.0,0,0.0,TC1,n_agents,500,group,2
45,22.5,0,0.0,TC1,n_agents,500,group,2
46,23.0,0,0.0,TC1,n_agents,500,group,2
47,23.5,0,0.0,TC1,n_agents,500,group,2
48,24.0,0,0.0,TC1,n_agents,500,group,2
49,24.5,0,0.0,TC1,n_agents,500,group,2
50,25.0,0,0.0,TC1,n_agents,500,group,2
51,25.5,0,0.0,TC1,n_agents,500,group,2
52,26.0,0,0.0,TC1,n_agents,500,group,2
53,26.5,0,0.0,TC1,n_agents,500,group,2
54,27.0,0,0.0,TC1,n_agents,500,group,2
55,27.5,0,0.0,TC1,n_agents,500,group,2
56,28.0,0,0.0,TC1,n_agents,500,group,2
57,28.5,0,0.0,TC1,n_agents,500,group,2
58,29.0,0,0.0,TC1,n_agents,500,group,2
59,29.5,0,0.0,TC1,n_agents,500,group,2
60,30.0,0,0.0,TC1,n_agents,500,group,2
61,30.5,0,0.0,TC1,n_agents,500,group,2
62,31.0,0,0.0,TC1,n_agents,500,group,2
63,31.5,0,0.0,TC1,n_agents,500,group,2
64,32.0,0,0.0,TC1,n_agents,500,group,2
65,32.5,0,0.0,TC1,n_agents,500,group,2
66,33.0,0,0.0,TC1,n_agents,500,group,2
67,33.5,0,0.0,TC1,n_agents,500,group,2
68,34.0,0,0.0,TC1,n_agents,500,group,2
69,34.5,0,0.0,TC1,n_agents,500,group,2
70,35.0,0,0.0,TC1,n_agents,500,group,2
71,35.5,0,0.0,TC1,n_agents,500,group,2
72,36.0,0,0.0,TC1,n_agents,500,group,2
73,36.5,0,0.0,TC1,n_agents,500,group,2
74,37.0,0,0.0,TC1,n_agents,500,group,2
75,37.5,0,0.0,TC1,n_agents,500,group,2
76,38.0,0,0.0,TC1,n_agents,500,group,2
77,38.5,0,0.0,TC1,n_agents,500,group,2
78,39.0,0,0.0,TC1,n_agents,500,group,2
79,39.5,0,0.0,TC1,n_agents,500,group,2
80,40.0,0,0.0,TC1,n_agents,500,group,2
81,40.5,0,0.0,TC1,n_agents,500,group,2
82,41.0,0,0.0,TC1,n_agents,500,group,2
83,41.5,0,0.0,TC1,n_agents,500,group,2
84,42.0,0,0.0,TC1,n_agents,500,group,2
85,42.5,0,0.0,TC1,n_agents,500,group,2
86,43.0,0,0.0,TC1,n_agents,500,group,2
87,43.5,0,0.0,TC1,n_agents,500,group,2
88,44.0,0,0.0,TC1,n_agents,500,group,2
89,44.5,0,0.0,TC1,n_agents,500,group,2
90,45.0,0,0.0,TC1,n_agents,500,group,2
91,45.5,0,0.0,TC1,n_agents,500,group,2
92,46.0,0,0.0,TC1,n_agents,500,group,2
93,46.5,0,0.0,TC1,n_agents,500,group,2
94,47.0,0,0.0,TC1,n_agents,500,group,2
95,47.5,0,0.0,TC1,n_agents,500,group,2
96,48.0,0,0.0,TC1,n_agents,500,group,2
97,48.5,0,0.0,TC1,n_agents,500,group,2
98,49.0,0,0.0,TC1,n_agents,500,group,2
99,49.5,0,0.0,TC1,n_agents,500,group,2
100,50.0,0,0.0,TC1,n_agents,500,group,2
101,50.5,0,0.0,TC1,n_agents,500,group,2
102,51.0,0,0.0,TC1,n_agents,500,group,2
103,51.5,0,0.0,TC1,n_agents,500,group,2
104,52.0,0,0.0,TC1,n_agents,500,group,2
105,52.5,0,0.0,TC1,n_agents,500,group,2
106,53.0,0,0.0,TC1,n_agents,500,group,2
107,53.5,0,0.0,TC1,n_agents,500,group,2
108,54.0,0,0.0,TC1,n_agents,500,group,2
109,54.5,0,0.0,TC1,n_agents,500,group,2
110,55.0,0,0.0,TC1,n_agents,500,group,2
111,55.5,0,0.0,TC1,n_agents,500,group,2
112,56.0,0,0.0,TC1,n_agents,500,group,2
113,56.5,0,0.0,TC1,n_agents,500,group,2
114,57.0,0,0.0,TC1,n_agents,500,group,2
115,57.5,0,0.0,TC1,n_agents,500,group,2
116,58.0,0,0.0,TC1,n_agents,500,group,2
117,58.5,0,0.0,TC1,n_agents,500,group,2
118,59.0,0,0.0,TC1,n_agents,500,group,2
119,59.5,0,0.0,TC1,n_agents,500,group,2
120,60.0,0,0.0,TC1,n_agents,500,group,2
121,60.5,0,0.0,TC1,n_agents,500,group,2
122,61.0,0,0.0,TC1,n_agents,500,group,2
123,61.5,0,0.0,TC1,n_agents,500,group,2
124,62.0,0,0.0,TC1,n_agents,500,group,2
125,62.5,0,0.0,TC1,n_agents,500,group,2
126,63.0,0,0.0,TC1,n_agents,500,group,2
127,63.5,0,0.0,TC1,n_agents,500,group,2
128,64.0,0,0.0,TC1,n_agents,500,group,2
129,64.5,0,0.0,TC1,n_agents,500,group,2
130,65.0,0,0.0,TC1,n_agents,500,group,2
131,65.5,0,0.0,TC1,n_agents,500,group,2
132,66.0,0,0.0,TC1,n_agents,500,group,2
133,66.5,0,0.0,TC1,n_agents,500,group,2
134,67.0,0,0.0,TC1,n_agents,500,group,2
135,67.5,0,0.0,TC1,n_agents,500,group,2
136,68.0,0,0.0,TC1,n_agents,500,group,2
137,68.5,0,0.0,TC1,n_agents,500,group,2
138,69.0,0,0.0,TC1,n_agents,500,group,2
139,69.5,0,0.0,TC1,n_agents,500,group,2
140,70.0,0,0.0,TC1,n_agents,500,group,2
141,70.5,0,0.0,TC1,n_agents,500,group,2
142,71.0,0,0.0,TC1,n_agents,500,group,2
143,71.5,0,0.0,TC1,n_agents,500,group,2
144,72.0,0,0.0,TC1,n_agents,500,group,2
145,72.5,0,0.0,TC1,n_agents,500,group,2
146,73.0,0,0.0,TC1,n_agents,500,group,2
147,73.5,0,0.0,TC1,n_agents,500,group,2
148,74.0,0,0.0,TC1,n_agents,500,group,2
149,74.5,0,0.0,TC1,n_agents,500,group,2
150,75.0,0,0.0,TC1,n_agents,500,group,2
151,75.5,0,0.0,TC1,n_agents,500,group,2
152,76.0,0,0.0,TC1,n_agents,500,group,2
153,76.5,0,0.0,TC1,n_agents,500,group,2
154,77.0,0,0.0,TC1,n_agents,500,group,2
155,77.5,0,0.0,TC1,n_agents,500,group,2
156,78.0,0,0.0,TC1,n_agents,500,group,2
157,78.5,0,0.0,TC1,n_agents,500,group,2
158,79.0,0,0.0,TC1,n_agents,500,group,2
159,79.5,0,0.0,TC1,n_agents,500,group,2
160,80.0,0,0.0,TC1,n_agents,500,group,2
161,80.5,0,0.0,TC1,n_agents,500,group,2
162,81.0,0,0.0,TC1,n_agents,500,group,2
163,81.5,0,0.0,TC1,n_agents,500,group,2
164,82.0,0,0.0,TC1,n_agents,500,group,2
165,82.5,0,0.0,TC1,n_agents,500,group,2
166,83.0,0,0.0,TC1,n_agents,500,group,2
167,83.5,0,0.0,TC1,n_agents,500,group,2
168,84.0,0,0.0,TC1,n_agents,500,group,2
169,84.5,0,0.0,TC1,n_agents,500,group,2
170,85.0,0,0.0,TC1,n_agents,500,group,2
171,85.5,0,0.0,TC1,n_agents,500,group,2
172,86.0,0,0.0,TC1,n_agents,500,group,2
173,86.5,0,0.0,TC1,n_agents,500,group,2
174,87.0,0,0.0,TC1,n_agents,500,group,2
175,87.5,0,0.0,TC1,n_agents,500,group,2
176,88.0,0,0.0,TC1,n_agents,500,group,2
177,88.5,0,0.0,TC1,n_agents,500,group,2
178,89.0,0,0.0,TC1,n_agents,500,group,2
179,89.5,0,0.0,TC1,n_agents,500,group,2
180,90.0,0,0.0,TC1,n_agents,500,group,2
181,90.5,0,0.0,TC1,n_agents,500,group,2
182,91.0,0,0.0,TC1,n_agents,500,group,2
183,91.5,0,0.0,TC1,n_agents,500,group,2
184,92.0,0,0.0,TC1,n_agents,500,group,2
185,92.5,0,0.0,TC1,n_agents,500,group,2
186,93.0,0,0.0,TC1,n_agents,500,group,2
187,93.5,0,0.0,TC1,n_agents,500,group,2
188,94.0,0,0.0,TC1,n_agents,500,group,2
189,94.5,0,0.0,TC1,n_agents,500,group,2
190,95.0,0,0.0,TC1,n_agents,500,group,2
191,95.5,0,0.0,TC1,n_agents,500,group,2
192,96.0,0,0.0,TC1,n_agents,500,group,2
193,96.5,0,0.0,TC1,n_agents,500,group,2
194,97.0,0,0.0,TC1,n_agents,500,group,2
195,97.5,0,0.0,TC1,n_agents,500,group,2
196,98.0,0,0.0,TC1,n_agents,500,group,2
197,98.5,0,0.0,TC1,n_agents,500,group,2
198,99.0,0,0.0,TC1,n_agents,500,group,2
199,99.5,0,0.0,TC1,n_agents,500,group,2
200,100.0,0,0.0,TC1,n_agents,500,group,2
201,100.5,0,0.0,TC1,n_agents,500,group,2
202,101.0,0,0.0,TC1,n_agents,500,group,2
203,101.5,0,0.0,TC1,n_agents,500,group,2
204,102.0,0,0.0,TC1,n_agents,500,group,2
205,102.5,0,0.0,TC1,n_agents,500,group,2
206,103.0,0,0.0,TC1,n_agents,500,group,2
207,103.5,0,0.0,TC1,n_agents,500,group,2
208,104.0,0,0.0,TC1,n_agents,500,group,2
209,104.5,0,0.0,TC1,n_agents,500,group,2
210,105.0,0,0.0,TC1,n_agents,500,group,2
211,105.5,0,0.0,TC1,n_agents,500,group,2
212,106.0,0,0.0,TC1,n_agents,500,group,2
213,106.5,0,0.0,TC1,n_agents,500,group,2
214,107.0,0,0.0,TC1,n_agents,500,group,2
215,107.5,0,0.0,TC1,n_agents,500,group,2
216,108.0,0,0.0,TC1,n_agents,500,group,2
217,108.5,0,0.0,TC1,n_agents,500,group,2
218,109.0,0,0.0,TC1,n_agents,500,group,2
219,109.5,0,0.0,TC1,n_agents,500,group,2
220,110.0,0,0.0,TC1,n_agents,500,group,2
221,110.5,0,0.0,TC1,n_agents,500,group,2
222,111.0,0,0.0,TC1,n_agents,500,group,2
223,111.5,0,0.0,TC1,n_agents,500,group,2
224,112.0,0,0.0,TC1,n_agents,500,group,2
225,112.5,0,0.0,TC1,n_agents,500,group,2
226,113.0,0,0.0,TC1,n_agents,500,group,2
227,113.5,0,0.0,TC1,n_agents,500,group,2
228,114.0,0,0.0,TC1,n_agents,500,group,2
229,114.5,0,0.0,TC1,n_agents,500,group,2
230,115.0,0,0.0,TC1,n_agents,500,group,2
231,115.5,0,0.0,TC1,n_agents,500,group,2
232,116.0,0,0.0,TC1,n_agents,500,group,2
233,116.5,0,0.0,TC1,n_agents,500,group,2
234,117.0,0,0.0,TC1,n_agents,500,group,2
235,117.5,0,0.0,TC1,n_agents,500,group,2
236,118.0,0,0.0,TC1,n_agents,500,group,2
237,118.5,0,0.0,TC1,n_agents,500,group,2
238,119.0,0,0.0,TC1,n_agents,500,group,2
239,119.5,0,0.0,TC1,n_agents,500,group,2
240,120.0,0,0.0,TC1,n_agents,500,group,2
241,120.5,0,0.0,TC1,n_agents,500,group,2
242,121.0,0,0.0,TC1,n_agents,500,group,2
243,121.5,0,0.0,TC1,n_agents,500,group,2
244,122.0,0,0.0,TC1,n_agents,500,group,2
245,122.5,0,0.0,TC1,n_agents,500,group,2
246,123.0,0,0.0,TC1,n_agents,500,group,2
247,123.5,0,0.0,TC1,n_agents,500,group,2
248,124.0,0,0.0,TC1,n_agents,500,group,2
249,124.5,0,0.0,TC1,n_agents,500,group,2
250,125.0,0,0.0,TC1,n_agents,500,group,2
251,125.5,0,0.0,TC1,n_agents,500,group,2
252,126.0,0,0.0,TC1,n_agents,500,group,2
253,126.5,0,0.0,TC1,n_agents,500,group,2
254,127.0,0,0.0,TC1,n_agents,500,group,2
255,127.5,0,0.0,TC1,n_agents,500,group,2
256,128.0,0,0.0,TC1,n_agents,500,group,2
257,128.5,0,0.0,TC1,n_agents,500,group,2
258,129.0,0,0.0,TC1,n_agents,500,group,2
259,129.5,0,0.0,TC1,n_agents,500,group,2
260,130.0,0,0.0,TC1,n_agents,500,group,2
261,130.5,0,0.0,TC1,n_agents,500,group,2
262,131.0,0,0.0,TC1,n_agents,500,group,2
263,131.5,0,0.0,TC1,n_agents,500,group,2
264,132.0,0,0.0,TC1,n_agents,500,group,2
265,132.5,0,0.0,TC1,n_agents,500,group,2
266,133.0,0,0.0,TC1,n_agents,500,group,2
267,133.5,0,0.0,TC1,n_agents,500,group,2
268,134.0,0,0.0,TC1,n_agents,500,group,2
269,134.5,0,0.0,TC1,n_agents,500,group,2
270,135.0,0,0.0,TC1,n_agents,500,group,2
271,135.5,0,0.0,TC1,n_agents,500,group,2
272,136.0,0,0.0,TC1,n_agents,500,group,2
273,136.5,0,0.0,TC1,n_agents,500,group,2
274,137.0,0,0.0,TC1,n_agents,500,group,2
275,137.5,0,0.0,TC1,n_agents,500,group,2
276,138.0,0,0.0,TC1,n_agents,500,group,2
277,138.5,0,0.0,TC1,n_agents,500,group,2
278,139.0,0,0.0,TC1,n_agents,500,group,2
279,139.5,0,0.0,TC1,n_agents,500,group,2
280,140.0,0,0.0,TC1,n_agents,500,group,2
281,140.5,0,0.0,TC1,n_agents,500,group,2
282,141.0,0,0.0,TC1,n_agents,500,group,2
283,141.5,0,0.0,TC1,n_agents,500,group,2
284,142.0,0,0.0,TC1,n_agents,500,group,2
285,142.5,0,0.0,TC1,n_agents,500,group,2
286,143.0,0,0.0,TC1,n_agents,500,group,2
287,143.5,0,0.0,TC1,n_agents,500,group,2
288,144.0,0,0.0,TC1,n_agents,500,group,2
289,144.5,0,0.0,TC1,n_agents,500,group,2
290,145.0,0,0.0,TC1,n_agents,500,group,2
291,145.5,0,0.0,TC1,n_agents,500,group,2
292,146.0,0,0.0,TC1,n_agents,500,group,2
293,146.5,0,0.0,TC1,n_agents,500,group,2
294,147.0,0,0.0,TC1,n_agents,500,group,2
295,147.5,0,0.0,TC1,n_agents,500,group,2
296,148.0,0,0.0,TC1,n_agents,500,group,2
297,148.5,0,0.0,TC1,n_agents,500,group,2
298,149.0,0,0.0,TC1,n_agents,500,group,2
299,149.5,0,0.0,TC1,n_agents,500,group,2
300,150.0,0,0.0,TC1,n_agents,500,group,2
301,150.5,0,0.0,TC1,n_agents,500,group,2
302,151.0,0,0.0,TC1,n_agents,500,group,2
303,151.5,0,0.0,TC1,n_agents,500,group,2
304,152.0,0,0.0,TC1,n_agents,500,group,2
305,152.5,0,0.0,TC1,n_agents,500,group,2
306,153.0,0,0.0,TC1,n_agents,500,group,2
307,153.5,0,0.0,TC1,n_agents,500,group,2
308,154.0,0,0.0,TC1,n_agents,500,group,2
309,154.5,0,0.0,TC1,n_agents,500,group,2
310,155.0,0,0.0,TC1,n_agents,500,group,2
311,155.5,0,0.0,TC1,n_agents,500,group,2
312,156.0,0,0.0,TC1,n_agents,500,group,2
313,156.5,0,0.0,TC1,n_agents,500,group,2
314,157.0,0,0.0,TC1,n_agents,500,group,2
315,157.5,0,0.0,TC1,n_agents,500,group,2
316,158.0,0,0.0,TC1,n_agents,500,group,2
317,158.5,0,0.0,TC1,n_agents,500,group,2
318,159.0,0,0.0,TC1,n_agents,500,group,2
319,159.5,0,0.0,TC1,n_agents,500,group,2
320,160.0,0,0.0,TC1,n_agents,500,group,2
321,160.5,0,0.0,TC1,n_agents,500,group,2
322,161.0,0,0.0,TC1,n_agents,500,group,2
323,161.5,0,0.0,TC1,n_agents,500,group,2
324,162.0,0,0.0,TC1,n_agents,500,group,2
325,162.5,0,0.0,TC1,n_agents,500,group,2
326,163.0,0,0.0,TC1,n_agents,500,group,2
327,163.5,0,0.0,TC1,n_agents,500,group,2
328,164.0,0,0.0,TC1,n_agents,500,group,2
329,164.5,0,0.0,TC1,n_agents,500,group,2
330,165.0,0,0.0,TC1,n_agents,500,group,2
331,165.5,0,0.0,TC1,n_agents,500,group,2
332,166.0,0,0.0,TC1,n_agents,500,group,2
333,166.5,0,0.0,TC1,n_agents,500,group,2
334,167.0,0,0.0,TC1,n_agents,500,group,2
335,167.5,0,0.0,TC1,n_agents,500,group,2
336,168.0,0,0.0,TC1,n_agents,500,group,2
337,168.5,0,0.0,TC1,n_agents,500,group,2
338,169.0,0,0.0,TC1,n_agents,500,group,2
339,169.5,0,0.0,TC1,n_agents,500,group,2
340,170.0,0,0.0,TC1,n_agents,500,group,2
341,170.5,0,0.0,TC1,n_agents,500,group,2
342,171.0,0,0.0,TC1,n_agents,500,group,2
343,171.5,0,0.0,TC1,n_agents,500,group,2
344,172.0,0,0.0,TC1,n_agents,500,group,2
345,172.5,0,0.0,TC1,n_agents,500,group,2
346,173.0,0,0.0,TC1,n_agents,500,group,2
347,173.5,0,0.0,TC1,n_agents,500,group,2
348,174.0,0,0.0,TC1,n_agents,500,group,2
349,174.5,0,0.0,TC1,n_agents,500,group,2
350,175.0,0,0.0,TC1,n_agents,500,group,2
351,175.5,0,0.0,TC1,n_agents,500,group,2
352,176.0,0,0.0,TC1,n_agents,500,group,2
353,176.5,0,0.0,TC1,n_agents,500,group,2
354,177.0,0,0.0,TC1,n_agents,500,group,2
355,177.5,0,0.0,TC1,n_agents,500,group,2
356,178.0,0,0.0,TC1,n_agents,500,group,2
357,178.5,0,0.0,TC1,n_agents,500,group,2
358,179.0,0,0.0,TC1,n_agents,500,group,2
359,179.5,0,0.0,TC1,n_agents,500,group,2
360,180.0,0,0.0,TC1,n_agents,500,group,2
361,180.5,0,0.0,TC1,n_agents,500,group,2
362,181.0,0,0.0,TC1,n_agents,500,group,2
363,181.5,0,0.0,TC1,n_agents,500,group,2
364,182.0,0,0.0,TC1,n_agents,500,group,2
365,182.5,0,0.0,TC1,n_agents,500,group,2
366,183.0,0,0.0,TC1,n_agents,500,group,2
367,183.5,0,0.0,TC1,n_agents,500,group,2
368,184.0,0,0.0,TC1,n_agents,500,group,2
369,184.5,0,0.0,TC1,n_agents,500,group,2
370,185.0,0,0.0,TC1,n_agents,500,group,2
371,185.5,0,0.0,TC1,n_agents,500,group,2
372,186.0,0,0.0,TC1,n_agents,500,group,2
373,186.5,0,0.0,TC1,n_agents,500,group,2
374,187.0,0,0.0,TC1,n_agents,500,group,2
375,187.5,0,0.0,TC1,n_agents,500,group,2
376,188.0,0,0.0,TC1,n_agents,500,group,2
377,188.5,0,0.0,TC1,n_agents,500,group,2
378,189.0,0,0.0,TC1,n_agents,500,group,2
379,189.5,0,0.0,TC1,n_agents,500,group,2
380,190.0,0,0.0,TC1,n_agents,500,group,2
381,190.5,0,0.0,TC1,n_agents,500,group,2
382,191.0,0,0.0,TC1,n_agents,500,group,2
383,191.5,0,0.0,TC1,n_agents,500,group,2
384,192.0,0,0.0,TC1,n_agents,500,group,2
385,192.5,0,0.0,TC1,n_agents,500,group,2
386,193.0,0,0.0,TC1,n_agents,500,group,2
387,193.5,0,0.0,TC1,n_agents,500,group,2
388,194.0,0,0.0,TC1,n_agents,500,group,2
389,194.5,0,0.0,TC1,n_agents,500,group,2
390,195.0,0,0.0,TC1,n_agents,500,group,2
391,195.5,0,0.0,TC1,n_agents,500,group,2
392,196.0,0,0.0,TC1,n_agents,500,group,2
393,196.5,0,0.0,TC1,n_agents,500,group,2
394,197.0,0,0.0,TC1,n_agents,500,group,2
395,197.5,0,0.0,TC1,n_agents,500,group,2
396,198.0,0,0.0,TC1,n_agents,500,group,2
397,198.5,0,0.0,TC1,n_agents,500,group,2
398,199.0,0,0.0,TC1,n_agents,500,group,2
399,199.5,0,0.0,TC1,n_agents,500,group,2
400,200.0,0,0.0,TC1,n_agents,500,group,2
401,200.5,0,0.0,TC1,n_agents,500,group,2
402,201.0,0,0.0,TC1,n_agents,500,group,2
403,201.5,0,0.0,TC1,n_agents,500,group,2
404,202.0,0,0.0,TC1,n_agents,500,group,2
405,202.5,0,0.0,TC1,n_agents,500,group,2
406,203.0,0,0.0,TC1,n_agents,500,group,2
407,203.5,0,0.0,TC1,n_agents,500,group,2
408,204.0,0,0.0,TC1,n_agents,500,group,2
409,204.5,0,0.0,TC1,n_agents,500,group,2
410,205.0,0,0.0,TC1,n_agents,500,group,2
411,205.5,0,0.0,TC1,n_agents,500,group,2
412,206.0,0,0.0,TC1,n_agents,500,group,2
413,206.5,0,0.0,TC1,n_agents,500,group,2
414,207.0,0,0.0,TC1,n_agents,500,group,2
415,207.5,0,0.0,TC1,n_agents,500,group,2
416,208.0,0,0.0,TC1,n_agents,500,group,2
417,208.5,0,0.0,TC1,n_agents,500,group,2
418,209.0,0,0.0,TC1,n_agents,500,group,2
419,209.5,0,0.0,TC1,n_agents,500,group,2
420,210.0,0,0.0,TC1,n_agents,500,group,2
421,210.5,0,0.0,TC1,n_agents,500,group,2
422,211.0,0,0.0,TC1,n_agents,500,group,2
423,211.5,0,0.0,TC1,n_agents,500,group,2
424,212.0,0,0.0,TC1,n_agents,500,group,2
425,212.5,0,0.0,TC1,n_agents,500,group,2
426,213.0,0,0.0,TC1,n_agents,500,group,2
427,213.5,0,0.0,TC1,n_agents,500,group,2
428,214.0,0,0.0,TC1,n_agents,500,group,2
429,214.5,0,0.0,TC1,n_agents,500,group,2
430,215.0,0,0.0,TC1,n_agents,500,group,2
431,215.5,0,0.0,TC1,n_agents,500,group,2
432,216.0,0,0.0,TC1,n_agents,500,group,2
433,216.5,0,0.0,TC1,n_agents,500,group,2
434,217.0,0,0.0,TC1,n_agents,500,group,2
435,217.5,0,0.0,TC1,n_agents,500,group,2
436,218.0,0,0.0,TC1,n_agents,500,group,2
437,218.5,0,0.0,TC1,n_agents,500,group,2
438,219.0,0,0.0,TC1,n_agents,500,group,2
439,219.5,0,0.0,TC1,n_agents,500,group,2
440,220.0,0,0.0,TC1,n_agents,500,group,2
441,220.5,0,0.0,TC1,n_agents,500,group,2
442,221.0,0,0.0,TC1,n_agents,500,group,2
443,221.5,0,0.0,TC1,n_agents,500,group,2
444,222.0,0,0.0,TC1,n_agents,500,group,2
445,222.5,0,0.0,TC1,n_agents,500,group,2
446,223.0,0,0.0,TC1,n_agents,500,group,2
447,223.5,0,0.0,TC1,n_agents,500,group,2
448,224.0,0,0.0,TC1,n_agents,500,group,2
449,224.5,0,0.0,TC1,n_agents,500,group,2
450,225.0,0,0.0,TC1,n_agents,500,group,2
451,225.5,0,0.0,TC1,n_agents,500,group,2
452,226.0,0,0.0,TC1,n_agents,500,group,2
453,226.5,0,0.0,TC1,n_agents,500,group,2
454,227.0,0,0.0,TC1,n_agents,500,group,2
455,227.5,0,0.0,TC1,n_agents,500,group,2
456,228.0,0,0.0,TC1,n_agents,500,group,2
457,228.5,0,0.0,TC1,n_agents,500,group,2
458,229.0,0,0.0,TC1,n_agents,500,group,2
459,229.5,0,0.0,TC1,n_agents,500,group,2
460,230.0,0,0.0,TC1,n_agents,500,group,2
461,230.5,0,0.0,TC1,n_agents,500,group,2
462,231.0,0,0.0,TC1,n_agents,500,group,2
463,231.5,0,0.0,TC1,n_agents,500,group,2
464,232.0,0,0.0,TC1,n_agents,500,group,2
465,232.5,0,0.0,TC1,n_agents,500,group,2
466,233.0,0,0.0,TC1,n_agents,500,group,2
467,233.5,0,0.0,TC1,n_agents,500,group,2
468,234.0,0,0.0,TC1,n_agents,500,group,2
469,234.5,0,0.0,TC1,n_agents,500,group,2
470,235.0,0,0.0,TC1,n_agents,500,group,2
471,235.5,0,0.0,TC1,n_agents,500,group,2
472,236.0,0,0.0,TC1,n_agents,500,group,2
473,236.5,0,0.0,TC1,n_agents,500,group,2
474,237.0,0,0.0,TC1,n_agents,500,group,2
475,237.5,0,0.0,TC1,n_agents,500,group,2
476,238.0,0,0.0,TC1,n_agents,500,group,2
477,238.5,0,0.0,TC1,n_agents,500,group,2
478,239.0,0,0.0,TC1,n_agents,500,group,2
479,239.5,0,0.0,TC1,n_agents,500,group,2
480,240.0,0,0.0,TC1,n_agents,500,group,2
481,240.5,0,0.0,TC1,n_agents,500,group,2
482,241.0,0,0.0,TC1,n_agents,500,group,2
483,241.5,0,0.0,TC1,n_agents,500,group,2
484,242.0,0,0.0,TC1,n_agents,500,group,2
485,242.5,0,0.0,TC1,n_agents,500,group,2
486,243.0,0,0.0,TC1,n_agents,500,group,2
487,243.5,0,0.0,TC1,n_agents,500,group,2
488,244.0,0,0.0,TC1,n_agents,500,group,2
489,244.5,0,0.0,TC1,n_agents,500,group,2
490,245.0,0,0.0,TC1,n_agents,500,group,2
491,245.5,0,0.0,TC1,n_agents,500,group,2
492,246.0,0,0.0,TC1,n_agents,500,group,2
493,246.5,0,0.0,TC1,n_agents,500,group,2
494,247.0,0,0.0,TC1,n_agents,500,group,2
495,247.5,0,0.0,TC1,n_agents,500,group,2
496,248.0,0,0.0,TC1,n_agents,500,group,2
497,248.5,0,0.0,TC1,n_agents,500,group,2
498,249.0,0,0.0,TC1,n_agents,500,group,2
499,249.5,0,0.0,TC1,n_agents,500,group,2
500,250.0,0,0.0,TC1,n_agents,500,group,2
501,250.5,0,0.0,TC1,n_agents,500,group,2
502,251.0,0,0.0,TC1,n_agents,500,group,2
503,251.5,0,0.0,TC1,n_agents,500,group,2
504,252.0,0,0.0,TC1,n_agents,500,group,2
505,252.5,0,0.0,TC1,n_agents,500,group,2
506,253.0,0,0.0,TC1,n_agents,500,group,2
507,253.5,0,0.0,TC1,n_agents,500,group,2
508,254.0,0,0.0,TC1,n_agents,500,group,2
509,254.5,0,0.0,TC1,n_agents,500,group,2
510,255.0,0,0.0,TC1,n_agents,500,group,2
511,255.5,0,0.0,TC1,n_agents,500,group,2
512,256.0,0,0.0,TC1,n_agents,500,group,2
513,256.5,0,0.0,TC1,n_agents,500,group,2
514,257.0,0,0.0,TC1,n_agents,500,group,2
515,257.5,0,0.0,TC1,n_agents,500,group,2
516,258.0,0,0.0,TC1,n_agents,500,group,2
517,258.5,0,0.0,TC1,n_agents,500,group,2
518,259.0,0,0.0,TC1,n_agents,500,group,2
519,259.5,0,0.0,TC1,n_agents,500,group,2
520,260.0,0,0.0,TC1,n_agents,500,group,2
521,260.5,0,0.0,TC1,n_agents,500,group,2
522,261.0,0,0.0,TC1,n_agents,500,group,2
523,261.5,0,0.0,TC1,n_agents,500,group,2
524,262.0,0,0.0,TC1,n_agents,500,group,2
525,262.5,0,0.0,TC1,n_agents,500,group,2
526,263.0,0,0.0,TC1,n_agents,500,group,2
527,263.5,0,0.0,TC1,n_agents,500,group,2
528,264.0,0,0.0,TC1,n_agents,500,group,2
529,264.5,0,0.0,TC1,n_agents,500,group,2
530,265.0,0,0.0,TC1,n_agents,500,group,2
531,265.5,0,0.0,TC1,n_agents,500,group,2
532,266.0,0,0.0,TC1,n_agents,500,group,2
533,266.5,0,0.0,TC1,n_agents,500,group,2
534,267.0,0,0.0,TC1,n_agents,500,group,2
535,267.5,0,0.0,TC1,n_agents,500,group,2
536,268.0,0,0.0,TC1,n_agents,500,group,2
537,268.5,0,0.0,TC1,n_agents,500,group,2
538,269.0,0,0.0,TC1,n_agents,500,group,2
539,269.5,0,0.0,TC1,n_agents,500,group,2
540,270.0,0,0.0,TC1,n_agents,500,group,2
541,270.5,0,0.0,TC1,n_agents,500,group,2
542,271.0,0,0.0,TC1,n_agents,500,group,2
543,271.5,0,0.0,TC1,n_agents,500,group,2
544,272.0,0,0.0,TC1,n_agents,500,group,2
545,272.5,0,0.0,TC1,n_agents,500,group,2
546,273.0,0,0.0,TC1,n_agents,500,group,2
547,273.5,0,0.0,TC1,n_agents,500,group,2
548,274.0,0,0.0,TC1,n_agents,500,group,2
549,274.5,0,0.0,TC1,n_agents,500,group,2
550,275.0,0,0.0,TC1,n_agents,500,group,2
551,275.5,0,0.0,TC1,n_agents,500,group,2
552,276.0,0,0.0,TC1,n_agents,500,group,2
553,276.5,0,0.0,TC1,n_agents,500,group,2
554,277.0,0,0.0,TC1,n_agents,500,group,2
555,277.5,0,0.0,TC1,n_agents,500,group,2
556,278.0,0,0.0,TC1,n_agents,500,group,2
557,278.5,0,0.0,TC1,n_agents,500,group,2
558,279.0,0,0.0,TC1,n_agents,500,group,2
559,279.5,0,0.0,TC1,n_agents,500,group,2
560,280.0,0,0.0,TC1,n_agents,500,group,2
561,280.5,0,0.0,TC1,n_agents,500,group,2
562,281.0,0,0.0,TC1,n_agents,500,group,2
563,281.5,0,0.0,TC1,n_agents,500,group,2
564,282.0,0,0.0,TC1,n_agents,500,group,2
565,282.5,0,0.0,TC1,n_agents,500,group,2
566,283.0,0,0.0,TC1,n_agents,500,group,2
567,283.5,0,0.0,TC1,n_agents,500,group,2
568,284.0,0,0.0,TC1,n_agents,500,group,2
569,284.5,0,0.0,TC1,n_agents,500,group,2
570,285.0,0,0.0,TC1,n_agents,500,group,2
571,285.5,0,0.0,TC1,n_agents,500,group,2
572,286.0,0,0.0,TC1,n_agents,500,group,2
573,286.5,0,0.0,TC1,n_agents,500,group,2
574,287.0,0,0.0,TC1,n_agents,500,group,2
575,287.5,0,0.0,TC1,n_agents,500,group,2
576,288.0,0,0.0,TC1,n_agents,500,group,2
577,288.5,0,0.0,TC1,n_agents,500,group,2
578,289.0,0,0.0,TC1,n_agents,500,group,2
579,289.5,0,0.0,TC1,n_agents,500,group,2
580,290.0,0,0.0,TC1,n_agents,500,group,2
581,290.5,0,0.0,TC1,n_agents,500,group,2
582,291.0,0,0.0,TC1,n_agents,500,group,2
583,291.5,0,0.0,TC1,n_agents,500,group,2
584,292.0,0,0.0,TC1,n_agents,500,group,2
585,292.5,0,0.0,TC1,n_agents,500,group,2
586,293.0,0,0.0,TC1,n_agents,500,group,2
587,293.5,0,0.0,TC1,n_agents,500,group,2
588,294.0,0,0.0,TC1,n_agents,500,group,2
589,294.5,0,0.0,TC1,n_agents,500,group,2
590,295.0,0,0.0,TC1,n_agents,500,group,2
591,295.5,0,0.0,TC1,n_agents,500,group,2
592,296.0,0,0.0,TC1,n_agents,500,group,2
593,296.5,0,0.0,TC1,n_agents,500,group,2
594,297.0,0,0.0,TC1,n_agents,500,group,2
595,297.5,0,0.0,TC1,n_agents,500,group,2
596,298.0,0,0.0,TC1,n_agents,500,group,2
597,298.5,0,0.0,TC1,n_agents,500,group,2
598,299.0,0,0.0,TC1,n_agents,500,group,2
599,299.5,0,0.0,TC1,n_agents,500,group,2
600,300.0,0,0.0,TC1,n_agents,500,group,2
601,300.5,0,0.0,TC1,n_agents,500,group,2
602,301.0,0,0.0,TC1,n_agents,500,group,2
603,301.5,0,0.0,TC1,n_agents,500,group,2
604,302.0,0,0.0,TC1,n_agents,500,group,2
605,302.5,0,0.0,TC1,n_agents,500,group,2
606,303.0,0,0.0,TC1,n_agents,500,group,2
607,303.5,0,0.0,TC1,n_agents,500,group,2
608,304.0,0,0.0,TC1,n_agents,500,group,2
609,304.5,0,0.0,TC1,n_agents,500,group,2
610,305.0,0,0.0,TC1,n_agents,500,group,2
611,305.5,0,0.0,TC1,n_agents,500,group,2
612,306.0,0,0.0,TC1,n_agents,500,group,2
613,306.5,0,0.0,TC1,n_agents,500,group,2
614,307.0,0,0.0,TC1,n_agents,500,group,2
615,307.5,0,0.0,TC1,n_agents,500,group,2
616,308.0,0,0.0,TC1,n_agents,500,group,2
617,308.5,0,0.0,TC1,n_agents,500,group,2
618,309.0,0,0.0,TC1,n_agents,500,group,2
619,309.5,0,0.0,TC1,n_agents,500,group,2
620,310.0,0,0.0,TC1,n_agents,500,group,2
621,310.5,0,0.0,TC1,n_agents,500,group,2
622,311.0,0,0.0,TC1,n_agents,500,group,2
623,311.5,0,0.0,TC1,n_agents,500,group,2
624,312.0,0,0.0,TC1,n_agents,500,group,2
625,312.5,0,0.0,TC1,n_agents,500,group,2
626,313.0,0,0.0,TC1,n_agents,500,group,2
627,313.5,0,0.0,TC1,n_agents,500,group,2
628,314.0,0,0.0,TC1,n_agents,500,group,2
629,314.5,0,0.0,TC1,n_agents,500,group,2
630,315.0,0,0.0,TC1,n_agents,500,group,2
631,315.5,0,0.0,TC1,n_agents,500,group,2
632,316.0,0,0.0,TC1,n_agents,500,group,2
633,316.5,0,0.0,TC1,n_agents,500,group,2
634,317.0,0,0.0,TC1,n_agents,500,group,2
635,317.5,0,0.0,TC1,n_agents,500,group,2
636,318.0,0,0.0,TC1,n_agents,500,group,2
637,318.5,0,0.0,TC1,n_agents,500,group,2
638,319.0,0,0.0,TC1,n_agents,500,group,2
639,319.5,0,0.0,TC1,n_agents,500,group,2
640,320.0,0,0.0,TC1,n_agents,500,group,2
641,320.5,0,0.0,TC1,n_agents,500,group,2
642,321.0,0,0.0,TC1,n_agents,500,group,2
643,321.5,0,0.0,TC1,n_agents,500,group,2
644,322.0,0,0.0,TC1,n_agents,500,group,2
645,322.5,0,0.0,TC1,n_agents,500,group,2
646,323.0,0,0.0,TC1,n_agents,500,group,2
647,323.5,0,0.0,TC1,n_agents,500,group,2
648,324.0,0,0.0,TC1,n_agents,500,group,2
649,324.5,0,0.0,TC1,n_agents,500,group,2
650,325.0,0,0.0,TC1,n_agents,500,group,2
651,325.5,0,0.0,TC1,n_agents,500,group,2
652,326.0,0,0.0,TC1,n_agents,500,group,2
653,326.5,0,0.0,TC1,n_agents,500,group,2
654,327.0,0,0.0,TC1,n_agents,500,group,2
655,327.5,0,0.0,TC1,n_agents,500,group,2
656,328.0,0,0.0,TC1,n_agents,500,group,2
657,328.5,0,0.0,TC1,n_agents,500,group,2
658,329.0,0,0.0,TC1,n_agents,500,group,2
659,329.5,0,0.0,TC1,n_agents,500,group,2
660,330.0,0,0.0,TC1,n_agents,500,group,2
661,330.5,0,0.0,TC1,n_agents,500,group,2
662,331.0,0,0.0,TC1,n_agents,500,group,2
663,331.5,0,0.0,TC1,n_agents,500,group,2
664,332.0,0,0.0,TC1,n_agents,500,group,2
665,332.5,0,0.0,TC1,n_agents,500,group,2
666,333.0,0,0.0,TC1,n_agents,500,group,2
667,333.5,0,0.0,TC1,n_agents,500,group,2
668,334.0,0,0.0,TC1,n_agents,500,group,2
669,334.5,0,0.0,TC1,n_agents,500,group,2
670,335.0,0,0.0,TC1,n_agents,500,group,2
671,335.5,0,0.0,TC1,n_agents,500,group,2
672,336.0,0,0.0,TC1,n_agents,500,group,2
673,336.5,0,0.0,TC1,n_agents,500,group,2
674,337.0,0,0.0,TC1,n_agents,500,group,2
675,337.5,0,0.0,TC1,n_agents,500,group,2
676,338.0,0,0.0,TC1,n_agents,500,group,2
677,338.5,0,0.0,TC1,n_agents,500,group,2
678,339.0,0,0.0,TC1,n_agents,500,group,2
679,339.5,0,0.0,TC1,n_agents,500,group,2
680,340.0,0,0.0,TC1,n_agents,500,group,2
681,340.5,0,0.0,TC1,n_agents,500,group,2
682,341.0,0,0.0,TC1,n_agents,500,group,2
683,341.5,0,0.0,TC1,n_agents,500,group,2
684,342.0,0,0.0,TC1,n_agents,500,group,2
685,342.5,0,0.0,TC1,n_agents,500,group,2
686,343.0,0,0.0,TC1,n_agents,500,group,2
687,343.5,0,0.0,TC1,n_agents,500,group,2
688,344.0,0,0.0,TC1,n_agents,500,group,2
689,344.5,0,0.0,TC1,n_agents,500,group,2
690,345.0,0,0.0,TC1,n_agents,500,group,2
691,345.5,0,0.0,TC1,n_agents,500,group,2
692,346.0,0,0.0,TC1,n_agents,500,group,2
693,346.5,0,0.0,TC1,n_agents,500,group,2
694,347.0,0,0.0,TC1,n_agents,500,group,2
695,347.5,0,0.0,TC1,n_agents,500,group,2
696,348.0,0,0.0,TC1,n_agents,500,group,2
697,348.5,0,0.0,TC1,n_agents,500,group,2
698,349.0,0,0.0,TC1,n_agents,500,group,2
699,349.5,0,0.0,TC1,n_agents,500,group,2
700,350.0,0,0.0,TC1,n_agents,500,group,2
701,350.5,0,0.0,TC1,n_agents,500,group,2
702,351.0,0,0.0,TC1,n_agents,500,group,2
703,351.5,0,0.0,TC1,n_agents,500,group,2
704,352.0,0,0.0,TC1,n_agents,500,group,2
705,352.5,0,0.0,TC1,n_agents,500,group,2
706,353.0,0,0.0,TC1,n_agents,500,group,2
707,353.5,0,0.0,TC1,n_agents,500,group,2
708,354.0,0,0.0,TC1,n_agents,500,group,2
709,354.5,0,0.0,TC1,n_agents,500,group,2
710,355.0,0,0.0,TC1,n_agents,500,group,2
711,355.5,0,0.0,TC1,n_agents,500,group,2
712,356.0,0,0.0,TC1,n_agents,500,group,2
713,356.5,0,0.0,TC1,n_agents,500,group,2
714,357.0,0,0.0,TC1,n_agents,500,group,2
715,357.5,0,0.0,TC1,n_agents,500,group,2
716,358.0,0,0.0,TC1,n_agents,500,group,2
717,358.5,0,0.0,TC1,n_agents,500,group,2
718,359.0,0,0.0,TC1,n_agents,500,group,2
719,359.5,0,0.0,TC1,n_agents,500,group,2
720,360.0,0,0.0,TC1,n_agents,500,group,2
721,360.5,0,0.0,TC1,n_agents,500,group,2
722,361.0,0,0.0,TC1,n_agents,500,group,2
723,361.5,0,0.0,TC1,n_agents,500,group,2
724,362.0,0,0.0,TC1,n_agents,500,group,2
725,362.5,0,0.0,TC1,n_agents,500,group,2
726,363.0,0,0.0,TC1,n_agents,500,group,2
727,363.5,0,0.0,TC1,n_agents,500,group,2
728,364.0,0,0.0,TC1,n_agents,500,group,2
729,364.5,0,0.0,TC1,n_agents,500,group,2
730,365.0,0,0.0,TC1,n_agents,500,group,2
731,365.5,0,0.0,TC1,n_agents,500,group,2
732,366.0,0,0.0,TC1,n_agents,500,group,2
733,366.5,0,0.0,TC1,n_agents,500,group,2
734,367.0,0,0.0,TC1,n_agents,500,group,2
735,367.5,0,0.0,TC1,n_agents,500,group,2
736,368.0,0,0.0,TC1,n_agents,500,group,2
737,368.5,0,0.0,TC1,n_agents,500,group,2
738,369.0,0,0.0,TC1,n_agents,500,group,2
739,369.5,0,0.0,TC1,n_agents,500,group,2
740,370.0,0,0.0,TC1,n_agents,500,group,2
741,370.5,0,0.0,TC1,n_agents,500,group,2
742,371.0,0,0.0,TC1,n_agents,500,group,2
743,371.5,0,0.0,TC1,n_agents,500,group,2
744,372.0,0,0.0,TC1,n_agents,500,group,2
745,372.5,0,0.0,TC1,n_agents,500,group,2
746,373.0,0,0.0,TC1,n_agents,500,group,2
747,373.5,0,0.0,TC1,n_agents,500,group,2
748,374.0,0,0.0,TC1,n_agents,500,group,2
749,374.5,0,0.0,TC1,n_agents,500,group,2
750,375.0,0,0.0,TC1,n_agents,500,group,2
751,375.5,0,0.0,TC1,n_agents,500,group,2
752,376.0,0,0.0,TC1,n_agents,500,group,2
753,376.5,0,0.0,TC1,n_agents,500,group,2
754,377.0,0,0.0,TC1,n_agents,500,group,2
755,377.5,0,0.0,TC1,n_agents,500,group,2
756,378.0,0,0.0,TC1,n_agents,500,group,2
757,378.5,0,0.0,TC1,n_agents,500,group,2
758,379.0,0,0.0,TC1,n_agents,500,group,2
759,379.5,0,0.0,TC1,n_agents,500,group,2
760,380.0,0,0.0,TC1,n_agents,500,group,2
761,380.5,0,0.0,TC1,n_agents,500,group,2
762,381.0,0,0.0,TC1,n_agents,500,group,2
763,381.5,0,0.0,TC1,n_agents,500,group,2
764,382.0,0,0.0,TC1,n_agents,500,group,2
765,382.5,0,0.0,TC1,n_agents,500,group,2
766,383.0,0,0.0,TC1,n_agents,500,group,2
767,383.5,0,0.0,TC1,n_agents,500,group,2
768,384.0,0,0.0,TC1,n_agents,500,group,2
769,384.5,0,0.0,TC1,n_agents,500,group,2
770,385.0,0,0.0,TC1,n_agents,500,group,2
771,385.5,0,0.0,TC1,n_agents,500,group,2
772,386.0,0,0.0,TC1,n_agents,500,group,2
773,386.5,0,0.0,TC1,n_agents,500,group,2
774,387.0,0,0.0,TC1,n_agents,500,group,2
775,387.5,0,0.0,TC1,n_agents,500,group,2
776,388.0,0,0.0,TC1,n_agents,500,group,2
777,388.5,0,0.0,TC1,n_agents,500,group,2
778,389.0,0,0.0,TC1,n_agents,500,group,2
779,389.5,0,0.0,TC1,n_agents,500,group,2
780,390.0,0,0.0,TC1,n_agents,500,group,2
781,390.5,0,0.0,TC1,n_agents,500,group,2
782,391.0,0,0.0,TC1,n_agents,500,group,2
783,391.5,0,0.0,TC1,n_agents,500,group,2
784,392.0,0,0.0,TC1,n_agents,500,group,2
785,392.5,0,0.0,TC1,n_agents,500,group,2
786,393.0,0,0.0,TC1,n_agents,500,group,2
787,393.5,0,0.0,TC1,n_agents,500,group,2
788,394.0,0,0.0,TC1,n_agents,500,group,2
789,394.5,0,0.0,TC1,n_agents,500,group,2
790,395.0,0,0.0,TC1,n_agents,500,group,2
791,395.5,0,0.0,TC1,n_agents,500,group,2
792,396.0,0,0.0,TC1,n_agents,500,group,2
793,396.5,0,0.0,TC1,n_agents,500,group,2
794,397.0,0,0.0,TC1,n_agents,500,group,2
795,397.5,0,0.0,TC1,n_agents,500,group,2
796,398.0,0,0.0,TC1,n_agents,500,group,2
797,398.5,0,0.0,TC1,n_agents,500,group,2
798,399.0,0,0.0,TC1,n_agents,500,group,2
799,399.5,0,0.0,TC1,n_agents,500,group,2
800,400.0,0,0.0,TC1,n_agents,500,group,2
0,0.0,0,0.0,TC1,n_agents,500,group,3
1,0.5,0,0.0,TC1,n_agents,500,group,3
2,1.0,0,0.0,TC1,n_agents,500,group,3
3,1.5,0,0.0,TC1,n_agents,500,group,3
4,2.0,0,0.0,TC1,n_agents,500,group,3
5,2.5,0,0.0,TC1,n_agents,500,group,3
6,3.0,0,0.0,TC1,n_agents,500,group,3
7,3.5,0,0.0,TC1,n_agents,500,group,3
8,4.0,0,0.0,TC1,n_agents,500,group,3
9,4.5,0,0.0,TC1,n_agents,500,group,3
10,5.0,0,0.0,TC1,n_agents,500,group,3
11,5.5,0,0.0,TC1,n_agents,500,group,3
12,6.0,0,0.0,TC1,n_agents,500,group,3
13,6.5,0,0.0,TC1,n_agents,500,group,3
14,7.0,0,0.0,TC1,n_agents,500,group,3
15,7.5,0,0.0,TC1,n_agents,500,group,3
16,8.0,0,0.0,TC1,n_agents,500,group,3
17,8.5,0,0.0,TC1,n_agents,500,group,3
18,9.0,0,0.0,TC1,n_agents,500,group,3
19,9.5,0,0.0,TC1,n_agents,500,group,3
20,10.0,0,0.0,TC1,n_agents,500,group,3
21,10.5,0,0.0,TC1,n_agents,500,group,3
22,11.0,0,0.0,TC1,n_agents,500,group,3
23,11.5,0,0.0,TC1,n_agents,500,group,3
24,12.0,0,0.0,TC1,n_agents,500,group,3
25,12.5,0,0.0,TC1,n_agents,500,group,3
26,13.0,0,0.0,TC1,n_agents,500,group,3
27,13.5,0,0.0,TC1,n_agents,500,group,3
28,14.0,0,0.0,TC1,n_agents,500,group,3
29,14.5,0,0.0,TC1,n_agents,500,group,3
30,15.0,0,0.0,TC1,n_agents,500,group,3
31,15.5,0,0.0,TC1,n_agents,500,group,3
32,16.0,0,0.0,TC1,n_agents,500,group,3
33,16.5,0,0.0,TC1,n_agents,500,group,3
34,17.0,0,0.0,TC1,n_agents,500,group,3
35,17.5,0,0.0,TC1,n_agents,500,group,3
36,18.0,0,0.0,TC1,n_agents,500,group,3
37,18.5,0,0.0,TC1,n_agents,500,group,3
38,19.0,0,0.0,TC1,n_agents,500,group,3
39,19.5,0,0.0,TC1,n_agents,500,group,3
40,20.0,0,0.0,TC1,n_agents,500,group,3
41,20.5,0,0.0,TC1,n_agents,500,group,3
42,21.0,0,0.0,TC1,n_agents,500,group,3
43,21.5,0,0.0,TC1,n_agents,500,group,3
44,22.0,0,0.0,TC1,n_agents,500,group,3
45,22.5,0,0.0,TC1,n_agents,500,group,3
46,23.0,0,0.0,TC1,n_agents,500,group,3
47,23.5,0,0.0,TC1,n_agents,500,group,3
48,24.0,0,0.0,TC1,n_agents,500,group,3
49,24.5,0,0.0,TC1,n_agents,500,group,3
50,25.0,0,0.0,TC1,n_agents,500,group,3
51,25.5,0,0.0,TC1,n_agents,500,group,3
52,26.0,0,0.0,TC1,n_agents,500,group,3
53,26.5,0,0.0,TC1,n_agents,500,group,3
54,27.0,0,0.0,TC1,n_agents,500,group,3
55,27.5,0,0.0,TC1,n_agents,500,group,3
56,28.0,0,0.0,TC1,n_agents,500,group,3
57,28.5,0,0.0,TC1,n_agents,500,group,3
58,29.0,0,0.0,TC1,n_agents,500,group,3
59,29.5,0,0.0,TC1,n_agents,500,group,3
60,30.0,0,0.0,TC1,n_agents,500,group,3
61,30.5,0,0.0,TC1,n_agents,500,group,3
62,31.0,0,0.0,TC1,n_agents,500,group,3
63,31.5,0,0.0,TC1,n_agents,500,group,3
64,32.0,0,0.0,TC1,n_agents,500,group,3
65,32.5,0,0.0,TC1,n_agents,500,group,3
66,33.0,0,0.0,TC1,n_agents,500,group,3
67,33.5,0,0.0,TC1,n_agents,500,group,3
68,34.0,0,0.0,TC1,n_agents,500,group,3
69,34.5,0,0.0,TC1,n_agents,500,group,3
70,35.0,0,0.0,TC1,n_agents,500,group,3
71,35.5,0,0.0,TC1,n_agents,500,group,3
72,36.0,0,0.0,TC1,n_agents,500,group,3
73,36.5,0,0.0,TC1,n_agents,500,group,3
74,37.0,0,0.0,TC1,n_agents,500,group,3
75,37.5,0,0.0,TC1,n_agents,500,group,3
76,38.0,0,0.0,TC1,n_agents,500,group,3
77,38.5,0,0.0,TC1,n_agents,500,group,3
78,39.0,0,0.0,TC1,n_agents,500,group,3
79,39.5,0,0.0,TC1,n_agents,500,group,3
80,40.0,0,0.0,TC1,n_agents,500,group,3
81,40.5,0,0.0,TC1,n_agents,500,group,3
82,41.0,0,0.0,TC1,n_agents,500,group,3
83,41.5,0,0.0,TC1,n_agents,500,group,3
84,42.0,0,0.0,TC1,n_agents,500,group,3
85,42.5,0,0.0,TC1,n_agents,500,group,3
86,43.0,0,0.0,TC1,n_agents,500,group,3
87,43.5,0,0.0,TC1,n_agents,500,group,3
88,44.0,0,0.0,TC1,n_agents,500,group,3
89,44.5,0,0.0,TC1,n_agents,500,group,3
90,45.0,0,0.0,TC1,n_agents,500,group,3
91,45.5,0,0.0,TC1,n_agents,500,group,3
92,46.0,0,0.0,TC1,n_agents,500,group,3
93,46.5,0,0.0,TC1,n_agents,500,group,3
94,47.0,0,0.0,TC1,n_agents,500,group,3
95,47.5,0,0.0,TC1,n_agents,500,group,3
96,48.0,0,0.0,TC1,n_agents,500,group,3
97,48.5,0,0.0,TC1,n_agents,500,group,3
98,49.0,0,0.0,TC1,n_agents,500,group,3
99,49.5,0,0.0,TC1,n_agents,500,group,3
100,50.0,0,0.0,TC1,n_agents,500,group,3
101,50.5,0,0.0,TC1,n_agents,500,group,3
102,51.0,0,0.0,TC1,n_agents,500,group,3
103,51.5,0,0.0,TC1,n_agents,500,group,3
104,52.0,0,0.0,TC1,n_agents,500,group,3
105,52.5,0,0.0,TC1,n_agents,500,group,3
106,53.0,0,0.0,TC1,n_agents,500,group,3
107,53.5,0,0.0,TC1,n_agents,500,group,3
108,54.0,0,0.0,TC1,n_agents,500,group,3
109,54.5,0,0.0,TC1,n_agents,500,group,3
110,55.0,0,0.0,TC1,n_agents,500,group,3
111,55.5,0,0.0,TC1,n_agents,500,group,3
112,56.0,0,0.0,TC1,n_agents,500,group,3
113,56.5,0,0.0,TC1,n_agents,500,group,3
114,57.0,0,0.0,TC1,n_agents,500,group,3
115,57.5,0,0.0,TC1,n_agents,500,group,3
116,58.0,0,0.0,TC1,n_agents,500,group,3
117,58.5,0,0.0,TC1,n_agents,500,group,3
118,59.0,0,0.0,TC1,n_agents,500,group,3
119,59.5,0,0.0,TC1,n_agents,500,group,3
120,60.0,0,0.0,TC1,n_agents,500,group,3
121,60.5,0,0.0,TC1,n_agents,500,group,3
122,61.0,0,0.0,TC1,n_agents,500,group,3
123,61.5,0,0.0,TC1,n_agents,500,group,3
124,62.0,0,0.0,TC1,n_agents,500,group,3
125,62.5,0,0.0,TC1,n_agents,500,group,3
126,63.0,0,0.0,TC1,n_agents,500,group,3
127,63.5,0,0.0,TC1,n_agents,500,group,3
128,64.0,0,0.0,TC1,n_agents,500,group,3
129,64.5,0,0.0,TC1,n_agents,500,group,3
130,65.0,0,0.0,TC1,n_agents,500,group,3
131,65.5,0,0.0,TC1,n_agents,500,group,3
132,66.0,0,0.0,TC1,n_agents,500,group,3
133,66.5,0,0.0,TC1,n_agents,500,group,3
134,67.0,0,0.0,TC1,n_agents,500,group,3
135,67.5,0,0.0,TC1,n_agents,500,group,3
136,68.0,0,0.0,TC1,n_agents,500,group,3
137,68.5,0,0.0,TC1,n_agents,500,group,3
138,69.0,0,0.0,TC1,n_agents,500,group,3
139,69.5,0,0.0,TC1,n_agents,500,group,3
140,70.0,0,0.0,TC1,n_agents,500,group,3
141,70.5,0,0.0,TC1,n_agents,500,group,3
142,71.0,0,0.0,TC1,n_agents,500,group,3
143,71.5,0,0.0,TC1,n_agents,500,group,3
144,72.0,0,0.0,TC1,n_agents,500,group,3
145,72.5,0,0.0,TC1,n_agents,500,group,3
146,73.0,0,0.0,TC1,n_agents,500,group,3
147,73.5,0,0.0,TC1,n_agents,500,group,3
148,74.0,0,0.0,TC1,n_agents,500,group,3
149,74.5,0,0.0,TC1,n_agents,500,group,3
150,75.0,0,0.0,TC1,n_agents,500,group,3
151,75.5,0,0.0,TC1,n_agents,500,group,3
152,76.0,0,0.0,TC1,n_agents,500,group,3
153,76.5,0,0.0,TC1,n_agents,500,group,3
154,77.0,0,0.0,TC1,n_agents,500,group,3
155,77.5,0,0.0,TC1,n_agents,500,group,3
156,78.0,0,0.0,TC1,n_agents,500,group,3
157,78.5,0,0.0,TC1,n_agents,500,group,3
158,79.0,0,0.0,TC1,n_agents,500,group,3
159,79.5,0,0.0,TC1,n_agents,500,group,3
160,80.0,0,0.0,TC1,n_agents,500,group,3
161,80.5,0,0.0,TC1,n_agents,500,group,3
162,81.0,0,0.0,TC1,n_agents,500,group,3
163,81.5,0,0.0,TC1,n_agents,500,group,3
164,82.0,0,0.0,TC1,n_agents,500,group,3
165,82.5,0,0.0,TC1,n_agents,500,group,3
166,83.0,0,0.0,TC1,n_agents,500,group,3
167,83.5,0,0.0,TC1,n_agents,500,group,3
168,84.0,0,0.0,TC1,n_agents,500,group,3
169,84.5,0,0.0,TC1,n_agents,500,group,3
170,85.0,0,0.0,TC1,n_agents,500,group,3
171,85.5,0,0.0,TC1,n_agents,500,group,3
172,86.0,0,0.0,TC1,n_agents,500,group,3
173,86.5,0,0.0,TC1,n_agents,500,group,3
174,87.0,0,0.0,TC1,n_agents,500,group,3
175,87.5,0,0.0,TC1,n_agents,500,group,3
176,88.0,0,0.0,TC1,n_agents,500,group,3
177,88.5,0,0.0,TC1,n_agents,500,group,3
178,89.0,0,0.0,TC1,n_agents,500,group,3
179,89.5,0,0.0,TC1,n_agents,500,group,3
180,90.0,0,0.0,TC1,n_agents,500,group,3
181,90.5,0,0.0,TC1,n_agents,500,group,3
182,91.0,0,0.0,TC1,n_agents,500,group,3
183,91.5,0,0.0,TC1,n_agents,500,group,3
184,92.0,0,0.0,TC1,n_agents,500,group,3
185,92.5,0,0.0,TC1,n_agents,500,group,3
186,93.0,0,0.0,TC1,n_agents,500,group,3
187,93.5,0,0.0,TC1,n_agents,500,group,3
188,94.0,0,0.0,TC1,n_agents,500,group,3
189,94.5,0,0.0,TC1,n_agents,500,group,3
190,95.0,0,0.0,TC1,n_agents,500,group,3
191,95.5,0,0.0,TC1,n_agents,500,group,3
192,96.0,0,0.0,TC1,n_agents,500,group,3
193,96.5,0,0.0,TC1,n_agents,500,group,3
194,97.0,0,0.0,TC1,n_agents,500,group,3
195,97.5,0,0.0,TC1,n_agents,500,group,3
196,98.0,0,0.0,TC1,n_agents,500,group,3
197,98.5,0,0.0,TC1,n_agents,500,group,3
198,99.0,0,0.0,TC1,n_agents,500,group,3
199,99.5,0,0.0,TC1,n_agents,500,group,3
200,100.0,0,0.0,TC1,n_agents,500,group,3
201,100.5,0,0.0,TC1,n_agents,500,group,3
202,101.0,0,0.0,TC1,n_agents,500,group,3
203,101.5,0,0.0,TC1,n_agents,500,group,3
204,102.0,0,0.0,TC1,n_agents,500,group,3
205,102.5,0,0.0,TC1,n_agents,500,group,3
206,103.0,0,0.0,TC1,n_agents,500,group,3
207,103.5,0,0.0,TC1,n_agents,500,group,3
208,104.0,0,0.0,TC1,n_agents,500,group,3
209,104.5,0,0.0,TC1,n_agents,500,group,3
210,105.0,0,0.0,TC1,n_agents,500,group,3
211,105.5,0,0.0,TC1,n_agents,500,group,3
212,106.0,0,0.0,TC1,n_agents,500,group,3
213,106.5,0,0.0,TC1,n_agents,500,group,3
214,107.0,0,0.0,TC1,n_agents,500,group,3
215,107.5,0,0.0,TC1,n_agents,500,group,3
216,108.0,0,0.0,TC1,n_agents,500,group,3
217,108.5,0,0.0,TC1,n_agents,500,group,3
218,109.0,0,0.0,TC1,n_agents,500,group,3
219,109.5,0,0.0,TC1,n_agents,500,group,3
220,110.0,0,0.0,TC1,n_agents,500,group,3
221,110.5,0,0.0,TC1,n_agents,500,group,3
222,111.0,0,0.0,TC1,n_agents,500,group,3
223,111.5,0,0.0,TC1,n_agents,500,group,3
224,112.0,0,0.0,TC1,n_agents,500,group,3
225,112.5,0,0.0,TC1,n_agents,500,group,3
226,113.0,0,0.0,TC1,n_agents,500,group,3
227,113.5,0,0.0,TC1,n_agents,500,group,3
228,114.0,0,0.0,TC1,n_agents,500,group,3
229,114.5,0,0.0,TC1,n_agents,500,group,3
230,115.0,0,0.0,TC1,n_agents,500,group,3
231,115.5,0,0.0,TC1,n_agents,500,group,3
232,116.0,0,0.0,TC1,n_agents,500,group,3
233,116.5,0,0.0,TC1,n_agents,500,group,3
234,117.0,0,0.0,TC1,n_agents,500,group,3
235,117.5,0,0.0,TC1,n_agents,500,group,3
236,118.0,0,0.0,TC1,n_agents,500,group,3
237,118.5,0,0.0,TC1,n_agents,500,group,3
238,119.0,0,0.0,TC1,n_agents,500,group,3
239,119.5,0,0.0,TC1,n_agents,500,group,3
240,120.0,0,0.0,TC1,n_agents,500,group,3
241,120.5,0,0.0,TC1,n_agents,500,group,3
242,121.0,0,0.0,TC1,n_agents,500,group,3
243,121.5,0,0.0,TC1,n_agents,500,group,3
244,122.0,0,0.0,TC1,n_agents,500,group,3
245,122.5,0,0.0,TC1,n_agents,500,group,3
246,123.0,0,0.0,TC1,n_agents,500,group,3
247,123.5,0,0.0,TC1,n_agents,500,group,3
248,124.0,0,0.0,TC1,n_agents,500,group,3
249,124.5,0,0.0,TC1,n_agents,500,group,3
250,125.0,0,0.0,TC1,n_agents,500,group,3
251,125.5,0,0.0,TC1,n_agents,500,group,3
252,126.0,0,0.0,TC1,n_agents,500,group,3
253,126.5,0,0.0,TC1,n_agents,500,group,3
254,127.0,0,0.0,TC1,n_agents,500,group,3
255,127.5,0,0.0,TC1,n_agents,500,group,3
256,128.0,0,0.0,TC1,n_agents,500,group,3
257,128.5,0,0.0,TC1,n_agents,500,group,3
258,129.0,0,0.0,TC1,n_agents,500,group,3
259,129.5,0,0.0,TC1,n_agents,500,group,3
260,130.0,0,0.0,TC1,n_agents,500,group,3
261,130.5,0,0.0,TC1,n_agents,500,group,3
262,131.0,0,0.0,TC1,n_agents,500,group,3
263,131.5,0,0.0,TC1,n_agents,500,group,3
264,132.0,0,0.0,TC1,n_agents,500,group,3
265,132.5,0,0.0,TC1,n_agents,500,group,3
266,133.0,0,0.0,TC1,n_agents,500,group,3
267,133.5,0,0.0,TC1,n_agents,500,group,3
268,134.0,0,0.0,TC1,n_agents,500,group,3
269,134.5,0,0.0,TC1,n_agents,500,group,3
270,135.0,0,0.0,TC1,n_agents,500,group,3
271,135.5,0,0.0,TC1,n_agents,500,group,3
272,136.0,0,0.0,TC1,n_agents,500,group,3
273,136.5,0,0.0,TC1,n_agents,500,group,3
274,137.0,0,0.0,TC1,n_agents,500,group,3
275,137.5,0,0.0,TC1,n_agents,500,group,3
276,138.0,0,0.0,TC1,n_agents,500,group,3
277,138.5,0,0.0,TC1,n_agents,500,group,3
278,139.0,0,0.0,TC1,n_agents,500,group,3
279,139.5,0,0.0,TC1,n_agents,500,group,3
280,140.0,0,0.0,TC1,n_agents,500,group,3
281,140.5,0,0.0,TC1,n_agents,500,group,3
282,141.0,0,0.0,TC1,n_agents,500,group,3
283,141.5,0,0.0,TC1,n_agents,500,group,3
284,142.0,0,0.0,TC1,n_agents,500,group,3
285,142.5,0,0.0,TC1,n_agents,500,group,3
286,143.0,0,0.0,TC1,n_agents,500,group,3
287,143.5,0,0.0,TC1,n_agents,500,group,3
288,144.0,0,0.0,TC1,n_agents,500,group,3
289,144.5,0,0.0,TC1,n_agents,500,group,3
290,145.0,0,0.0,TC1,n_agents,500,group,3
291,145.5,0,0.0,TC1,n_agents,500,group,3
292,146.0,0,0.0,TC1,n_agents,500,group,3
293,146.5,0,0.0,TC1,n_agents,500,group,3
294,147.0,0,0.0,TC1,n_agents,500,group,3
295,147.5,0,0.0,TC1,n_agents,500,group,3
296,148.0,0,0.0,TC1,n_agents,500,group,3
297,148.5,0,0.0,TC1,n_agents,500,group,3
298,149.0,0,0.0,TC1,n_agents,500,group,3
299,149.5,0,0.0,TC1,n_agents,500,group,3
300,150.0,0,0.0,TC1,n_agents,500,group,3
301,150.5,0,0.0,TC1,n_agents,500,group,3
302,151.0,0,0.0,TC1,n_agents,500,group,3
303,151.5,0,0.0,TC1,n_agents,500,group,3
304,152.0,0,0.0,TC1,n_agents,500,group,3
305,152.5,0,0.0,TC1,n_agents,500,group,3
306,153.0,0,0.0,TC1,n_agents,500,group,3
307,153.5,0,0.0,TC1,n_agents,500,group,3
308,154.0,0,0.0,TC1,n_agents,500,group,3
309,154.5,0,0.0,TC1,n_agents,500,group,3
310,155.0,0,0.0,TC1,n_agents,500,group,3
311,155.5,0,0.0,TC1,n_agents,500,group,3
312,156.0,0,0.0,TC1,n_agents,500,group,3
313,156.5,0,0.0,TC1,n_agents,500,group,3
314,157.0,0,0.0,TC1,n_agents,500,group,3
315,157.5,0,0.0,TC1,n_agents,500,group,3
316,158.0,0,0.0,TC1,n_agents,500,group,3
317,158.5,0,0.0,TC1,n_agents,500,group,3
318,159.0,0,0.0,TC1,n_agents,500,group,3
319,159.5,0,0.0,TC1,n_agents,500,group,3
320,160.0,0,0.0,TC1,n_agents,500,group,3
321,160.5,0,0.0,TC1,n_agents,500,group,3
322,161.0,0,0.0,TC1,n_agents,500,group,3
323,161.5,0,0.0,TC1,n_agents,500,group,3
324,162.0,0,0.0,TC1,n_agents,500,group,3
325,162.5,0,0.0,TC1,n_agents,500,group,3
326,163.0,0,0.0,TC1,n_agents,500,group,3
327,163.5,0,0.0,TC1,n_agents,500,group,3
328,164.0,0,0.0,TC1,n_agents,500,group,3
329,164.5,0,0.0,TC1,n_agents,500,group,3
330,165.0,0,0.0,TC1,n_agents,500,group,3
331,165.5,0,0.0,TC1,n_agents,500,group,3
332,166.0,0,0.0,TC1,n_agents,500,group,3
333,166.5,0,0.0,TC1,n_agents,500,group,3
334,167.0,0,0.0,TC1,n_agents,500,group,3
335,167.5,0,0.0,TC1,n_agents,500,group,3
336,168.0,0,0.0,TC1,n_agents,500,group,3
337,168.5,0,0.0,TC1,n_agents,500,group,3
338,169.0,0,0.0,TC1,n_agents,500,group,3
339,169.5,0,0.0,TC1,n_agents,500,group,3
340,170.0,0,0.0,TC1,n_agents,500,group,3
341,170.5,0,0.0,TC1,n_agents,500,group,3
342,171.0,0,0.0,TC1,n_agents,500,group,3
343,171.5,0,0.0,TC1,n_agents,500,group,3
344,172.0,0,0.0,TC1,n_agents,500,group,3
345,172.5,0,0.0,TC1,n_agents,500,group,3
346,173.0,0,0.0,TC1,n_agents,500,group,3
347,173.5,0,0.0,TC1,n_agents,500,group,3
348,174.0,0,0.0,TC1,n_agents,500,group,3
349,174.5,0,0.0,TC1,n_agents,500,group,3
350,175.0,0,0.0,TC1,n_agents,500,group,3
351,175.5,0,0.0,TC1,n_agents,500,group,3
352,176.0,0,0.0,TC1,n_agents,500,group,3
353,176.5,0,0.0,TC1,n_agents,500,group,3
354,177.0,0,0.0,TC1,n_agents,500,group,3
355,177.5,0,0.0,TC1,n_agents,500,group,3
356,178.0,0,0.0,TC1,n_agents,500,group,3
357,178.5,0,0.0,TC1,n_agents,500,group,3
358,179.0,0,0.0,TC1,n_agents,500,group,3
359,179.5,0,0.0,TC1,n_agents,500,group,3
360,180.0,0,0.0,TC1,n_agents,500,group,3
361,180.5,0,0.0,TC1,n_agents,500,group,3
362,181.0,0,0.0,TC1,n_agents,500,group,3
363,181.5,0,0.0,TC1,n_agents,500,group,3
364,182.0,0,0.0,TC1,n_agents,500,group,3
365,182.5,0,0.0,TC1,n_agents,500,group,3
366,183.0,0,0.0,TC1,n_agents,500,group,3
367,183.5,0,0.0,TC1,n_agents,500,group,3
368,184.0,0,0.0,TC1,n_agents,500,group,3
369,184.5,0,0.0,TC1,n_agents,500,group,3
370,185.0,0,0.0,TC1,n_agents,500,group,3
371,185.5,0,0.0,TC1,n_agents,500,group,3
372,186.0,0,0.0,TC1,n_agents,500,group,3
373,186.5,0,0.0,TC1,n_agents,500,group,3
374,187.0,0,0.0,TC1,n_agents,500,group,3
375,187.5,0,0.0,TC1,n_agents,500,group,3
376,188.0,0,0.0,TC1,n_agents,500,group,3
377,188.5,0,0.0,TC1,n_agents,500,group,3
378,189.0,0,0.0,TC1,n_agents,500,group,3
379,189.5,0,0.0,TC1,n_agents,500,group,3
380,190.0,0,0.0,TC1,n_agents,500,group,3
381,190.5,0,0.0,TC1,n_agents,500,group,3
382,191.0,0,0.0,TC1,n_agents,500,group,3
383,191.5,0,0.0,TC1,n_agents,500,group,3
384,192.0,0,0.0,TC1,n_agents,500,group,3
385,192.5,0,0.0,TC1,n_agents,500,group,3
386,193.0,0,0.0,TC1,n_agents,500,group,3
387,193.5,0,0.0,TC1,n_agents,500,group,3
388,194.0,0,0.0,TC1,n_agents,500,group,3
389,194.5,0,0.0,TC1,n_agents,500,group,3
390,195.0,0,0.0,TC1,n_agents,500,group,3
391,195.5,0,0.0,TC1,n_agents,500,group,3
392,196.0,0,0.0,TC1,n_agents,500,group,3
393,196.5,0,0.0,TC1,n_agents,500,group,3
394,197.0,0,0.0,TC1,n_agents,500,group,3
395,197.5,0,0.0,TC1,n_agents,500,group,3
396,198.0,0,0.0,TC1,n_agents,500,group,3
397,198.5,0,0.0,TC1,n_agents,500,group,3
398,199.0,0,0.0,TC1,n_agents,500,group,3
399,199.5,0,0.0,TC1,n_agents,500,group,3
400,200.0,0,0.0,TC1,n_agents,500,group,3
401,200.5,0,0.0,TC1,n_agents,500,group,3
402,201.0,0,0.0,TC1,n_agents,500,group,3
403,201.5,0,0.0,TC1,n_agents,500,group,3
404,202.0,0,0.0,TC1,n_agents,500,group,3
405,202.5,0,0.0,TC1,n_agents,500,group,3
406,203.0,0,0.0,TC1,n_agents,500,group,3
407,203.5,0,0.0,TC1,n_agents,500,group,3
408,204.0,0,0.0,TC1,n_agents,500,group,3
409,204.5,0,0.0,TC1,n_agents,500,group,3
410,205.0,0,0.0,TC1,n_agents,500,group,3
411,205.5,0,0.0,TC1,n_agents,500,group,3
412,206.0,0,0.0,TC1,n_agents,500,group,3
413,206.5,0,0.0,TC1,n_agents,500,group,3
414,207.0,0,0.0,TC1,n_agents,500,group,3
415,207.5,0,0.0,TC1,n_agents,500,group,3
416,208.0,0,0.0,TC1,n_agents,500,group,3
417,208.5,0,0.0,TC1,n_agents,500,group,3
418,209.0,0,0.0,TC1,n_agents,500,group,3
419,209.5,0,0.0,TC1,n_agents,500,group,3
420,210.0,0,0.0,TC1,n_agents,500,group,3
421,210.5,0,0.0,TC1,n_agents,500,group,3
422,211.0,0,0.0,TC1,n_agents,500,group,3
423,211.5,0,0.0,TC1,n_agents,500,group,3
424,212.0,0,0.0,TC1,n_agents,500,group,3
425,212.5,0,0.0,TC1,n_agents,500,group,3
426,213.0,0,0.0,TC1,n_agents,500,group,3
427,213.5,0,0.0,TC1,n_agents,500,group,3
428,214.0,0,0.0,TC1,n_agents,500,group,3
429,214.5,0,0.0,TC1,n_agents,500,group,3
430,215.0,0,0.0,TC1,n_agents,500,group,3
431,215.5,0,0.0,TC1,n_agents,500,group,3
432,216.0,0,0.0,TC1,n_agents,500,group,3
433,216.5,0,0.0,TC1,n_agents,500,group,3
434,217.0,0,0.0,TC1,n_agents,500,group,3
435,217.5,0,0.0,TC1,n_agents,500,group,3
436,218.0,0,0.0,TC1,n_agents,500,group,3
437,218.5,0,0.0,TC1,n_agents,500,group,3
438,219.0,0,0.0,TC1,n_agents,500,group,3
439,219.5,0,0.0,TC1,n_agents,500,group,3
440,220.0,0,0.0,TC1,n_agents,500,group,3
441,220.5,0,0.0,TC1,n_agents,500,group,3
442,221.0,0,0.0,TC1,n_agents,500,group,3
443,221.5,0,0.0,TC1,n_agents,500,group,3
444,222.0,0,0.0,TC1,n_agents,500,group,3
445,222.5,0,0.0,TC1,n_agents,500,group,3
446,223.0,0,0.0,TC1,n_agents,500,group,3
447,223.5,0,0.0,TC1,n_agents,500,group,3
448,224.0,0,0.0,TC1,n_agents,500,group,3
449,224.5,0,0.0,TC1,n_agents,500,group,3
450,225.0,0,0.0,TC1,n_agents,500,group,3
451,225.5,0,0.0,TC1,n_agents,500,group,3
452,226.0,0,0.0,TC1,n_agents,500,group,3
453,226.5,0,0.0,TC1,n_agents,500,group,3
454,227.0,0,0.0,TC1,n_agents,500,group,3
455,227.5,0,0.0,TC1,n_agents,500,group,3
456,228.0,0,0.0,TC1,n_agents,500,group,3
457,228.5,0,0.0,TC1,n_agents,500,group,3
458,229.0,0,0.0,TC1,n_agents,500,group,3
459,229.5,0,0.0,TC1,n_agents,500,group,3
460,230.0,0,0.0,TC1,n_agents,500,group,3
461,230.5,0,0.0,TC1,n_agents,500,group,3
462,231.0,0,0.0,TC1,n_agents,500,group,3
463,231.5,0,0.0,TC1,n_agents,500,group,3
464,232.0,0,0.0,TC1,n_agents,500,group,3
465,232.5,0,0.0,TC1,n_agents,500,group,3
466,233.0,0,0.0,TC1,n_agents,500,group,3
467,233.5,0,0.0,TC1,n_agents,500,group,3
468,234.0,0,0.0,TC1,n_agents,500,group,3
469,234.5,0,0.0,TC1,n_agents,500,group,3
470,235.0,0,0.0,TC1,n_agents,500,group,3
471,235.5,0,0.0,TC1,n_agents,500,group,3
472,236.0,0,0.0,TC1,n_agents,500,group,3
473,236.5,0,0.0,TC1,n_agents,500,group,3
474,237.0,0,0.0,TC1,n_agents,500,group,3
475,237.5,0,0.0,TC1,n_agents,500,group,3
476,238.0,0,0.0,TC1,n_agents,500,group,3
477,238.5,0,0.0,TC1,n_agents,500,group,3
478,239.0,0,0.0,TC1,n_agents,500,group,3
479,239.5,0,0.0,TC1,n_agents,500,group,3
480,240.0,0,0.0,TC1,n_agents,500,group,3
481,240.5,0,0.0,TC1,n_agents,500,group,3
482,241.0,0,0.0,TC1,n_agents,500,group,3
483,241.5,0,0.0,TC1,n_agents,500,group,3
484,242.0,0,0.0,TC1,n_agents,500,group,3
485,242.5,0,0.0,TC1,n_agents,500,group,3
486,243.0,0,0.0,TC1,n_agents,500,group,3
487,243.5,0,0.0,TC1,n_agents,500,group,3
488,244.0,0,0.0,TC1,n_agents,500,group,3
489,244.5,0,0.0,TC1,n_agents,500,group,3
490,245.0,0,0.0,TC1,n_agents,500,group,3
491,245.5,0,0.0,TC1,n_agents,500,group,3
492,246.0,0,0.0,TC1,n_agents,500,group,3
493,246.5,0,0.0,TC1,n_agents,500,group,3
494,247.0,0,0.0,TC1,n_agents,500,group,3
495,247.5,0,0.0,TC1,n_agents,500,group,3
496,248.0,0,0.0,TC1,n_agents,500,group,3
497,248.5,0,0.0,TC1,n_agents,500,group,3
498,249.0,0,0.0,TC1,n_agents,500,group,3
499,249.5,0,0.0,TC1,n_agents,500,group,3
500,250.0,0,0.0,TC1,n_agents,500,group,3
501,250.5,0,0.0,TC1,n_agents,500,group,3
502,251.0,0,0.0,TC1,n_agents,500,group,3
503,251.5,0,0.0,TC1,n_agents,500,group,3
504,252.0,0,0.0,TC1,n_agents,500,group,3
505,252.5,0,0.0,TC1,n_agents,500,group,3
506,253.0,0,0.0,TC1,n_agents,500,group,3
507,253.5,0,0.0,TC1,n_agents,500,group,3
508,254.0,0,0.0,TC1,n_agents,500,group,3
509,254.5,0,0.0,TC1,n_agents,500,group,3
510,255.0,0,0.0,TC1,n_agents,500,group,3
511,255.5,0,0.0,TC1,n_agents,500,group,3
512,256.0,0,0.0,TC1,n_agents,500,group,3
513,256.5,0,0.0,TC1,n_agents,500,group,3
514,257.0,0,0.0,TC1,n_agents,500,group,3
515,257.5,0,0.0,TC1,n_agents,500,group,3
516,258.0,0,0.0,TC1,n_agents,500,group,3
517,258.5,0,0.0,TC1,n_agents,500,group,3
518,259.0,0,0.0,TC1,n_agents,500,group,3
519,259.5,0,0.0,TC1,n_agents,500,group,3
520,260.0,0,0.0,TC1,n_agents,500,group,3
521,260.5,0,0.0,TC1,n_agents,500,group,3
522,261.0,0,0.0,TC1,n_agents,500,group,3
523,261.5,0,0.0,TC1,n_agents,500,group,3
524,262.0,0,0.0,TC1,n_agents,500,group,3
525,262.5,0,0.0,TC1,n_agents,500,group,3
526,263.0,0,0.0,TC1,n_agents,500,group,3
527,263.5,0,0.0,TC1,n_agents,500,group,3
528,264.0,0,0.0,TC1,n_agents,500,group,3
529,264.5,0,0.0,TC1,n_agents,500,group,3
530,265.0,0,0.0,TC1,n_agents,500,group,3
531,265.5,0,0.0,TC1,n_agents,500,group,3
532,266.0,0,0.0,TC1,n_agents,500,group,3
533,266.5,0,0.0,TC1,n_agents,500,group,3
534,267.0,0,0.0,TC1,n_agents,500,group,3
535,267.5,0,0.0,TC1,n_agents,500,group,3
536,268.0,0,0.0,TC1,n_agents,500,group,3
537,268.5,0,0.0,TC1,n_agents,500,group,3
538,269.0,0,0.0,TC1,n_agents,500,group,3
539,269.5,0,0.0,TC1,n_agents,500,group,3
540,270.0,0,0.0,TC1,n_agents,500,group,3
541,270.5,0,0.0,TC1,n_agents,500,group,3
542,271.0,0,0.0,TC1,n_agents,500,group,3
543,271.5,0,0.0,TC1,n_agents,500,group,3
544,272.0,0,0.0,TC1,n_agents,500,group,3
545,272.5,0,0.0,TC1,n_agents,500,group,3
546,273.0,0,0.0,TC1,n_agents,500,group,3
547,273.5,0,0.0,TC1,n_agents,500,group,3
548,274.0,0,0.0,TC1,n_agents,500,group,3
549,274.5,0,0.0,TC1,n_agents,500,group,3
550,275.0,0,0.0,TC1,n_agents,500,group,3
551,275.5,0,0.0,TC1,n_agents,500,group,3
552,276.0,0,0.0,TC1,n_agents,500,group,3
553,276.5,0,0.0,TC1,n_agents,500,group,3
554,277.0,0,0.0,TC1,n_agents,500,group,3
555,277.5,0,0.0,TC1,n_agents,500,group,3
556,278.0,0,0.0,TC1,n_agents,500,group,3
557,278.5,0,0.0,TC1,n_agents,500,group,3
558,279.0,0,0.0,TC1,n_agents,500,group,3
559,279.5,0,0.0,TC1,n_agents,500,group,3
560,280.0,0,0.0,TC1,n_agents,500,group,3
561,280.5,0,0.0,TC1,n_agents,500,group,3
562,281.0,0,0.0,TC1,n_agents,500,group,3
563,281.5,0,0.0,TC1,n_agents,500,group,3
564,282.0,0,0.0,TC1,n_agents,500,group,3
565,282.5,0,0.0,TC1,n_agents,500,group,3
566,283.0,0,0.0,TC1,n_agents,500,group,3
567,283.5,0,0.0,TC1,n_agents,500,group,3
568,284.0,0,0.0,TC1,n_agents,500,group,3
569,284.5,0,0.0,TC1,n_agents,500,group,3
570,285.0,0,0.0,TC1,n_agents,500,group,3
571,285.5,0,0.0,TC1,n_agents,500,group,3
572,286.0,0,0.0,TC1,n_agents,500,group,3
573,286.5,0,0.0,TC1,n_agents,500,group,3
574,287.0,0,0.0,TC1,n_agents,500,group,3
575,287.5,0,0.0,TC1,n_agents,500,group,3
576,288.0,0,0.0,TC1,n_agents,500,group,3
577,288.5,0,0.0,TC1,n_agents,500,group,3
578,289.0,0,0.0,TC1,n_agents,500,group,3
579,289.5,0,0.0,TC1,n_agents,500,group,3
580,290.0,0,0.0,TC1,n_agents,500,group,3
581,290.5,0,0.0,TC1,n_agents,500,group,3
582,291.0,0,0.0,TC1,n_agents,500,group,3
583,291.5,0,0.0,TC1,n_agents,500,group,3
584,292.0,0,0.0,TC1,n_agents,500,group,3
585,292.5,0,0.0,TC1,n_agents,500,group,3
586,293.0,0,0.0,TC1,n_agents,500,group,3
587,293.5,0,0.0,TC1,n_agents,500,group,3
588,294.0,0,0.0,TC1,n_agents,500,group,3
589,294.5,0,0.0,TC1,n_agents,500,group,3
590,295.0,0,0.0,TC1,n_agents,500,group,3
591,295.5,0,0.0,TC1,n_agents,500,group,3
592,296.0,0,0.0,TC1,n_agents,500,group,3
593,296.5,0,0.0,TC1,n_agents,500,group,3
594,297.0,0,0.0,TC1,n_agents,500,group,3
595,297.5,0,0.0,TC1,n_agents,500,group,3
596,298.0,0,0.0,TC1,n_agents,500,group,3
597,298.5,0,0.0,TC1,n_agents,500,group,3
598,299.0,0,0.0,TC1,n_agents,500,group,3
599,299.5,0,0.0,TC1,n_agents,500,group,3
600,300.0,0,0.0,TC1,n_agents,500,group,3
601,300.5,0,0.0,TC1,n_agents,500,group,3
602,301.0,0,0.0,TC1,n_agents,500,group,3
603,301.5,0,0.0,TC1,n_agents,500,group,3
604,302.0,0,0.0,TC1,n_agents,500,group,3
605,302.5,0,0.0,TC1,n_agents,500,group,3
606,303.0,0,0.0,TC1,n_agents,500,group,3
607,303.5,0,0.0,TC1,n_agents,500,group,3
608,304.0,0,0.0,TC1,n_agents,500,group,3
609,304.5,0,0.0,TC1,n_agents,500,group,3
610,305.0,0,0.0,TC1,n_agents,500,group,3
611,305.5,0,0.0,TC1,n_agents,500,group,3
612,306.0,0,0.0,TC1,n_agents,500,group,3
613,306.5,0,0.0,TC1,n_agents,500,group,3
614,307.0,0,0.0,TC1,n_agents,500,group,3
615,307.5,0,0.0,TC1,n_agents,500,group,3
616,308.0,0,0.0,TC1,n_agents,500,group,3
617,308.5,0,0.0,TC1,n_agents,500,group,3
618,309.0,0,0.0,TC1,n_agents,500,group,3
619,309.5,0,0.0,TC1,n_agents,500,group,3
620,310.0,0,0.0,TC1,n_agents,500,group,3
621,310.5,0,0.0,TC1,n_agents,500,group,3
622,311.0,0,0.0,TC1,n_agents,500,group,3
623,311.5,0,0.0,TC1,n_agents,500,group,3
624,312.0,0,0.0,TC1,n_agents,500,group,3
625,312.5,0,0.0,TC1,n_agents,500,group,3
626,313.0,0,0.0,TC1,n_agents,500,group,3
627,313.5,0,0.0,TC1,n_agents,500,group,3
628,314.0,0,0.0,TC1,n_agents,500,group,3
629,314.5,0,0.0,TC1,n_agents,500,group,3
630,315.0,0,0.0,TC1,n_agents,500,group,3
631,315.5,0,0.0,TC1,n_agents,500,group,3
632,316.0,0,0.0,TC1,n_agents,500,group,3
633,316.5,0,0.0,TC1,n_agents,500,group,3
634,317.0,0,0.0,TC1,n_agents,500,group,3
635,317.5,0,0.0,TC1,n_agents,500,group,3
636,318.0,0,0.0,TC1,n_agents,500,group,3
637,318.5,0,0.0,TC1,n_agents,500,group,3
638,319.0,0,0.0,TC1,n_agents,500,group,3
639,319.5,0,0.0,TC1,n_agents,500,group,3
640,320.0,0,0.0,TC1,n_agents,500,group,3
641,320.5,0,0.0,TC1,n_agents,500,group,3
642,321.0,0,0.0,TC1,n_agents,500,group,3
643,321.5,0,0.0,TC1,n_agents,500,group,3
644,322.0,0,0.0,TC1,n_agents,500,group,3
645,322.5,0,0.0,TC1,n_agents,500,group,3
646,323.0,0,0.0,TC1,n_agents,500,group,3
647,323.5,0,0.0,TC1,n_agents,500,group,3
648,324.0,0,0.0,TC1,n_agents,500,group,3
649,324.5,0,0.0,TC1,n_agents,500,group,3
650,325.0,0,0.0,TC1,n_agents,500,group,3
651,325.5,0,0.0,TC1,n_agents,500,group,3
652,326.0,0,0.0,TC1,n_agents,500,group,3
653,326.5,0,0.0,TC1,n_agents,500,group,3
654,327.0,0,0.0,TC1,n_agents,500,group,3
655,327.5,0,0.0,TC1,n_agents,500,group,3
656,328.0,0,0.0,TC1,n_agents,500,group,3
657,328.5,0,0.0,TC1,n_agents,500,group,3
658,329.0,0,0.0,TC1,n_agents,500,group,3
659,329.5,0,0.0,TC1,n_agents,500,group,3
660,330.0,0,0.0,TC1,n_agents,500,group,3
661,330.5,0,0.0,TC1,n_agents,500,group,3
662,331.0,0,0.0,TC1,n_agents,500,group,3
663,331.5,0,0.0,TC1,n_agents,500,group,3
664,332.0,0,0.0,TC1,n_agents,500,group,3
665,332.5,0,0.0,TC1,n_agents,500,group,3
666,333.0,0,0.0,TC1,n_agents,500,group,3
667,333.5,0,0.0,TC1,n_agents,500,group,3
668,334.0,0,0.0,TC1,n_agents,500,group,3
669,334.5,0,0.0,TC1,n_agents,500,group,3
670,335.0,0,0.0,TC1,n_agents,500,group,3
671,335.5,0,0.0,TC1,n_agents,500,group,3
672,336.0,0,0.0,TC1,n_agents,500,group,3
673,336.5,0,0.0,TC1,n_agents,500,group,3
674,337.0,0,0.0,TC1,n_agents,500,group,3
675,337.5,0,0.0,TC1,n_agents,500,group,3
676,338.0,0,0.0,TC1,n_agents,500,group,3
677,338.5,0,0.0,TC1,n_agents,500,group,3
678,339.0,0,0.0,TC1,n_agents,500,group,3
679,339.5,0,0.0,TC1,n_agents,500,group,3
680,340.0,0,0.0,TC1,n_agents,500,group,3
681,340.5,0,0.0,TC1,n_agents,500,group,3
682,341.0,0,0.0,TC1,n_agents,500,group,3
683,341.5,0,0.0,TC1,n_agents,500,group,3
684,342.0,0,0.0,TC1,n_agents,500,group,3
685,342.5,0,0.0,TC1,n_agents,500,group,3
686,343.0,0,0.0,TC1,n_agents,500,group,3
687,343.5,0,0.0,TC1,n_agents,500,group,3
688,344.0,0,0.0,TC1,n_agents,500,group,3
689,344.5,0,0.0,TC1,n_agents,500,group,3
690,345.0,0,0.0,TC1,n_agents,500,group,3
691,345.5,0,0.0,TC1,n_agents,500,group,3
692,346.0,0,0.0,TC1,n_agents,500,group,3
693,346.5,0,0.0,TC1,n_agents,500,group,3
694,347.0,0,0.0,TC1,n_agents,500,group,3
695,347.5,0,0.0,TC1,n_agents,500,group,3
696,348.0,0,0.0,TC1,n_agents,500,group,3
697,348.5,0,0.0,TC1,n_agents,500,group,3
698,349.0,0,0.0,TC1,n_agents,500,group,3
699,349.5,0,0.0,TC1,n_agents,500,group,3
700,350.0,0,0.0,TC1,n_agents,500,group,3
701,350.5,0,0.0,TC1,n_agents,500,group,3
702,351.0,0,0.0,TC1,n_agents,500,group,3
703,351.5,0,0.0,TC1,n_agents,500,group,3
704,352.0,0,0.0,TC1,n_agents,500,group,3
705,352.5,0,0.0,TC1,n_agents,500,group,3
706,353.0,0,0.0,TC1,n_agents,500,group,3
707,353.5,0,0.0,TC1,n_agents,500,group,3
708,354.0,0,0.0,TC1,n_agents,500,group,3
709,354.5,0,0.0,TC1,n_agents,500,group,3
710,355.0,0,0.0,TC1,n_agents,500,group,3
711,355.5,0,0.0,TC1,n_agents,500,group,3
712,356.0,0,0.0,TC1,n_agents,500,group,3
713,356.5,0,0.0,TC1,n_agents,500,group,3
714,357.0,0,0.0,TC1,n_agents,500,group,3
715,357.5,0,0.0,TC1,n_agents,500,group,3
716,358.0,0,0.0,TC1,n_agents,500,group,3
717,358.5,0,0.0,TC1,n_agents,500,group,3
718,359.0,0,0.0,TC1,n_agents,500,group,3
719,359.5,0,0.0,TC1,n_agents,500,group,3
720,360.0,0,0.0,TC1,n_agents,500,group,3
721,360.5,0,0.0,TC1,n_agents,500,group,3
722,361.0,0,0.0,TC1,n_agents,500,group,3
723,361.5,0,0.0,TC1,n_agents,500,group,3
724,362.0,0,0.0,TC1,n_agents,500,group,3
725,362.5,0,0.0,TC1,n_agents,500,group,3
726,363.0,0,0.0,TC1,n_agents,500,group,3
727,363.5,0,0.0,TC1,n_agents,500,group,3
728,364.0,0,0.0,TC1,n_agents,500,group,3
729,364.5,0,0.0,TC1,n_agents,500,group,3
730,365.0,0,0.0,TC1,n_agents,500,group,3
731,365.5,0,0.0,TC1,n_agents,500,group,3
732,366.0,0,0.0,TC1,n_agents,500,group,3
733,366.5,0,0.0,TC1,n_agents,500,group,3
734,367.0,0,0.0,TC1,n_agents,500,group,3
735,367.5,0,0.0,TC1,n_agents,500,group,3
736,368.0,0,0.0,TC1,n_agents,500,group,3
737,368.5,0,0.0,TC1,n_agents,500,group,3
738,369.0,0,0.0,TC1,n_agents,500,group,3
739,369.5,0,0.0,TC1,n_agents,500,group,3
740,370.0,0,0.0,TC1,n_agents,500,group,3
741,370.5,0,0.0,TC1,n_agents,500,group,3
742,371.0,0,0.0,TC1,n_agents,500,group,3
743,371.5,0,0.0,TC1,n_agents,500,group,3
744,372.0,0,0.0,TC1,n_agents,500,group,3
745,372.5,0,0.0,TC1,n_agents,500,group,3
746,373.0,0,0.0,TC1,n_agents,500,group,3
747,373.5,0,0.0,TC1,n_agents,500,group,3
748,374.0,0,0.0,TC1,n_agents,500,group,3
749,374.5,0,0.0,TC1,n_agents,500,group,3
750,375.0,0,0.0,TC1,n_agents,500,group,3
751,375.5,0,0.0,TC1,n_agents,500,group,3
752,376.0,0,0.0,TC1,n_agents,500,group,3
753,376.5,0,0.0,TC1,n_agents,500,group,3
754,377.0,0,0.0,TC1,n_agents,500,group,3
755,377.5,0,0.0,TC1,n_agents,500,group,3
756,378.0,0,0.0,TC1,n_agents,500,group,3
757,378.5,0,0.0,TC1,n_agents,500,group,3
758,379.0,0,0.0,TC1,n_agents,500,group,3
759,379.5,0,0.0,TC1,n_agents,500,group,3
760,380.0,0,0.0,TC1,n_agents,500,group,3
761,380.5,0,0.0,TC1,n_agents,500,group,3
762,381.0,0,0.0,TC1,n_agents,500,group,3
763,381.5,0,0.0,TC1,n_agents,500,group,3
764,382.0,0,0.0,TC1,n_agents,500,group,3
765,382.5,0,0.0,TC1,n_agents,500,group,3
766,383.0,0,0.0,TC1,n_agents,500,group,3
767,383.5,0,0.0,TC1,n_agents,500,group,3
768,384.0,0,0.0,TC1,n_agents,500,group,3
769,384.5,0,0.0,TC1,n_agents,500,group,3
770,385.0,0,0.0,TC1,n_agents,500,group,3
771,385.5,0,0.0,TC1,n_agents,500,group,3
772,386.0,0,0.0,TC1,n_agents,500,group,3
773,386.5,0,0.0,TC1,n_agents,500,group,3
774,387.0,0,0.0,TC1,n_agents,500,group,3
775,387.5,0,0.0,TC1,n_agents,500,group,3
776,388.0,0,0.0,TC1,n_agents,500,group,3
777,388.5,0,0.0,TC1,n_agents,500,group,3
778,389.0,0,0.0,TC1,n_agents,500,group,3
779,389.5,0,0.0,TC1,n_agents,500,group,3
780,390.0,0,0.0,TC1,n_agents,500,group,3
781,390.5,0,0.0,TC1,n_agents,500,group,3
782,391.0,0,0.0,TC1,n_agents,500,group,3
783,391.5,0,0.0,TC1,n_agents,500,group,3
784,392.0,0,0.0,TC1,n_agents,500,group,3
785,392.5,0,0.0,TC1,n_agents,500,group,3
786,393.0,0,0.0,TC1,n_agents,500,group,3
787,393.5,0,0.0,TC1,n_agents,500,group,3
788,394.0,0,0.0,TC1,n_agents,500,group,3
789,394.5,0,0.0,TC1,n_agents,500,group,3
790,395.0,0,0.0,TC1,n_agents,500,group,3
791,395.5,0,0.0,TC1,n_agents,500,group,3
792,396.0,0,0.0,TC1,n_agents,500,group,3
793,396.5,0,0.0,TC1,n_agents,500,group,3
794,397.0,0,0.0,TC1,n_agents,500,group,3
795,397.5,0,0.0,TC1,n_agents,500,group,3
796,398.0,0,0.0,TC1,n_agents,500,group,3
797,398.5,0,0.0,TC1,n_agents,500,group,3
798,399.0,0,0.0,TC1,n_agents,500,group,3
799,399.5,0,0.0,TC1,n_agents,500,group,3
800,400.0,0,0.0,TC1,n_agents,500,group,3
